"directorio","secuencia_p","orden","sex","age","relab","y_total_m","ocu","totalHoursWorked","p6210","sizeFirm","informal","fex_c"
4514331,1,1,1,36,2,1620833.25,1,45,5,5,0,254.687742271476
4514333,1,1,1,51,1,1378973.375,1,48,6,3,0,194.208921972393
4514334,1,1,1,45,1,883357,1,56,3,2,0,243.45515246432
4514335,1,1,1,61,1,7e+05,1,40,3,4,1,230.177656890553
4514338,1,2,0,35,2,1941500.125,1,48,6,5,0,341.979787849128
4514339,1,1,0,35,1,1083000,1,40,5,5,0,352.079215448786
4514339,1,2,1,39,1,1616333.375,1,44,6,5,0,352.079215448786
4514342,1,2,1,29,4,1e+06,1,40,6,1,1,254.687742271476
4514343,1,1,1,29,1,779000,1,54,5,2,0,429.27183342678
4514344,1,2,0,44,4,3e+05,1,42,4,1,1,205.425424579072
4514348,1,1,0,56,1,820857,1,48,3,5,0,347.558417964202
4514349,1,3,1,23,1,882333.4375,1,40,6,5,0,243.471239664797
4514349,1,2,1,30,1,949806.6875,1,54,5,3,0,243.471239664797
4514350,1,1,0,50,4,6e+05,1,48,6,1,1,254.687742271476
4514350,1,2,1,28,1,949806.6875,1,48,6,5,0,254.687742271476
4514351,1,1,0,54,4,1500000,1,66,4,2,1,241.981809536919
4514352,1,2,1,36,1,3e+05,1,16,5,2,1,258.629844712917
4514353,1,1,0,53,4,60000,1,40,4,1,1,201.182391770539
4514354,1,2,0,33,1,1591500,1,48,6,3,0,200.904627094488
4514354,1,1,1,38,1,795883.6875,1,48,5,5,0,200.904627094488
4514357,1,1,0,51,1,1083333.375,1,45,5,4,0,243.471239664797
4514359,1,1,1,43,1,3633333.25,1,48,6,5,0,144.946604279989
4514360,1,2,1,47,4,1300000,1,70,5,1,0,254.121161167727
4514360,1,1,0,41,2,1659806.625,1,40,5,5,0,254.121161167727
4514361,1,2,0,31,1,826883.6875,1,48,5,4,0,288.196672672141
4514361,1,3,1,36,1,825800.375,1,48,4,4,0,288.196672672141
4514363,2,1,0,50,1,910333.4375,1,48,5,5,0,234.707409371681
4514364,1,2,0,42,3,1087000,1,48,5,1,0,330.763285242449
4514364,1,1,1,45,1,1500000,1,45,3,3,0,330.763285242449
4514364,1,3,1,20,1,786000,1,60,6,5,0,330.763285242449
4514365,1,1,1,49,1,1283140,1,48,5,4,0,263.1506421975
4514366,1,1,0,47,4,2e+05,1,9,5,1,1,337.736755040595
4514367,1,1,1,24,4,850000,1,60,5,1,1,247.124525678539
4514368,1,2,1,27,1,1333140,1,42,6,5,0,254.687742271476
4514369,1,3,0,24,1,3050000,1,40,6,4,0,131.653021505745
4514369,1,1,0,47,1,2283333.25,1,84,6,5,0,131.653021505745
4514369,1,2,1,55,4,1800000,1,48,4,1,0,131.653021505745
4514370,2,2,1,21,1,350000,1,15,6,3,1,234.707409371681
4514371,1,1,1,29,1,820857,1,48,5,2,1,263.1506421975
4514372,1,1,0,63,4,5e+05,1,48,5,1,1,258.352080036866
4514374,1,2,1,35,1,1513140,1,56,3,5,0,250.166944786892
4514374,1,1,0,56,1,882333.4375,1,48,5,5,0,250.166944786892
4514375,1,1,0,53,1,1275000,1,48,5,5,0,201.182391770539
4514375,1,2,0,23,1,1625000,1,48,6,5,0,201.182391770539
4514376,1,1,1,41,1,820857,1,49,5,3,0,242.904658561048
4514377,1,1,0,32,1,820857,1,48,5,5,1,337.736755040595
4514378,1,1,1,62,1,1200000,1,84,3,2,1,234.119759331995
4514379,1,1,1,24,1,1693140,1,48,6,5,0,326.520252433916
4514380,1,2,0,43,2,3150000,1,30,6,5,0,218.961154283874
4514380,1,1,1,55,2,2925000,1,30,6,5,0,218.961154283874
4514381,1,1,0,73,3,737717,1,40,3,1,0,254.386811904384
4514382,1,2,1,51,1,1e+06,1,48,4,2,1,258.629844712917
4514382,1,1,0,76,4,80000,1,30,3,1,1,258.629844712917
4514383,1,3,1,47,4,5e+05,1,60,5,1,1,238.362792140527
4514384,1,3,0,56,4,180000,1,8,5,1,1,207.886713774121
4514384,1,8,0,47,1,882523.6875,1,48,5,5,0,207.886713774121
4514384,1,6,0,29,1,1087140,1,40,5,4,0,207.886713774121
4514387,1,1,1,63,5,6e+06,1,48,5,2,1,267.929620099751
4514387,1,3,0,25,3,741473.3125,1,60,5,1,0,267.929620099751
4514387,2,1,1,32,4,1e+06,1,50,6,1,0,267.929620099751
4514388,1,2,0,24,1,935166.6875,1,48,5,5,0,213.888324505096
4514388,1,1,1,27,1,941166.6875,1,48,5,5,0,213.888324505096
4514390,1,1,1,52,2,8977084,1,45,6,5,0,213.911490196137
4514390,1,2,0,52,2,6018333.5,1,45,6,5,0,213.911490196137
4514390,1,4,1,25,1,1461473.375,1,48,6,5,0,213.911490196137
4514391,1,1,0,53,4,980000,1,48,3,1,1,241.981809536919
4514391,1,2,0,30,1,2166666.75,1,48,6,4,0,241.981809536919
4514395,1,3,0,19,1,916666.6875,1,48,6,5,0,193.642340868644
4514395,1,1,0,37,1,889357,1,48,6,5,0,193.642340868644
4514395,1,4,0,18,1,1008333.3125,1,48,6,3,0,193.642340868644
4514397,1,2,0,39,4,737717,1,20,6,2,1,341.979787849128
4514397,1,1,1,41,1,5416666.5,1,48,6,5,0,341.979787849128
4514398,1,3,0,33,1,650000,1,30,6,3,0,250.166944786892
4514401,1,1,1,59,4,750000,1,30,6,1,1,238.640556816578
4514402,1,2,1,49,4,66666.6640625,1,70,5,1,1,205.425424579072
4514402,1,1,0,53,1,849857,1,48,5,5,0,205.425424579072
4514403,1,1,0,60,3,737717,1,45,3,1,1,180.336644155007
4514404,1,3,1,27,4,120000,1,9,6,1,1,250.166944786892
4514404,1,2,0,43,2,1602000,1,30,6,5,0,250.166944786892
4514404,1,1,0,62,1,780000,1,48,5,3,1,250.166944786892
4514405,1,1,1,47,1,3200000,1,60,5,3,1,254.687742271476
4514406,1,2,1,18,1,3e+05,1,15,6,2,1,228.011704249585
4514406,1,1,0,44,1,7e+05,1,10,6,3,0,228.011704249585
4514409,1,1,0,42,4,8e+05,1,40,5,1,1,207.728564476718
4514409,1,2,1,23,1,8e+05,1,80,5,2,1,207.728564476718
4514410,1,2,1,38,1,3201666.75,1,84,4,5,0,352.079215448786
4514411,1,3,1,22,1,766883.6875,1,48,5,5,0,194.208921972393
4514411,1,4,0,21,1,737717,1,48,5,2,0,194.208921972393
4514411,1,1,1,47,1,766883.6875,1,48,5,4,0,194.208921972393
4514411,1,2,0,50,1,798967.0625,1,48,5,5,0,194.208921972393
4514412,1,1,1,35,1,1541473.375,1,50,6,5,0,204.858843475323
4514412,1,2,0,37,1,889217,1,40,6,5,0,204.858843475323
4514413,1,3,0,24,1,1058300,1,45,6,5,0,134.415579182944
4514413,1,2,0,47,3,320000,1,36,4,1,1,134.415579182944
4514414,1,1,1,43,4,2e+06,1,70,5,1,1,194.208921972393
4514415,1,3,1,19,4,1700000,1,48,5,3,1,228.011704249585
4514415,1,2,1,18,1,1162306.625,1,48,6,4,0,228.011704249585
4514415,1,1,0,46,3,360000,1,40,5,1,1,228.011704249585
4514416,1,2,0,57,1,780000,1,48,5,5,0,210.553591911138
4514416,1,3,1,24,1,6e+05,1,16,5,2,1,210.553591911138
4514416,1,5,0,20,1,737717,1,48,6,4,0,210.553591911138
4514418,1,1,0,57,4,8e+05,1,32,4,1,0,254.386811904384
4514419,1,3,1,42,1,737717,1,50,4,2,1,238.362792140527
4514420,1,2,1,25,1,1274806.625,1,48,5,5,0,258.629844712917
4514421,1,2,0,58,2,2333333.25,1,30,6,5,0,234.119759331995
4514422,1,1,1,46,1,2600000,1,50,5,4,0,243.471239664797
4514423,1,1,1,54,4,5e+05,1,5,4,1,1,209.668457387605
4514423,1,3,1,25,1,950000,1,48,5,5,0,209.668457387605
4514424,1,1,0,31,1,2166666.75,1,48,6,5,0,250.444709462943
4514428,1,2,0,23,1,1599806.625,1,45,6,5,0,262.584061093751
4514428,1,1,1,25,1,903140,1,40,6,3,0,262.584061093751
4514429,1,1,1,26,1,1200000,1,48,5,2,1,352.079215448786
4514430,1,1,1,31,5,4500000,1,48,6,2,0,254.687742271476
4514430,1,2,0,35,1,4441000,1,48,6,5,0,254.687742271476
4514431,1,1,1,52,1,1166473.375,1,48,4,5,0,243.471239664797
4514431,1,2,0,51,1,882333.4375,1,48,4,5,0,243.471239664797
4514433,1,2,0,49,4,3e+05,1,48,5,2,1,230.177656890553
4514433,1,1,1,60,1,1483140,1,54,5,5,0,230.177656890553
4514434,1,1,1,30,1,1304806.625,1,48,5,3,0,258.086429300209
4514434,2,1,1,32,1,9e+05,1,84,4,2,1,258.086429300209
4514434,4,1,1,27,1,1223140,1,48,3,3,0,258.086429300209
4514435,1,1,1,52,4,6e+05,1,70,5,2,1,194.208921972393
4514435,1,2,0,48,4,6e+05,1,70,5,2,1,194.208921972393
4514435,1,3,1,21,1,737717,1,48,6,5,0,194.208921972393
4514436,1,1,1,30,1,1e+06,1,48,6,5,0,263.1506421975
4514438,1,3,1,27,1,3150000,1,45,6,5,0,238.362792140527
4514438,1,1,1,59,1,1166473.375,1,48,3,5,0,238.362792140527
4514438,1,2,0,57,3,1300000,1,40,3,1,0,238.362792140527
4514439,1,2,0,61,4,450000,1,48,3,1,1,296.659572598165
4514439,1,1,1,52,4,8e+05,1,48,3,1,1,296.659572598165
4514440,1,1,1,43,1,8e+05,1,65,5,2,1,194.208921972393
4514442,1,1,1,42,1,1403806.625,1,48,6,5,0,263.1506421975
4514444,1,1,0,50,4,350000,1,28,6,1,1,201.182391770539
4514446,1,2,0,26,1,3e+06,1,60,6,2,1,241.981809536919
4514446,1,1,0,48,5,4e+06,1,60,4,2,1,241.981809536919
4514447,1,1,1,36,4,1250000,1,70,5,2,1,254.687742271476
4514448,1,3,1,22,1,820857,1,48,5,4,0,222.903256725315
4514449,1,5,0,41,1,3250000,1,48,6,5,0,184.880607330631
4514450,1,3,0,44,1,1254000,1,48,5,5,0,285.729451549023
4514450,1,4,1,21,1,1383140,1,48,6,5,0,285.729451549023
4514450,1,5,1,19,2,5e+05,1,48,5,5,0,285.729451549023
4514450,1,8,1,37,4,8e+05,1,60,5,1,1,285.729451549023
4514450,1,7,0,39,1,991333.4375,1,98,6,3,0,285.729451549023
4514451,1,3,1,19,2,3e+05,1,70,5,5,0,234.707409371681
4514452,1,1,1,59,1,7984166.5,1,48,6,2,0,199.281751751171
4514452,1,2,0,53,1,972394.1875,1,48,6,2,0,199.281751751171
4514453,1,2,0,51,2,1.2e+07,1,63,6,5,0,250.166944786892
4514453,1,3,1,50,4,2500000,1,60,6,1,1,250.166944786892
4514454,1,3,1,31,1,2683333.25,1,48,6,2,0,218.683389607824
4514454,1,2,0,56,5,3e+06,1,30,6,3,1,218.683389607824
4514454,1,1,1,58,5,3e+06,1,40,6,3,1,218.683389607824
4514454,1,4,0,28,1,1623333.375,1,36,6,5,0,218.683389607824
4514455,1,2,0,50,4,6e+05,1,40,5,1,1,317.469702468205
4514456,1,3,1,26,1,1300000,1,48,6,4,0,211.987684485728
4514456,1,2,0,46,4,450000,1,40,4,1,1,211.987684485728
4514456,1,1,1,58,4,9e+05,1,48,3,1,1,211.987684485728
4514457,1,2,0,57,2,1550000,1,40,6,5,0,234.119759331995
4514458,1,1,0,49,1,6e+05,1,60,6,2,0,234.707409371681
4514459,1,1,0,58,2,3375000,1,48,6,5,0,238.649511813122
4514460,1,1,0,55,4,4e+05,1,40,4,1,1,236.196839499559
4514460,1,2,1,25,1,883357,1,48,5,4,0,236.196839499559
4514461,1,2,0,29,4,6e+05,1,70,3,1,1,303.383478860131
4514461,1,1,1,36,4,8e+05,1,54,5,1,1,303.383478860131
4514462,1,2,0,51,4,360000,1,45,3,1,1,245.92391197836
4514463,1,1,0,26,1,2654000,1,48,6,5,0,337.736755040595
4514465,1,2,0,57,4,150000,1,66,1,1,1,234.119759331995
4514466,1,1,1,51,1,1500000,1,48,5,2,1,254.687742271476
4514467,1,1,1,45,1,781000,1,70,5,2,0,205.425424579072
4514468,1,1,1,38,1,916666.6875,1,48,5,4,0,194.208921972393
4514469,1,1,1,39,4,1500000,1,72,6,1,0,254.687742271476
4514470,1,1,1,36,2,5287500,1,54,6,5,0,263.1506421975
4514471,1,3,1,20,1,5e+05,1,50,4,2,1,194.208921972393
4514471,1,1,1,47,4,1300000,1,60,3,1,1,194.208921972393
4514471,1,2,0,49,4,3e+05,1,24,4,1,1,194.208921972393
4514472,1,1,0,53,1,1.8e+07,1,56,6,5,0,241.981809536919
4514472,1,2,0,27,4,1500000,1,60,6,1,0,241.981809536919
4514474,1,3,1,22,1,820857,1,72,5,5,0,234.707409371681
4514474,1,2,0,50,4,150000,1,36,4,1,1,234.707409371681
4514475,1,1,1,46,1,820857,1,48,3,2,0,341.979787849128
4514476,1,1,1,42,4,8e+05,1,48,4,1,1,251.934139590821
4514476,1,2,1,18,1,862357,1,54,5,2,0,251.934139590821
4514477,1,2,0,27,1,849857,1,48,5,5,0,412.346033574731
4514477,1,1,0,52,1,1226473.375,1,48,6,5,0,412.346033574731
4514478,1,1,1,64,4,90000,1,40,4,1,1,218.373504244188
4514479,1,1,0,55,3,250000,1,48,5,1,1,254.386811904384
4514480,1,1,1,37,1,1300000,1,48,6,5,0,205.425424579072
4514480,1,2,0,46,4,8e+05,1,48,6,1,0,205.425424579072
4514481,1,1,1,63,1,833333.3125,1,48,3,5,0,238.640556816578
4514483,1,1,0,49,3,6e+05,1,30,3,1,1,239.228206856264
4514483,1,2,1,22,1,850000,1,48,5,3,1,239.228206856264
4514484,1,3,1,44,1,975000,1,48,6,5,0,247.126622433643
4514485,1,3,1,23,1,850023.6875,1,48,5,5,0,232.254737058118
4514485,1,2,1,28,1,7e+05,1,60,3,5,1,232.254737058118
4514488,1,1,1,41,1,820857,1,48,4,4,0,340.862712842107
4514489,1,1,1,45,1,1087140,1,48,5,5,0,194.208921972393
4514489,1,2,0,44,1,1025640,1,45,5,2,0,194.208921972393
4514490,1,1,1,40,1,1266666.625,1,50,6,3,0,341.979787849128
4514490,1,2,0,34,1,1132300,1,45,6,5,0,341.979787849128
4514491,1,1,1,26,1,866690.3125,1,60,5,2,0,388.4724156604
4514491,1,2,0,23,1,941357,1,40,5,5,0,388.4724156604
4514492,1,1,1,44,1,8e+05,1,45,3,3,1,263.1506421975
4514494,1,6,0,20,1,9e+05,1,48,5,2,1,259.067962336687
4514494,1,1,1,44,1,911333.4375,1,48,3,2,0,259.067962336687
4514494,1,7,1,20,1,9e+05,1,50,4,2,1,259.067962336687
4514494,1,5,1,21,1,1316473.375,1,48,5,4,0,259.067962336687
4514496,1,1,1,24,4,2800000,1,40,6,5,0,247.691106782289
4514497,1,2,0,38,1,5e+05,1,28,5,2,1,205.425424579072
4514497,1,1,1,43,1,8e+05,1,40,5,4,1,205.425424579072
4514498,1,1,1,32,1,1e+06,1,48,5,2,0,303.383478860131
4514499,1,1,0,44,4,5e+05,1,38,5,1,1,299.140446051598
4514500,1,1,0,51,3,1095690.25,1,50,3,1,0,239.212119655787
4514500,1,2,0,19,1,160000,1,24,5,2,1,239.212119655787
4514501,1,1,0,38,1,1166473.375,1,60,3,3,0,205.425424579072
4514501,1,2,1,43,1,754383.6875,1,54,3,5,0,205.425424579072
4514502,1,1,1,54,1,920857,1,40,5,5,0,263.1506421975
4514503,1,1,0,67,4,5e+05,1,30,4,1,1,341.678857482036
4514507,1,1,1,21,1,737717,1,48,5,5,0,247.691106782289
4514511,1,1,0,43,3,882333.4375,1,50,5,1,0,288.474437348191
4514512,1,1,0,43,5,1e+06,1,75,6,2,1,192.719491844515
4514512,1,3,0,37,1,3e+05,1,40,3,2,1,192.719491844515
4514512,1,2,0,24,1,240000,1,30,6,2,1,192.719491844515
4514514,1,2,0,43,1,1080857,1,46,5,4,0,254.121161167727
4514514,1,1,1,43,1,1270333.375,1,48,6,5,0,254.121161167727
4514515,1,1,1,33,1,8e+05,1,50,5,3,1,341.413206745379
4514516,1,2,0,32,1,3075000,1,40,6,5,0,245.92391197836
4514518,1,1,1,52,1,1737140,1,48,5,5,0,205.425424579072
4514518,1,3,0,23,1,1166473.375,1,43,6,4,0,205.425424579072
4514519,1,1,1,35,1,859193.4375,1,72,5,5,0,388.4724156604
4514520,1,1,0,23,1,911333.4375,1,48,5,5,0,247.675019581812
4514521,1,3,0,21,1,8e+05,1,72,6,4,1,189.96588916386
4514538,1,2,0,41,1,1441333.5,1,84,6,4,0,330.763285242449
4514538,1,1,1,54,1,882333.4375,1,48,4,3,0,330.763285242449
4514542,1,4,1,23,1,2166666.75,1,48,6,5,0,227.146289533848
4514542,1,3,1,27,4,4600000,1,48,6,5,0,227.146289533848
4514549,1,1,1,57,1,8e+05,1,40,5,2,1,238.640556816578
4514565,1,1,0,35,4,660000,1,60,6,4,0,178.749386557181
4521221,1,1,0,33,1,1e+07,1,32,6,5,0,250.444709462943
4521222,1,2,1,63,3,6e+05,1,40,5,1,1,131.653021505745
4521223,1,1,1,41,1,1.6e+07,1,48,6,5,0,303.383478860131
4521223,1,2,0,38,1,8750000,1,48,6,5,0,303.383478860131
4521225,1,3,1,28,4,3500000,1,40,6,5,0,238.362792140527
4521226,1,2,1,45,4,2163000,1,45,5,5,0,258.629844712917
4521228,1,1,0,49,3,9e+05,1,48,4,1,1,386.43249162925
4521229,1,1,1,54,1,2200000,1,48,6,5,0,254.409977595425
4521229,1,3,1,27,1,1383140,1,50,6,4,0,254.409977595425
4521231,1,1,1,47,1,737717,1,48,3,4,0,156.163106886668
4521231,1,3,0,24,1,1150000,1,48,6,4,0,156.163106886668
4521232,1,2,1,62,1,9e+05,1,48,3,5,0,238.362792140527
4521232,1,3,1,44,1,1120000,1,60,5,4,0,238.362792140527
4521233,1,2,1,42,1,2708333.25,1,48,6,5,0,258.629844712917
4521234,1,1,1,63,1,882333.4375,1,48,3,5,0,225.65685940597
4521234,1,3,0,33,1,1166473.375,1,48,6,4,0,225.65685940597
4521236,1,1,1,34,4,6500000,1,40,6,4,0,429.27183342678
4521237,1,1,0,50,1,804383.6875,1,48,4,4,0,290.677546125573
4521237,1,2,0,30,1,1083333.375,1,48,6,4,0,290.677546125573
4521239,1,1,1,40,1,1207423.625,1,48,5,5,0,254.121161167727
4521239,1,2,0,34,1,671373.3125,1,25,4,2,0,254.121161167727
4521242,1,1,0,46,4,6e+05,1,40,4,1,1,249.878128359194
4521243,1,1,1,23,1,920000,1,48,5,2,1,285.720834667537
4521243,1,2,0,23,1,882333.4375,1,55,6,5,0,285.720834667537
4521245,1,1,0,54,4,3e+05,1,54,4,1,1,241.981809536919
4521245,1,2,0,37,4,4e+05,1,48,5,1,1,241.981809536919
4521246,1,1,1,47,4,9e+05,1,77,3,3,1,281.500967550045
4521246,1,2,0,45,3,2e+05,1,55,4,1,1,281.500967550045
4521246,1,3,0,18,1,5e+05,1,56,4,2,1,281.500967550045
4521246,1,4,1,23,4,1e+06,1,66,4,1,1,281.500967550045
4521247,1,1,1,37,4,1e+06,1,70,4,1,1,341.979787849128
4521248,1,1,1,40,4,7e+06,1,60,6,4,0,333.516887923103
4521248,1,2,0,37,1,9183334,1,51,6,5,0,333.516887923103
4521248,1,4,0,41,1,975000,1,48,5,5,0,333.516887923103
4521250,1,1,0,33,5,1200000,1,60,6,2,1,329.273855114571
4521250,1,2,0,26,1,1462500,1,48,5,4,0,329.273855114571
4521252,1,1,1,29,1,2845666.5,1,48,6,5,0,303.383478860131
4521252,1,2,0,28,1,1279000,1,48,6,3,0,303.383478860131
4521253,1,1,0,52,4,7e+05,1,42,3,1,1,313.249835350714
4521253,1,3,1,30,1,1549806.625,1,42,5,2,1,313.249835350714
4521253,1,4,0,28,4,1100000,1,38,6,5,1,313.249835350714
4521254,1,1,0,36,4,480000,1,30,3,1,1,151.508864186645
4521254,1,5,1,37,4,450000,1,54,1,1,1,151.508864186645
4521255,1,2,0,55,4,536000,1,24,3,1,1,189.100474448123
4521255,1,3,1,28,1,912523.6875,1,48,5,5,0,189.100474448123
4521255,1,4,0,22,1,882523.6875,1,48,5,2,0,189.100474448123
4521256,1,1,1,25,1,1244473.375,1,48,6,5,0,388.4724156604
4521256,1,2,0,23,1,7e+05,1,48,6,2,1,388.4724156604
4521257,1,1,1,59,2,10008333,1,40,6,5,0,160.370521949709
4521257,1,3,1,25,1,1600000,1,48,6,5,0,160.370521949709
4521258,1,2,0,54,2,7786666.5,1,48,6,5,0,230.177656890553
4521259,1,1,1,67,5,1800000,1,60,4,2,1,317.469702468205
4521259,1,2,0,36,1,1653000,1,48,6,5,0,317.469702468205
4521261,1,1,0,48,1,764383.6875,1,48,6,4,0,250.444709462943
4521264,1,1,1,55,4,1300000,1,50,5,2,1,162.725366793324
4521264,1,2,0,50,4,1e+06,1,50,5,2,1,162.725366793324
4521264,1,3,1,28,4,8e+05,1,40,6,5,0,162.725366793324
4521264,1,4,1,24,4,1200000,1,48,6,5,0,162.725366793324
4521264,1,5,1,21,4,1200000,1,45,6,1,1,162.725366793324
4521265,1,1,0,60,1,882523.6875,1,48,4,5,0,242.60582494906
4521266,1,1,1,50,2,4500000,1,70,6,5,0,243.471239664797
4521266,1,2,0,48,1,8e+06,1,56,6,5,0,243.471239664797
4521267,1,1,1,54,1,1300000,1,48,5,5,0,371.546615808351
4521268,1,1,1,39,1,5e+06,1,48,6,5,0,390.675524437783
4521268,1,2,0,36,1,3250000,1,48,6,5,0,390.675524437783
4521269,1,1,1,38,1,3033333.25,1,45,6,5,0,254.687742271476
4521269,1,2,0,32,1,3033333.25,1,40,6,5,0,254.687742271476
4521270,1,1,0,59,1,9e+05,1,48,3,3,1,245.92391197836
4521270,1,2,0,29,4,3e+05,1,10,6,3,1,245.92391197836
4521271,1,2,1,56,1,1050000,1,48,5,5,0,213.852706759605
4521271,1,3,0,61,4,48000,1,24,6,1,0,213.852706759605
4521272,1,1,0,57,1,1600000,1,48,5,5,0,196.661594285956
4521272,1,3,0,23,1,1333140,1,48,6,4,0,196.661594285956
4521274,1,2,1,62,4,4e+05,1,40,6,1,0,225.65685940597
4521275,1,1,0,31,1,857193.4375,1,70,5,4,1,189.949801963383
4521275,2,1,0,21,1,737717,1,70,5,3,1,189.949801963383
4521276,1,3,1,60,4,4e+06,1,72,4,1,1,274.074831318574
4521276,1,4,0,35,1,829217,1,60,6,5,0,274.074831318574
4521277,1,4,1,75,4,2e+06,1,48,6,1,1,209.331909275021
4521278,1,1,1,37,2,3595500,1,45,6,5,0,292.717470156724
4521278,1,2,0,40,1,1700000,1,44,6,4,1,292.717470156724
4521279,1,1,1,35,1,812500,1,65,5,2,1,133.73010167331
4521281,1,1,1,45,1,1200000,1,48,4,4,0,297.113777422412
4521281,1,2,0,45,1,8e+05,1,48,4,5,0,297.113777422412
4521281,1,4,1,19,1,3e+05,1,20,6,4,1,297.113777422412
4521283,1,2,1,49,4,1700000,1,28,6,1,1,209.65390857805
4521283,1,3,0,40,1,820857,1,40,6,3,0,209.65390857805
4521283,1,5,0,37,4,5e+05,1,42,6,1,1,209.65390857805
4521284,1,1,1,47,1,1023140,1,48,5,5,0,418.055330820101
4521284,1,2,0,43,4,1800000,1,48,5,1,0,418.055330820101
4521287,1,1,0,48,1,750000,1,40,4,2,1,232.254737058118
4521288,1,1,0,56,4,9e+05,1,35,4,1,1,328.695160071428
4521288,1,2,0,35,1,2708333.25,1,48,6,5,0,328.695160071428
4521289,1,2,1,38,2,1450000,1,56,5,5,0,258.629844712917
4521291,1,3,1,53,2,3924166.75,1,40,6,5,0,254.109047228334
4521292,1,4,1,56,4,3e+06,1,48,6,1,0,188.787092026581
4521292,1,5,1,56,4,1500000,1,48,5,1,1,188.787092026581
4521292,1,7,0,58,3,737717,1,48,3,1,0,188.787092026581
4521293,1,2,1,66,1,803140,1,48,3,2,0,173.640939032911
4521294,1,1,1,50,1,8e+06,1,55,6,5,0,194.208921972393
4521294,1,2,0,51,2,2925000,1,48,6,5,0,194.208921972393
4521296,1,3,1,20,4,1e+06,1,32,5,1,1,218.961154283874
4521297,1,1,1,62,1,40000,1,18,5,2,1,225.090278302221
4521297,1,2,0,57,3,144000,1,18,4,1,1,225.090278302221
4521297,1,3,0,28,1,440000,1,16,5,2,1,225.090278302221
4521298,1,1,1,54,4,2500000,1,48,4,1,1,382.212624511758
4521298,1,3,0,32,2,3216666.75,1,48,6,5,0,382.212624511758
4521300,1,1,1,26,1,1e+06,1,54,5,2,1,243.471239664797
4521300,1,2,0,36,3,820857,1,45,3,1,0,243.471239664797
4521301,1,1,0,64,4,60000,1,84,3,2,1,189.100474448123
4521301,1,2,1,37,1,820857,1,48,5,4,0,189.100474448123
4521301,1,4,1,58,4,60000,1,30,3,2,1,189.100474448123
4521302,1,1,1,25,1,1e+06,1,50,3,5,1,262.584061093751
4521303,1,2,0,28,1,3e+05,1,15,6,4,1,292.717470156724
4521304,1,1,1,50,4,1200000,1,40,4,1,1,254.687742271476
4521307,1,1,0,55,4,8e+05,1,48,4,1,1,209.367527020513
4521307,1,2,1,27,1,8e+05,1,48,6,4,0,209.367527020513
4521307,1,3,0,19,1,737717,1,48,6,5,1,209.367527020513
4521308,1,2,0,37,1,800217,1,48,5,2,0,328.695160071428
4521309,1,1,1,23,1,1200000,1,48,5,5,0,247.124525678539
4521310,1,2,0,48,1,820857,1,48,4,5,0,169.69883659147
4521311,1,2,0,47,1,882333.4375,1,48,5,5,0,196.661594285956
4521312,1,1,1,33,1,6e+05,1,48,5,3,1,394.918557246316
4521312,1,2,0,33,1,5e+05,1,48,5,3,1,394.918557246316
4521312,1,5,1,47,1,650000,1,48,4,2,1,394.918557246316
4521313,1,1,0,54,3,729000,1,40,3,1,0,239.228206856264
4521314,1,1,1,22,4,9e+05,1,40,5,1,1,334.416571256192
4521315,1,1,1,35,1,1183140,1,48,5,4,0,285.744000358578
4521315,1,3,1,31,1,820857,1,48,4,4,0,285.744000358578
4521316,1,2,1,32,1,1112140,1,48,6,2,0,303.383478860131
4521317,1,2,0,57,4,2500000,1,20,6,1,1,238.362792140527
4521317,1,3,1,30,1,1400000,1,40,6,2,0,238.362792140527
4521319,1,1,1,47,4,350000,1,35,5,1,1,258.629844712917
4521320,1,1,1,45,4,6e+05,1,30,5,1,1,263.1506421975
4521321,1,1,1,52,5,1e+06,1,48,6,2,1,156.163106886668
4521321,1,2,0,41,1,779000,1,48,5,2,1,156.163106886668
4521322,1,1,0,34,1,720000,1,48,4,2,0,249.878128359194
4521323,1,3,1,23,4,4e+05,1,20,6,1,1,231.667087018432
4521324,1,1,1,32,1,820857,1,48,5,2,0,301.180370082748
4521325,1,1,1,32,1,2106473.25,1,72,6,5,0,254.687742271476
4521325,1,2,0,28,1,827523.6875,1,40,6,5,0,254.687742271476
4521326,1,1,1,35,1,1375140,1,48,5,5,0,352.079215448786
4521326,1,2,0,34,3,480000,1,27,3,1,1,352.079215448786
4521327,1,1,1,27,1,882333.4375,1,36,6,5,0,254.687742271476
4521327,1,2,0,30,2,2812500,1,30,6,5,0,254.687742271476
4521328,1,1,1,47,1,2656000,1,50,6,5,0,352.079215448786
4521328,1,2,0,39,4,2e+06,1,40,6,1,1,352.079215448786
4521330,1,1,1,46,4,2e+06,1,48,4,1,1,254.121161167727
4521330,1,2,0,36,4,550000,1,48,5,1,1,254.121161167727
4521331,1,1,0,61,1,3e+05,1,40,3,2,1,186.934521807155
4521331,1,2,1,37,1,737717,1,60,4,2,1,186.934521807155
4521332,1,1,1,36,1,737717,1,56,6,1,1,213.888324505096
4521332,1,2,0,22,3,8e+05,1,36,5,1,1,213.888324505096
4521334,1,2,1,45,1,737717,1,60,5,5,0,258.629844712917
4521335,1,1,1,42,5,3e+06,1,130,3,2,0,349.876106671403
4521335,1,2,0,23,4,350000,1,40,6,1,1,349.876106671403
4521336,1,1,0,33,1,1708140,1,45,5,5,0,229.611075786804
4521336,1,3,1,64,4,8e+05,1,63,3,3,1,229.611075786804
4521337,1,1,1,45,4,2e+06,1,48,5,1,1,194.208921972393
4521337,1,2,0,44,1,793383.6875,1,48,5,4,0,194.208921972393
4521338,1,1,0,33,1,650000,1,24,5,5,0,390.675524437783
4521338,1,2,1,39,4,2e+06,1,24,4,2,1,390.675524437783
4521339,1,1,1,35,4,2e+06,1,74,6,1,1,263.1506421975
4521340,1,1,0,42,1,879857,1,48,5,5,0,254.121161167727
4521340,1,2,1,40,4,8e+05,1,35,6,2,1,254.121161167727
4521342,1,1,1,24,1,962740,1,84,4,5,0,336.053098929825
4521342,1,2,0,27,4,1200000,1,36,3,1,1,336.053098929825
4521343,1,1,0,48,4,8e+05,1,48,3,1,1,129.453804694484
4521343,1,2,0,22,1,1003973.3125,1,48,6,4,0,129.453804694484
4521343,2,3,1,58,4,750000,1,40,5,1,1,129.453804694484
4521343,2,4,1,53,4,7e+05,1,40,5,1,1,129.453804694484
4521343,2,6,1,73,4,50000,1,12,1,1,1,129.453804694484
4521344,1,1,1,37,1,7e+05,1,40,3,2,1,341.979787849128
4521344,1,2,0,36,4,160000,1,25,1,1,1,341.979787849128
4521345,1,1,1,66,4,7e+05,1,36,3,1,1,218.961154283874
4521345,1,2,0,47,3,6e+05,1,56,3,2,1,218.961154283874
4521346,1,1,1,26,1,8e+05,1,63,6,2,1,301.180370082748
4521346,1,2,0,23,3,2e+05,1,45,5,1,1,301.180370082748
4521347,1,1,0,45,4,7e+05,1,50,4,1,1,246.224842345451
4521347,1,2,1,27,4,7e+05,1,50,5,1,1,246.224842345451
4521347,1,3,0,25,1,882333.4375,1,40,6,4,0,246.224842345451
4521348,1,1,1,26,1,8e+05,1,48,5,3,1,202.671821898417
4521351,1,1,1,33,2,1891666.625,1,70,6,5,0,254.687742271476
4521351,1,2,0,30,1,1166473.375,1,48,6,5,0,254.687742271476
4521352,1,1,1,30,2,2688133.25,1,72,5,5,0,254.687742271476
4521353,1,1,0,22,1,9e+05,1,56,4,2,1,300.063295075727
4521353,1,4,1,25,4,9e+05,1,96,4,1,1,300.063295075727
4521353,1,5,1,19,4,9e+05,1,96,4,1,1,300.063295075727
4521357,1,1,1,55,4,3e+05,1,48,3,1,1,238.640556816578
4521358,1,1,1,48,5,9e+05,1,48,5,2,1,341.979787849128
4521358,1,2,0,35,4,9e+05,1,48,5,1,1,341.979787849128
4521361,1,1,1,37,1,1500000,1,56,3,2,1,205.425424579072
4521361,1,2,0,36,1,5e+05,1,54,3,3,1,205.425424579072
4521362,1,1,0,40,4,4e+05,1,22,5,1,1,337.736755040595
4521363,1,1,0,63,1,320000,1,30,6,2,1,258.629844712917
4521363,1,2,1,32,1,9e+05,1,60,6,2,1,258.629844712917
4521364,1,1,1,29,4,3e+05,1,72,6,1,1,390.675524437783
4521367,1,1,1,52,4,1200000,1,72,5,1,1,185.746022046368
4521367,1,2,0,48,3,1400000,1,45,5,1,0,185.746022046368
4521367,1,3,0,30,1,427500,1,8,6,4,0,185.746022046368
4521367,1,5,1,23,4,1300000,1,72,5,1,0,185.746022046368
4521369,1,1,0,32,1,8e+05,1,48,6,2,1,299.140446051598
4521373,1,1,1,54,1,1289806.625,1,48,4,5,0,254.121161167727
4521373,1,2,0,47,1,882523.6875,1,48,4,5,0,254.121161167727
4521374,1,1,1,50,1,1.4e+07,1,55,6,5,0,205.425424579072
4521374,1,2,0,50,1,3e+06,1,70,6,5,0,205.425424579072
4521375,1,1,0,42,1,2650000,1,48,6,5,0,201.182391770539
4521377,1,1,1,40,1,912523.6875,1,48,5,2,0,263.1506421975
4521382,1,1,1,39,1,1100000,1,14,6,5,1,262.584061093751
4521382,1,2,0,24,1,962740,1,48,6,5,0,262.584061093751
4521384,1,1,1,24,1,883357,1,48,5,2,0,266.041432134833
4521390,1,1,0,54,4,480000,1,30,5,1,1,209.668457387605
4521391,1,2,1,24,1,882333.4375,1,48,6,5,0,243.170309297705
4521392,1,1,1,25,1,911333.4375,1,48,5,5,0,262.584061093751
4521392,1,2,0,23,1,560000,1,63,6,2,1,262.584061093751
4521393,1,1,1,60,4,1e+06,1,60,4,1,1,234.119759331995
4521393,1,2,0,56,4,7e+05,1,40,3,1,1,234.119759331995
4521395,1,3,1,40,1,1549806.625,1,40,6,5,0,254.132212919375
4521395,1,4,0,40,1,6500000,1,40,6,5,0,254.132212919375
4521395,1,5,1,51,1,1550000,1,40,6,5,0,254.132212919375
4521396,1,3,1,29,1,2625000,1,48,6,5,0,242.60582494906
4521396,1,4,1,48,1,2275000,1,48,6,5,0,242.60582494906
4521397,1,1,0,35,1,1070666.625,1,48,6,4,0,239.228206856264
4521398,1,2,0,43,1,908190.3125,1,48,5,4,0,131.653021505745
4521398,1,3,0,20,1,845857,1,48,5,2,0,131.653021505745
4521399,1,1,1,30,5,8e+05,1,40,5,2,1,420.808933500756
4521399,1,2,0,30,1,1030000,1,48,5,5,0,420.808933500756
4521399,1,4,0,33,1,40000,1,8,5,2,1,420.808933500756
4521403,1,1,1,34,4,8e+05,1,60,5,1,1,182.992419365714
4521403,1,2,0,35,4,9e+05,1,60,3,1,1,182.992419365714
4521404,1,4,1,41,5,1500000,1,40,5,2,0,313.258790347258
4521404,1,5,0,36,1,3e+05,1,40,5,2,1,313.258790347258
4521404,1,7,0,64,1,8e+05,1,48,5,4,0,313.258790347258
4521407,1,1,0,29,4,1e+05,1,6,3,4,1,242.904658561048
4521407,1,2,1,29,1,1e+06,1,66,1,4,1,242.904658561048
4521407,1,4,1,21,1,1e+06,1,40,3,3,1,242.904658561048
4521408,1,1,1,41,1,1833333.375,1,60,6,5,0,194.208921972393
4521408,1,2,0,40,1,1487306.625,1,50,5,4,0,194.208921972393
4521408,1,3,1,21,1,1228973.375,1,40,6,5,0,194.208921972393
4521408,1,4,0,20,1,820857,1,48,5,4,0,194.208921972393
4521409,1,1,1,49,4,9e+05,1,48,4,5,1,254.687742271476
4521411,1,1,0,43,1,1691666.625,1,48,6,4,0,239.228206856264
4521411,1,2,1,21,1,1166666.625,1,48,5,4,0,239.228206856264
4521412,1,1,1,56,5,4e+06,1,50,6,4,0,184.857441639591
4521413,1,1,1,60,4,3e+06,1,48,6,1,0,313.249835350714
4521413,1,2,0,53,2,14116666,1,48,6,5,0,313.249835350714
4521413,1,3,1,26,1,848383.6875,1,48,5,4,0,313.249835350714
4521413,1,4,0,29,1,1491500,1,48,6,5,0,313.249835350714
4521414,1,1,0,30,4,5e+05,1,34,5,2,1,386.43249162925
4521415,1,1,0,35,4,6e+05,1,24,5,1,1,151.920074078135
4521416,1,1,1,43,5,4e+06,1,45,5,2,1,292.166976253452
4521416,1,2,0,37,1,1224473.375,1,48,6,4,0,292.166976253452
4521417,1,1,1,26,4,2e+06,1,18,6,5,0,254.687742271476
4521417,1,2,0,26,1,2358140,1,40,6,4,0,254.687742271476
4521418,1,1,1,40,4,6e+05,1,50,3,1,1,399.138424363807
4521421,1,1,0,42,1,1058140,1,45,5,4,0,151.920074078135
4521421,1,2,0,24,4,1100000,1,42,6,3,1,151.920074078135
4521422,1,1,1,31,4,2e+05,1,45,5,1,1,303.383478860131
4521422,1,2,0,31,1,907333.4375,1,50,5,5,0,303.383478860131
4521423,1,1,1,25,1,849857,1,70,6,5,0,303.383478860131
4521423,1,2,0,32,5,5e+05,1,45,6,2,1,303.383478860131
4521424,1,1,1,63,1,1083333.375,1,48,4,4,0,227.424054209899
4521425,1,1,0,33,1,1333333.375,1,48,5,2,0,239.228206856264
4521427,1,1,1,58,4,8e+05,1,48,3,1,0,238.362792140527
4521427,1,2,1,38,1,970000,1,60,4,5,0,238.362792140527
4521427,1,3,0,56,3,8e+05,1,48,3,1,0,238.362792140527
4521428,1,1,0,32,4,8e+05,1,40,6,1,1,241.981809536919
4521428,1,2,0,30,2,3250000,1,48,6,5,0,241.981809536919
4521429,1,1,1,27,1,1166473.375,1,65,5,5,0,301.180370082748
4521429,1,2,0,24,4,4e+05,1,68,5,1,1,301.180370082748
4521432,1,1,1,37,4,7e+05,1,56,5,1,1,238.950442180213
4521433,1,1,1,30,4,2e+06,1,70,5,2,1,349.876106671403
4521436,1,1,1,30,4,2300000,1,30,6,1,0,263.1506421975
4521437,1,1,1,57,1,882333.4375,1,54,4,4,0,189.378239124174
4521437,1,2,0,21,1,737717,1,40,6,5,1,189.378239124174
4521438,1,1,1,48,1,2408333.25,1,48,6,3,0,330.763285242449
4521438,1,2,0,40,1,2058333.375,1,48,6,3,0,330.763285242449
4521439,1,1,0,25,1,330000,1,8,6,4,1,250.444709462943
4521449,1,2,1,58,1,8e+05,1,48,3,4,0,172.452439272125
4521449,1,3,0,27,1,983140,1,45,6,4,0,172.452439272125
4521449,1,4,0,23,1,883357,1,66,6,5,0,172.452439272125
4521452,1,1,1,47,4,8e+05,1,50,3,1,1,292.166976253452
4521452,1,3,1,21,1,737717,1,50,5,2,1,292.166976253452
4521453,1,1,0,45,3,820857,1,50,4,1,0,239.228206856264
4521456,1,2,1,36,1,1007806.6875,1,48,6,5,0,169.42107191542
4521456,1,6,1,65,4,210000,1,18,3,2,0,169.42107191542
4521473,1,1,0,55,3,668140,1,68,4,1,0,288.196672672141
4521473,1,2,0,37,1,882333.4375,1,48,5,5,0,288.196672672141
4524061,1,1,1,25,1,1316666.75,1,48,6,5,0,301.180370082748
4524061,1,2,0,24,1,2395666.5,1,48,6,5,0,301.180370082748
4524062,1,1,0,34,1,1028806.6875,1,40,5,4,0,337.736755040595
4524971,1,1,0,55,4,7e+05,1,117,5,1,1,231.953806691026
4524972,1,2,0,47,4,4e+05,1,24,4,1,1,242.904658561048
4524972,1,1,1,54,1,799193.4375,1,48,3,5,0,242.904658561048
4524973,1,3,1,22,4,50000,1,3,5,1,1,292.166976253452
4524973,1,2,0,43,1,240000,1,10,6,3,1,292.166976253452
4524974,1,1,1,59,2,3125000,1,30,6,5,0,366.16543905686
4524975,1,1,1,61,4,4e+05,1,72,3,2,1,234.119759331995
4524976,1,1,1,24,1,1e+06,1,54,5,2,1,383.112307844846
4524978,1,1,0,23,1,800217,1,48,6,2,0,140.703571471456
4524978,1,3,0,49,3,2e+05,1,70,3,1,1,140.703571471456
4524980,1,1,1,55,4,1e+06,1,84,5,2,0,180.915339198149
4524981,1,1,1,50,1,1173616.375,1,48,5,4,0,350.442687775152
4524982,1,2,0,24,4,7e+05,1,48,5,1,1,198.428789089885
4524982,1,1,1,23,1,1003973.3125,1,50,3,4,0,198.428789089885
4524983,1,7,1,72,1,3e+05,1,40,3,2,1,256.713117493072
4524983,1,5,0,19,4,1e+05,1,20,4,1,1,256.713117493072
4524985,1,1,1,46,1,1019000,1,60,4,4,0,263.1506421975
4526751,1,2,1,23,4,5e+05,1,52,5,3,1,239.228206856264
4526753,1,1,1,54,1,1800000,1,48,6,3,0,303.383478860131
4526753,1,2,0,50,2,4116666.75,1,30,6,5,0,303.383478860131
4526754,1,3,0,25,4,8e+05,1,54,6,1,1,320.810955188546
4526754,1,2,0,27,1,1816473.375,1,48,6,5,0,320.810955188546
4526755,1,2,1,55,4,380000,1,48,4,1,1,225.65685940597
4526758,1,2,0,46,3,820140,1,58,3,1,0,254.687742271476
4526758,1,1,1,48,1,1516666.625,1,50,3,5,0,254.687742271476
4526759,1,1,0,51,1,1.3e+07,1,40,6,5,0,230.765306930239
4526759,1,2,0,28,1,9e+05,1,48,6,2,1,230.765306930239
4526760,1,1,1,32,1,882333.4375,1,48,3,1,0,330.763285242449
4526760,1,2,0,43,4,1e+06,1,48,4,1,1,330.763285242449
4526761,1,1,0,50,1,917123.6875,1,48,5,5,0,341.979787849128
4526762,1,1,0,29,1,450000,1,63,4,3,1,386.43249162925
4526763,1,1,1,34,1,911333.4375,1,48,5,5,0,299.163611742639
4526763,2,1,1,29,4,40000,1,2,6,1,1,299.163611742639
4526766,1,1,0,62,2,3575000,1,36,6,5,0,254.386811904384
4526767,1,2,0,46,3,650000,1,20,4,1,1,243.471239664797
4526769,1,2,0,25,1,947523.6875,1,40,6,5,0,347.558417964202
4526769,1,1,1,26,1,880857,1,48,5,5,0,347.558417964202
4526770,1,1,1,53,1,1058140,1,48,5,5,0,296.410009061984
4526772,1,2,0,58,3,758333.3125,1,24,3,1,1,247.413342106238
4526772,1,1,1,42,1,829193.4375,1,48,3,2,0,247.413342106238
4526773,1,1,1,34,2,2925000,1,80,6,5,0,303.383478860131
4526773,1,2,0,25,2,3933333.5,1,70,6,5,0,303.383478860131
4526774,1,2,0,28,4,3e+06,1,48,6,5,0,230.177656890553
4526775,1,1,1,50,4,1500000,1,40,6,1,1,205.425424579072
4526775,1,2,0,52,4,1200000,1,50,6,1,0,205.425424579072
4526776,1,1,0,43,1,5616666.5,1,40,6,4,0,151.920074078135
4526778,1,4,0,28,3,9e+05,1,48,3,1,0,210.49825435785
4526779,1,2,0,54,2,4500000,1,40,6,5,0,234.420689699086
4526779,1,3,1,25,4,3e+06,1,40,6,5,0,234.420689699086
4526780,1,2,0,45,1,3e+06,1,48,6,5,0,245.92391197836
4526781,1,1,1,31,4,2600000,1,48,6,1,0,275.879740623099
4526782,1,1,1,22,1,737717,1,48,5,2,0,198.428789089885
4526783,1,3,1,25,1,1300000,1,50,6,5,0,187.235452174246
4526784,1,2,0,40,4,1e+05,1,21,3,1,1,340.862712842107
4526784,1,1,1,53,1,812717,1,48,5,5,0,340.862712842107
4526785,1,1,1,31,1,1353140,1,48,5,4,0,288.497603039232
4526785,1,3,0,54,1,785000,1,48,5,4,0,288.497603039232
4526785,1,4,1,25,1,1112440,1,48,5,5,0,288.497603039232
4526785,1,5,0,23,1,1166473.375,1,48,6,4,0,288.497603039232
4526786,1,3,1,35,1,976890,1,48,5,5,0,218.683389607824
4526786,1,2,1,58,1,949806.6875,1,48,4,5,0,218.683389607824
4526787,1,2,1,30,1,350000,1,18,5,3,1,258.629844712917
4526788,1,1,1,62,2,6694623.5,1,48,6,5,0,176.394541713566
4526788,1,2,0,54,1,2131000,1,48,6,5,0,176.394541713566
4526788,1,3,0,22,1,1230000,1,48,6,5,0,176.394541713566
4526789,1,1,0,60,4,8e+05,1,60,3,2,1,281.200037182953
4526790,1,1,1,28,1,1546266.625,1,56,6,5,0,303.383478860131
4526790,1,2,0,33,4,1e+06,1,42,5,1,1,303.383478860131
4526791,1,1,1,32,1,800217,1,48,5,5,0,281.500967550045
4526792,1,2,0,26,4,4e+05,1,42,5,1,1,302.816897756382
4526792,1,5,0,19,1,882333.4375,1,48,5,5,0,302.816897756382
4526792,1,1,1,27,1,1224473.375,1,48,5,5,0,302.816897756382
4526793,1,1,0,41,5,3e+06,1,70,6,2,0,299.140446051598
4526794,1,3,1,28,1,1625000,1,40,6,5,0,234.420689699086
4526795,1,2,0,18,1,737717,1,48,6,5,1,151.920074078135
4526795,1,1,0,38,1,754383.6875,1,48,6,5,0,151.920074078135
4526796,1,1,0,54,2,1503806.75,1,48,5,5,0,239.228206856264
4526797,1,1,0,40,1,1200000,1,40,6,5,0,429.27183342678
4526798,1,3,0,24,1,1283140,1,40,6,4,0,210.482167157373
4526798,1,5,0,48,1,882333.4375,1,48,5,2,0,210.482167157373
4526800,1,1,1,42,4,1e+06,1,60,4,1,1,243.471239664797
4526800,1,2,0,35,4,1200000,1,48,4,1,1,243.471239664797
4526801,1,1,1,46,1,1195473.375,1,65,5,4,0,193.642340868644
4526801,1,5,0,21,1,820857,1,48,6,4,0,193.642340868644
4526803,1,2,0,40,1,4e+05,1,40,4,3,1,194.208921972393
4526803,1,1,1,46,1,1e+06,1,48,5,3,0,194.208921972393
4526803,1,3,0,20,1,1100000,1,48,5,5,0,194.208921972393
4526804,1,2,0,46,1,6e+05,1,40,5,1,1,205.425424579072
4526804,1,1,1,46,1,1383140,1,48,4,5,0,205.425424579072
4526805,1,2,0,38,2,1712000,1,48,6,5,0,477.967570015435
4526805,1,1,1,39,4,1e+06,1,40,6,1,0,477.967570015435
4526808,1,1,0,40,1,480000,1,60,4,2,1,263.173807888541
4526808,1,2,1,42,1,250000,1,48,3,2,1,263.173807888541
4526810,1,1,1,25,4,1200000,1,48,4,2,1,301.180370082748
4526811,1,1,1,38,1,7e+05,1,48,5,2,1,206.91485470695
4526812,1,1,1,52,4,1e+06,1,70,3,1,1,238.950442180213
4526812,1,2,0,48,3,787000,1,60,5,1,1,238.950442180213
4526813,1,6,1,35,1,964806.6875,1,48,5,5,0,222.637605988658
4526813,1,5,1,63,4,8e+05,1,24,4,1,1,222.637605988658
4526814,1,3,1,32,4,9e+05,1,40,5,1,1,236.49776986665
4526814,1,4,1,23,1,912500,1,48,5,5,0,236.49776986665
4526815,1,3,1,27,4,9e+05,1,4,6,1,1,258.930775080009
4526816,1,1,1,35,1,1225473.375,1,84,5,5,0,352.079215448786
4526816,1,2,0,38,4,4e+05,1,40,5,1,1,352.079215448786
4526817,1,1,1,22,1,1170306.625,1,48,5,5,0,289.963867476069
4526818,1,1,1,32,2,2100000,1,60,6,5,0,341.979787849128
4526819,1,1,1,63,4,2e+06,1,54,6,1,1,230.177656890553
4526820,1,1,1,33,4,1e+06,1,60,5,1,1,390.675524437783
4526821,1,1,1,47,4,8e+05,1,48,3,1,1,352.079215448786
4526821,1,2,0,34,1,810383.6875,1,48,6,2,0,352.079215448786
4526823,1,1,1,34,1,1049166.625,1,58,5,5,0,352.079215448786
4526825,1,1,1,59,5,1800000,1,48,4,2,1,313.249835350714
4526825,2,2,0,25,1,1053806.75,1,52,6,5,0,313.249835350714
4526825,2,1,1,28,1,750000,1,30,5,2,1,313.249835350714
4526826,1,2,0,50,4,4e+05,1,48,4,1,1,218.961154283874
4526827,1,1,0,59,1,1950000,1,48,6,4,0,298.862681375547
4526827,1,2,1,30,1,2141666.75,1,48,6,5,0,298.862681375547
4526829,1,1,1,46,4,2e+06,1,48,6,1,1,182.992419365714
4526829,1,2,0,36,4,7e+05,1,48,6,1,1,182.992419365714
4526830,1,1,1,24,4,8e+05,1,49,4,1,1,247.691106782289
4526831,1,2,0,37,4,2e+06,1,15,6,1,0,205.425424579072
4526832,1,1,1,32,1,1753973.375,1,60,6,5,0,256.177172399354
4526832,2,1,1,24,4,1800000,1,48,6,4,1,256.177172399354
4526832,3,1,1,37,1,1082333.375,1,48,5,5,0,256.177172399354
4526834,1,1,1,34,1,2491666.75,1,60,6,5,0,263.1506421975
4526835,1,1,0,44,4,4e+05,1,16,6,1,1,228.011704249585
4526836,1,1,0,55,1,949806.6875,1,40,4,5,0,242.60582494906
4526836,1,2,1,36,1,983140,1,40,6,5,0,242.60582494906
4526836,1,4,1,56,1,1800000,1,48,6,3,0,242.60582494906
4526837,1,2,0,43,1,821157,1,48,5,4,0,182.992419365714
4526837,1,1,1,50,1,2001000,1,48,5,5,0,182.992419365714
4526839,1,1,0,52,2,2333333.5,1,48,6,5,0,250.444709462943
4526840,1,2,0,50,1,850000,1,40,4,2,1,180.915339198149
4526840,1,1,1,56,1,1300000,1,48,3,4,0,180.915339198149
4526840,1,3,0,21,1,884000,1,48,6,5,0,180.915339198149
4526841,1,2,0,46,4,8e+05,1,5,6,1,1,232.254737058118
4526841,1,1,1,50,1,6666666.5,1,50,6,4,0,232.254737058118
4526841,1,3,1,23,4,2800000,1,48,6,5,0,232.254737058118
4526842,1,1,1,24,1,820857,1,48,5,5,0,236.474604175609
4526842,1,2,1,22,1,1401473.375,1,46,5,4,0,236.474604175609
4526843,1,1,1,43,4,6e+05,1,50,5,1,1,232.254737058118
4526844,1,1,1,30,4,8e+05,1,40,4,1,1,254.687742271476
4526845,1,2,1,51,4,1500000,1,66,5,1,1,209.668457387605
4526845,1,1,0,50,1,1920640,1,55,5,5,0,209.668457387605
4526845,1,3,1,26,1,1531666.625,1,51,6,2,0,209.668457387605
4526846,1,1,1,59,4,2e+06,1,48,5,2,1,274.653526361716
4526846,1,4,1,31,1,1162973.375,1,48,5,5,0,274.653526361716
4526846,1,3,0,30,1,1625666.625,1,40,6,3,0,274.653526361716
4526848,1,2,0,43,1,3e+05,1,15,5,4,1,193.642340868644
4526848,1,1,1,41,1,1316666.625,1,48,4,5,0,193.642340868644
4526849,1,1,1,49,2,4500000,1,48,6,5,0,263.1506421975
4526850,1,1,1,55,1,7e+06,1,48,6,5,0,218.961154283874
4526851,1,2,0,19,1,4e+05,1,70,5,4,1,201.182391770539
4526852,1,2,0,54,4,8e+05,1,28,3,1,0,221.714756964529
4526852,1,3,0,26,1,1174806.625,1,48,5,5,0,221.714756964529
4526855,1,3,0,25,1,2083333.375,1,40,6,4,0,246.224842345451
4526855,1,2,0,48,1,5e+05,1,12,6,2,1,246.224842345451
4526856,1,4,1,32,4,5e+05,1,40,5,1,1,242.60582494906
4526856,1,3,1,37,1,820857,1,48,4,5,0,242.60582494906
4526856,1,1,1,69,1,1100000,1,50,3,2,1,242.60582494906
4526857,1,1,1,68,3,140000,1,5,3,2,1,242.883589625111
4526857,1,2,1,34,4,80000,1,26,5,1,1,242.883589625111
4526858,1,1,1,53,4,1500000,1,70,3,1,1,341.979787849128
4526859,1,1,1,72,4,2e+05,1,25,5,1,1,218.373504244188
4526859,1,2,1,66,4,350000,1,40,3,1,1,218.373504244188
4526862,1,2,0,33,1,1170666.625,1,48,6,5,0,303.383478860131
4526862,1,1,1,41,4,1500000,1,50,4,1,1,303.383478860131
4526863,1,1,1,26,1,864857,1,48,5,5,0,263.1506421975
4526864,1,1,0,53,1,883357,1,48,4,5,0,250.444709462943
4526865,1,2,0,47,1,8e+05,1,48,4,2,1,258.930775080009
4526865,1,3,1,25,1,8e+05,1,48,5,2,1,258.930775080009
4526865,1,1,1,51,4,8e+05,1,40,5,1,1,258.930775080009
4526867,1,1,0,52,1,883357,1,48,4,5,0,341.413206745379
4526869,1,1,1,24,1,950000,1,55,5,3,1,198.428789089885
4526871,1,3,1,22,1,1e+06,1,48,6,5,0,194.208921972393
4526873,1,2,1,45,4,4e+06,1,40,6,1,0,249.889180110842
4526873,1,4,1,44,1,2166666.75,1,36,6,5,0,249.889180110842
4526873,1,3,0,62,2,16233333,1,40,6,5,0,249.889180110842
4526874,1,2,0,41,1,911333.4375,1,48,6,4,0,330.763285242449
4526874,1,1,1,38,1,1679000,1,48,6,4,0,330.763285242449
4526875,1,3,0,19,9,5e+05,1,12,6,2,1,281.500967550045
4526875,1,1,0,38,1,1056000,1,70,3,2,1,281.500967550045
4526875,1,2,1,39,1,1200000,1,70,3,2,1,281.500967550045
4526876,1,2,0,38,3,804383.6875,1,40,5,1,1,245.92391197836
4526877,1,3,0,53,1,882333.4375,1,48,3,5,0,217.193959479945
4526877,1,4,0,42,2,1e+06,1,48,6,5,0,217.193959479945
4526878,1,2,1,58,4,2e+06,1,40,6,1,1,169.69883659147
4526879,1,1,1,26,1,904190.3125,1,60,4,3,0,263.1506421975
4526880,1,1,0,44,4,3400000,1,80,6,5,0,201.182391770539
4526882,1,2,0,45,1,1300000,1,48,5,5,0,243.471239664797
4526883,1,1,1,74,4,4e+05,1,66,3,1,1,207.466887001145
4526883,1,4,0,36,1,1028973.3125,1,50,3,4,0,207.466887001145
4526883,1,5,1,20,1,4e+05,1,30,5,2,1,207.466887001145
4526883,1,3,1,43,4,4e+05,1,40,4,1,0,207.466887001145
4526884,1,3,1,40,1,882333.4375,1,40,5,3,0,242.60582494906
4526886,1,1,0,59,3,887523.6875,1,48,3,1,1,254.386811904384
4526887,1,2,1,57,1,1166473.375,1,47,3,4,0,272.149487217243
4526887,1,3,0,22,1,820857,1,40,6,5,1,272.149487217243
4526887,1,1,0,55,4,5e+05,1,40,3,1,1,272.149487217243
4526888,2,2,1,29,1,1066666.625,1,72,6,4,0,247.126622433643
4526889,1,2,0,38,1,750000,1,56,1,2,1,243.471239664797
4526889,1,1,1,30,1,1083140,1,48,4,4,0,243.471239664797
4526889,1,3,1,19,1,1083140,1,48,4,3,0,243.471239664797
4526891,1,1,1,29,1,1483140,1,48,5,5,0,303.383478860131
4526891,1,2,0,36,1,2277806.75,1,40,6,5,0,303.383478860131
4526892,1,3,1,54,1,1241666.625,1,48,5,5,0,238.362792140527
4526893,1,1,1,39,1,1200000,1,48,5,3,1,292.166976253452
4526893,1,2,0,37,1,1041140,1,35,6,5,0,292.166976253452
4526894,1,1,0,56,1,1166473.375,1,48,3,3,1,254.386811904384
4526895,1,3,1,24,1,894000.125,1,48,6,5,0,170.286486631156
4526895,1,1,0,47,4,6e+05,1,48,6,1,0,170.286486631156
4526895,1,2,0,26,1,945640,1,50,6,4,0,170.286486631156
4526896,1,1,1,51,1,3e+06,1,52,4,3,0,303.383478860131
4526899,1,1,0,40,1,2010000,1,48,6,5,0,151.920074078135
4526900,1,4,0,27,1,1087140,1,48,6,5,0,325.053987997079
4526900,1,2,0,28,1,1708140,1,48,6,5,0,325.053987997079
4526901,1,1,1,65,4,150000,1,35,3,1,1,238.640556816578
4526902,1,1,1,24,4,9e+05,1,48,6,1,1,236.474604175609
4526902,1,2,1,24,1,1758140,1,62,6,5,0,236.474604175609
4526903,1,1,0,23,1,851190.3125,1,40,6,5,0,213.888324505096
4526903,1,2,1,32,1,1651190.375,1,48,6,5,0,213.888324505096
4526904,1,2,0,23,1,8e+05,1,66,5,2,0,349.876106671403
4526904,1,1,1,29,4,9e+05,1,60,5,1,1,349.876106671403
4526905,1,1,0,32,4,6e+05,1,24,6,1,1,229.333311110754
4526907,1,5,1,21,1,820857,1,48,6,4,0,158.482333984791
4526908,1,1,0,40,1,2700000,1,55,6,5,0,228.011704249585
4526909,1,1,1,42,1,5200000,1,48,6,5,0,330.763285242449
4526910,1,1,1,57,1,737717,1,48,3,5,0,238.640556816578
4526911,1,1,0,75,4,50000,1,5,5,1,0,249.866014419801
4526913,1,2,1,46,1,1149806.625,1,40,6,2,0,209.367527020513
4526913,1,1,0,55,1,7583333.5,1,48,6,5,0,209.367527020513
4526914,1,1,0,50,1,2566666.75,1,40,6,5,0,303.383478860131
4526915,1,1,0,48,3,2e+05,1,50,5,1,1,250.444709462943
4526916,1,2,0,30,2,3476416.75,1,40,6,5,0,254.687742271476
4526916,1,1,1,32,1,2741473.25,1,40,6,5,0,254.687742271476
4526918,1,1,0,31,1,2003666.625,1,48,6,5,0,439.371261026438
4526918,1,2,1,31,1,1703666.625,1,48,6,5,0,439.371261026438
4526919,1,1,1,27,1,3096473.25,1,49,6,4,0,254.687742271476
4526919,1,2,0,25,1,2083140,1,40,6,4,0,254.687742271476
4526920,1,3,0,43,4,5e+05,1,20,6,2,1,371.883353183717
4526920,1,8,1,30,1,1e+06,1,40,5,2,1,371.883353183717
4526921,1,2,0,46,5,2e+06,1,50,6,2,0,254.121161167727
4526922,1,2,0,25,1,864523.6875,1,48,5,5,0,283.403145960336
4526922,1,4,1,23,1,737717,1,40,6,2,1,283.403145960336
4526922,1,1,0,57,1,216000,1,16,5,4,1,283.403145960336
4526923,1,2,1,23,4,1500000,1,10,6,1,1,144.645673912897
4526923,1,1,0,60,4,9e+05,1,40,5,1,1,144.645673912897
4526924,1,1,1,61,2,2683333.5,1,40,6,5,0,252.470084684539
4526926,1,1,1,26,1,950000,1,66,4,5,0,388.4724156604
4526926,1,2,0,24,4,8e+06,1,72,5,1,1,388.4724156604
4526928,1,1,0,59,3,185000,1,8,3,1,1,284.806602524894
4526928,1,3,0,41,1,8e+05,1,45,5,3,0,284.806602524894
4526928,1,6,0,28,1,1529000,1,42,6,5,0,284.806602524894
4526930,1,2,1,31,1,950000,1,48,6,5,0,254.687742271476
4526930,1,1,0,37,2,1634640.125,1,40,5,5,0,254.687742271476
4526931,1,1,0,50,1,1350000,1,48,5,5,0,329.273855114571
4526932,1,1,1,44,1,1166473.375,1,48,5,5,0,251.367558487072
4526932,1,3,0,20,1,737717,1,48,6,5,0,251.367558487072
4526933,1,1,0,54,4,6e+05,1,24,6,1,0,241.981809536919
4526933,1,2,0,40,1,1625000,1,48,6,2,0,241.981809536919
4526935,1,2,0,44,4,2e+06,1,66,6,4,0,171.272894507882
4526935,1,3,0,37,4,737717,1,56,5,1,1,171.272894507882
4526935,1,6,0,27,1,883357,1,48,6,4,0,171.272894507882
4526936,1,1,1,31,1,737717,1,48,5,3,1,254.687742271476
4526937,1,1,1,38,1,737717,1,58,5,2,1,251.934139590821
4526938,1,1,0,33,4,2e+06,1,38,5,1,1,314.737168723488
4526939,1,4,0,32,1,762717,1,48,5,3,0,234.142925023035
4526939,1,5,1,27,1,762717,1,48,4,5,0,234.142925023035
4526939,1,3,1,35,1,762717,1,48,5,5,0,234.142925023035
4526940,1,3,0,25,1,882333.4375,1,48,5,4,0,246.224842345451
4526940,1,1,1,47,1,1058140,1,55,3,5,0,246.224842345451
4526940,1,2,0,45,1,799193.4375,1,48,3,4,0,246.224842345451
4526941,1,3,0,26,1,2249806.75,1,48,6,5,0,246.224842345451
4526941,1,1,1,51,4,2e+06,1,54,5,1,0,246.224842345451
4526941,1,2,0,44,1,2233140,1,48,6,5,0,246.224842345451
4526942,1,1,0,44,3,1200000,1,48,5,1,0,201.182391770539
4526943,1,1,1,38,4,1200000,1,66,3,1,1,330.763285242449
4526944,1,2,0,41,4,5e+05,1,5,6,5,1,243.471239664797
4526945,1,1,1,31,1,1200000,1,48,6,5,0,390.675524437783
4526945,1,2,0,26,1,766883.6875,1,48,6,4,0,390.675524437783
4526946,1,1,1,34,1,1183140,1,48,6,5,0,254.687742271476
4526946,1,2,0,27,1,1053973.375,1,48,6,3,0,254.687742271476
4526948,1,1,1,36,4,4e+06,1,30,4,1,1,390.675524437783
4526950,1,1,1,58,4,5e+05,1,24,3,1,0,225.65685940597
4526950,1,3,0,29,1,833357,1,48,5,5,0,225.65685940597
4526952,1,1,0,26,1,1733333.375,1,48,6,2,0,250.444709462943
4526958,1,2,0,26,1,737717,1,48,5,5,1,250.166944786892
4526958,1,1,0,55,1,882333.4375,1,48,5,5,0,250.166944786892
4526959,1,1,1,52,1,1e+06,1,48,5,3,1,263.1506421975
4530272,1,3,1,33,1,1e+06,1,70,5,5,0,238.362792140527
4532882,1,1,1,25,1,914000,1,56,5,5,0,301.180370082748
4532882,1,2,0,18,1,884000,1,56,5,5,0,301.180370082748
4535581,1,1,1,50,1,1200000,1,48,6,5,0,227.733939573534
4535581,1,2,0,49,1,2708333.25,1,40,6,4,0,227.733939573534
4535582,1,3,0,50,4,8e+06,1,48,6,5,0,225.65685940597
4535584,1,1,1,84,5,6e+06,1,28,6,2,1,238.362792140527
4535584,1,3,1,50,5,4e+06,1,40,6,2,1,238.362792140527
4535586,1,1,0,80,1,5375000,1,25,5,5,0,241.403114493776
4535587,1,1,0,40,2,2208333.5,1,40,6,5,0,243.471239664797
4535587,1,2,1,47,4,2500000,1,40,6,5,0,243.471239664797
4535588,1,1,0,62,4,50000,1,40,4,1,1,281.187585128503
4535588,1,3,0,41,4,3e+06,1,40,6,5,0,281.187585128503
4535589,1,1,0,46,4,2e+06,1,70,3,1,1,205.425424579072
4535589,1,2,1,27,1,1388211,1,48,6,5,0,205.425424579072
4535590,1,2,1,30,1,1083140,1,48,6,3,0,262.87287752145
4535591,1,1,1,45,4,2e+06,1,50,5,1,1,308.330280029091
4535592,1,5,0,55,3,1008333.3125,1,59,3,1,1,386.154726953199
4535593,1,3,0,47,4,1300000,1,20,6,1,0,217.193959479945
4535594,1,1,1,43,5,8e+06,1,45,6,3,0,352.079215448786
4535595,1,1,1,50,1,3950000,1,40,6,5,0,390.675524437783
4535596,1,2,0,46,1,882333.4375,1,48,6,5,0,205.425424579072
4535598,1,1,1,29,4,7e+05,1,66,4,1,1,390.675524437783
4535598,1,2,0,26,1,1425000,1,48,5,3,1,390.675524437783
4535599,1,1,0,28,1,1837500,1,48,5,5,0,318.057352507892
4535601,1,1,1,64,5,6e+05,1,70,3,2,0,230.177656890553
4535602,1,2,0,56,3,550000,1,48,3,1,1,225.65685940597
4535604,1,1,0,73,4,150000,1,44,3,1,1,254.386811904384
4535606,1,1,1,61,1,942333.4375,1,48,3,5,0,185.158372006682
4535607,1,1,0,33,4,6e+05,1,40,6,1,1,249.878128359194
4535609,1,2,0,58,4,4e+05,1,48,3,1,1,301.732402376943
4535609,1,4,0,25,1,7e+05,1,48,5,2,1,301.732402376943
4535610,1,1,1,52,1,8e+05,1,53,3,5,0,144.946604279989
4535610,1,2,0,53,1,1095833.375,1,48,5,5,0,144.946604279989
4535611,1,1,0,51,4,75000,1,10,4,1,1,263.437023755037
4535611,1,3,1,31,4,5e+05,1,72,5,1,1,263.437023755037
4535612,1,1,0,38,2,2250000,1,48,6,5,0,200.904627094488
4535613,1,1,0,50,3,882333.4375,1,48,5,1,0,319.54678263577
4535613,1,2,1,21,1,862523.6875,1,56,5,4,0,319.54678263577
4535613,1,5,1,46,1,1273616.375,1,48,5,5,0,319.54678263577
4535614,1,2,0,48,1,1206473.375,1,48,5,2,0,225.65685940597
4535615,1,1,1,40,1,838383.6875,1,60,5,5,0,144.946604279989
4535616,1,1,1,43,4,6e+05,1,36,6,1,1,323.789815444302
4535616,1,5,1,29,1,882333.4375,1,48,6,5,0,323.789815444302
4535616,1,6,1,19,1,882333.4375,1,48,6,4,0,323.789815444302
4535618,1,1,1,41,1,1049806.625,1,48,5,4,0,243.471239664797
4535618,1,2,0,42,4,1e+06,1,48,5,1,1,243.471239664797
4535619,1,2,0,63,3,799383.6875,1,48,3,1,0,238.362792140527
4535620,1,2,0,35,1,952583.3125,1,48,5,4,0,249.600363683143
4535621,1,1,1,23,1,1141473.375,1,46,4,4,0,194.208921972393
4535621,1,2,0,23,1,940773.6875,1,48,6,5,0,194.208921972393
4535621,1,3,1,48,5,8e+05,1,45,4,2,0,194.208921972393
4535621,1,4,0,52,3,416666.65625,1,40,4,1,0,194.208921972393
4535622,1,1,0,49,3,8e+05,1,48,3,1,1,287.907856244442
4535623,1,1,1,30,1,1625000,1,48,5,5,0,429.27183342678
4535623,1,2,0,27,1,1566666.625,1,40,6,5,0,429.27183342678
4535626,1,1,1,48,1,9e+05,1,105,3,2,1,205.425424579072
4535626,1,2,0,44,1,6e+05,1,83,3,2,1,205.425424579072
4535627,1,1,1,35,1,978806.6875,1,48,5,4,0,254.687742271476
4535628,1,1,1,56,4,1200000,1,48,5,1,1,218.961154283874
4535629,1,1,1,38,4,8e+05,1,48,5,3,1,263.1506421975
4535630,1,1,0,56,1,882333.4375,1,48,4,5,0,254.386811904384
4535631,1,3,0,24,1,882333.4375,1,66,5,3,0,189.949801963383
4535632,1,1,1,39,4,1500000,1,72,3,5,0,232.254737058118
4535632,1,2,0,43,1,880000,1,58,3,2,1,232.254737058118
4535632,1,3,1,18,2,456666.65625,1,84,5,5,0,232.254737058118
4535633,1,1,1,59,5,1e+06,1,40,5,2,0,218.961154283874
4535634,1,1,1,44,1,1596666.625,1,44,3,3,0,243.471239664797
4535634,1,2,0,40,1,783333.3125,1,55,5,2,1,243.471239664797
4535635,1,1,1,37,4,750000,1,80,5,1,1,263.1506421975
4535636,1,1,1,30,1,1275000,1,45,5,4,0,254.687742271476
4535636,1,2,0,25,1,1130833.375,1,40,6,4,0,254.687742271476
4535637,1,1,1,30,1,1400000,1,48,5,5,0,390.675524437783
4535638,1,1,1,26,1,8e+05,1,54,4,2,1,263.1506421975
4535639,1,1,1,29,1,1121666.625,1,60,5,5,0,263.1506421975
4535640,1,1,0,63,4,2e+05,1,60,3,1,0,241.403114493776
4535642,1,1,0,57,4,1200000,1,84,4,1,1,198.151024413834
4535642,1,2,1,24,1,1371544.375,1,40,6,5,0,198.151024413834
4535642,1,3,1,25,1,954877.6875,1,48,5,5,0,198.151024413834
4535642,1,4,0,24,1,750000,1,48,4,2,1,198.151024413834
4535643,1,2,0,43,1,1800000,1,48,6,5,0,280.950473646773
4535644,1,1,1,58,4,2e+06,1,45,4,1,1,214.424269598814
4535645,1,1,1,33,1,1e+06,1,48,4,4,0,390.675524437783
4535645,1,2,0,29,4,7e+05,1,50,5,1,1,390.675524437783
4535646,1,1,0,56,4,5e+05,1,84,4,2,1,213.610559829046
4535646,1,3,1,27,1,4233333,1,55,6,5,0,213.610559829046
4535647,1,1,1,63,4,1500000,1,48,5,2,0,225.65685940597
4535647,1,3,0,29,1,1733333.375,1,48,6,3,0,225.65685940597
4535649,1,1,1,31,1,8e+05,1,48,4,5,0,382.212624511758
4535650,1,3,1,20,1,8e+05,1,48,5,2,0,235.931188762901
4535650,1,4,1,18,1,6e+05,1,40,6,2,1,235.931188762901
4535650,1,6,1,25,1,880000,1,48,4,2,0,235.931188762901
4535651,1,1,1,58,1,1183140,1,48,6,5,0,193.621271932707
4535651,2,1,0,24,1,933140,1,48,6,4,0,193.621271932707
4535651,3,1,1,26,1,1e+06,1,48,6,2,1,193.621271932707
4535653,1,1,1,48,4,3800000,1,76,6,4,0,156.163106886668
4535654,1,1,1,64,4,7e+05,1,50,3,1,1,210.482167157373
4535654,1,4,0,24,4,7e+05,1,30,5,1,1,210.482167157373
4535654,1,5,0,29,1,910690.3125,1,54,5,3,0,210.482167157373
4535655,1,3,1,39,1,2e+06,1,70,6,5,0,242.60582494906
4535656,1,2,1,41,1,4e+07,1,45,6,5,0,303.383478860131
4535657,1,1,0,28,1,911119.6875,1,48,6,4,0,254.687742271476
4535658,1,1,1,37,1,882333.4375,1,72,4,5,0,303.383478860131
4535658,1,2,0,31,3,8e+05,1,48,5,1,0,303.383478860131
4535659,1,3,0,45,4,980000,1,48,6,2,0,317.191937792155
4535659,1,4,1,51,1,966500,1,48,5,4,0,317.191937792155
4535660,1,1,1,56,4,7e+05,1,48,3,1,1,180.915339198149
4535660,1,2,0,42,4,1500000,1,72,4,1,1,180.915339198149
4535661,1,1,1,37,5,1500000,1,60,5,2,1,330.763285242449
4535661,1,2,0,31,5,2e+06,1,60,5,2,1,330.763285242449
4535663,1,1,0,49,2,2101000,1,45,6,5,0,250.444709462943
4535665,1,1,0,26,1,3741666.75,1,48,6,5,0,336.619680033574
4535665,1,2,1,21,1,1016666.6875,1,48,6,5,0,336.619680033574
4535666,1,1,1,43,1,10583333,1,60,6,5,0,267.393675006033
4535666,1,2,1,27,1,2e+06,1,70,6,4,1,267.393675006033
4535667,1,1,0,55,3,240000,1,24,5,1,1,254.386811904384
4535668,1,1,0,38,4,6e+05,1,32,3,1,1,347.836182640253
4535669,1,2,0,64,1,795217,1,40,6,5,0,234.119759331995
4535670,1,2,0,62,1,2e+05,1,48,1,1,1,234.119759331995
4535672,1,1,1,67,4,1500000,1,40,3,1,0,234.119759331995
4535673,1,1,1,62,4,8e+05,1,72,5,1,1,238.640556816578
4535675,1,1,1,52,4,5e+05,1,48,6,1,0,205.425424579072
4535676,1,1,1,42,1,4333333.5,1,45,6,5,0,254.687742271476
4535677,1,1,0,58,4,5e+05,1,28,3,1,1,254.386811904384
4535678,1,1,0,49,4,750000,1,48,4,1,1,250.467875153984
4535678,1,2,1,54,1,799383.6875,1,48,4,5,0,250.467875153984
4535678,1,4,1,27,1,1183333.375,1,48,6,4,0,250.467875153984
4535679,1,1,0,53,5,3e+06,1,77,5,3,1,311.869544477196
4535679,1,2,1,46,4,1500000,1,96,5,1,0,311.869544477196
4535680,1,1,0,33,2,4e+06,1,40,6,5,0,239.228206856264
4535681,1,2,0,20,1,368000,1,56,6,5,1,245.357330874611
4535681,1,3,0,38,3,808333.3125,1,50,6,1,1,245.357330874611
4535682,1,1,0,36,2,1501806.625,1,40,6,5,0,201.182391770539
4535683,1,1,1,36,2,1496166.75,1,48,6,5,0,303.383478860131
4535683,1,2,0,25,1,1562500,1,40,6,5,0,303.383478860131
4535684,1,1,1,40,1,7e+05,1,77,5,2,1,213.888324505096
4535684,1,2,0,24,4,1200000,1,70,6,2,1,213.888324505096
4535685,1,1,1,24,1,1383140,1,84,5,3,0,285.720834667537
4535687,1,1,1,29,4,9e+05,1,60,5,1,1,303.383478860131
4535688,1,1,1,35,1,974806.6875,1,48,5,5,0,303.383478860131
4535688,1,2,0,37,4,1300000,1,40,6,5,0,303.383478860131
4535689,1,1,1,26,1,1503140,1,48,5,5,0,213.888324505096
4535689,1,2,0,19,1,869453,1,48,5,5,1,213.888324505096
4535692,1,1,0,47,1,879857,1,48,5,5,0,205.977456873266
4535692,1,2,0,27,1,820857,1,54,5,2,0,205.977456873266
4535693,1,1,1,77,4,1e+06,1,84,5,1,1,238.640556816578
4535697,1,1,1,38,1,887523.6875,1,48,6,2,0,263.1506421975
4535698,1,2,0,37,1,1840691.375,1,48,6,5,0,303.383478860131
4535699,1,1,1,28,4,1e+05,1,50,5,1,1,213.888324505096
4535699,1,2,0,21,1,983140,1,16,5,5,0,213.888324505096
4535701,1,2,0,56,4,5e+05,1,70,5,1,1,218.382459240732
4535701,1,3,1,23,1,6e+05,1,40,6,2,1,218.382459240732
4535703,1,1,0,22,1,1283140,1,40,6,5,0,213.888324505096
4535704,1,1,1,73,4,2e+05,1,40,3,1,1,238.640556816578
4535705,1,1,0,37,4,1341000,1,48,6,5,0,311.869544477196
4535705,1,3,1,31,1,1200000,1,48,5,5,0,311.869544477196
4535705,1,4,1,40,5,3e+06,1,48,6,2,0,311.869544477196
4535705,1,5,1,39,1,1583140,1,48,6,4,0,311.869544477196
4535706,1,1,1,27,1,1083333.375,1,80,5,2,0,254.121161167727
4535706,1,4,0,53,1,750000,1,36,4,2,1,254.121161167727
4535710,1,1,0,30,4,8e+05,1,48,5,1,1,283.403145960336
4535711,1,1,1,61,1,13250000,1,36,6,3,0,234.119759331995
4535713,1,1,1,67,4,120000,1,30,3,1,1,401.900643925948
4535713,1,3,0,41,1,882333.4375,1,53,5,3,0,401.900643925948
4535713,2,1,1,35,5,1e+06,1,78,4,2,1,401.900643925948
4535713,2,2,0,35,3,2e+06,1,88,5,1,0,401.900643925948
4535713,3,1,1,40,1,1124806.625,1,48,6,5,0,401.900643925948
4535713,3,2,0,31,1,1183140,1,47,6,5,0,401.900643925948
4535714,1,1,0,51,4,4e+05,1,20,5,1,1,209.668457387605
4535714,1,3,0,22,4,1500000,1,40,6,5,0,209.668457387605
4535715,1,1,1,61,4,8e+05,1,30,5,1,1,222.903256725315
4535715,1,2,0,56,4,8e+05,1,28,4,1,1,222.903256725315
4535716,1,2,0,34,5,2e+05,1,40,5,2,1,292.717470156724
4535716,1,4,0,20,4,1e+06,1,54,5,2,1,292.717470156724
4535717,1,1,1,35,1,1200000,1,84,3,2,1,390.675524437783
4535717,1,2,0,32,5,7e+05,1,40,4,2,1,390.675524437783
4535718,1,1,0,55,1,8e+05,1,48,5,2,1,254.386811904384
4535719,1,1,0,59,1,1097500,1,48,6,3,1,238.383861076464
4535719,1,3,1,31,4,9e+05,1,50,5,1,1,238.383861076464
4535719,1,5,0,35,4,430000,1,24,5,1,1,238.383861076464
4535720,1,1,1,51,2,2541666.75,1,30,6,5,0,205.425424579072
4535721,1,4,1,46,4,1e+06,1,60,5,1,1,140.425806795405
4535721,1,5,0,37,1,940000,1,40,6,2,0,140.425806795405
4535722,1,2,0,48,4,8e+05,1,48,5,1,1,233.854108595337
4535723,1,1,1,52,4,5e+05,1,36,4,2,1,390.698690128824
4535723,1,2,0,49,1,912523.6875,1,58,4,5,0,390.698690128824
4535723,1,3,1,26,1,937957,1,48,5,5,0,390.698690128824
4535723,2,1,1,32,1,8e+05,1,84,5,2,0,390.698690128824
4535723,2,2,0,25,4,260000,1,20,5,1,1,390.698690128824
4535725,1,1,1,44,4,1500000,1,54,4,1,1,194.208921972393
4535726,1,1,1,45,1,1183140,1,48,3,5,0,243.471239664797
4535726,1,2,0,46,1,1383140,1,60,6,5,0,243.471239664797
4535726,1,3,1,19,1,7e+05,1,40,6,3,1,243.471239664797
4535728,1,1,1,27,1,937523.6875,1,66,6,5,0,262.584061093751
4535728,1,2,0,23,1,820857,1,48,6,5,0,262.584061093751
4535729,1,1,1,23,1,1100000,1,48,5,4,1,247.124525678539
4535730,1,1,1,43,1,9e+05,1,48,5,4,1,267.393675006033
4535730,1,2,1,33,1,850000,1,48,3,4,0,267.393675006033
4535731,1,1,1,42,1,793383.6875,1,50,3,4,0,455.5184776016
4535732,1,1,1,24,1,1234806.625,1,60,5,5,0,236.458516975133
4535732,1,2,0,20,1,850000,1,60,5,5,1,236.458516975133
4535732,1,4,0,19,3,2e+05,1,50,5,1,1,236.458516975133
4535733,1,1,0,21,3,720000,1,32,5,1,1,209.645291696564
4535734,1,1,0,35,1,1115000,1,56,4,5,0,200.61581066679
4535735,1,1,1,30,1,1383140,1,48,5,2,0,243.45515246432
4535735,1,2,0,44,1,942493.4375,1,48,3,4,0,243.45515246432
4535736,1,1,1,32,1,1800000,1,48,3,4,0,263.1506421975
4535737,1,2,0,31,1,795717,1,48,5,5,0,232.254737058118
4535738,1,1,0,30,1,3116473.25,1,40,6,5,0,250.444709462943
4535739,1,1,1,53,1,930929.4375,1,48,3,5,0,263.1506421975
4535740,1,1,1,32,1,1308666.625,1,60,4,3,0,341.979787849128
4535740,1,2,0,27,1,3e+05,1,66,5,3,1,341.979787849128
4535741,1,1,1,33,1,1159718.375,1,48,5,4,0,303.383478860131
4535741,1,2,0,30,1,1554877.625,1,55,5,5,0,303.383478860131
4535742,1,1,0,20,1,781242,1,56,5,2,1,209.645291696564
4535743,1,1,1,33,1,1540000,1,78,5,3,0,251.934139590821
4535744,1,1,1,33,1,1100000,1,48,5,5,0,263.1506421975
4535746,1,2,0,37,2,1870666.625,1,48,6,5,0,390.675524437783
4535748,1,3,1,29,1,1041666.6875,1,48,6,5,0,238.362792140527
4535751,1,1,1,36,4,2e+06,1,48,4,1,1,263.1506421975
4535752,1,1,1,31,4,4e+05,1,48,4,2,1,341.979787849128
4535752,1,2,0,25,1,791717,1,48,5,5,0,341.979787849128
4535755,1,1,0,42,1,960869.6875,1,48,3,5,0,129.453804694484
4535755,1,2,1,56,4,9e+05,1,45,4,1,1,129.453804694484
4535755,1,4,0,20,1,1124044.375,1,45,6,5,0,129.453804694484
4535756,1,1,0,48,3,843742,1,45,3,1,0,269.717883839617
4535756,1,7,1,22,1,869453,1,48,4,5,0,269.717883839617
4535757,1,1,0,37,5,1.9e+07,1,30,6,2,1,250.444709462943
4535758,1,1,1,59,5,9e+06,1,50,6,3,0,238.640556816578
4535759,1,1,1,21,1,915140,1,36,6,5,1,239.228206856264
4535759,1,2,0,25,1,2200000,1,65,6,5,0,239.228206856264
4535760,1,1,1,65,4,450000,1,60,3,1,1,218.373504244188
4535760,1,2,1,72,4,350000,1,60,3,1,1,218.373504244188
4535762,1,3,1,46,4,2e+05,1,40,3,1,1,267.115910329982
4535764,1,1,0,34,1,4666667,1,48,6,5,0,245.92391197836
4535765,1,1,1,34,1,8e+05,1,84,3,2,1,213.888324505096
4535765,1,2,0,18,1,2e+05,1,36,4,2,1,213.888324505096
4535766,1,1,1,28,1,1388000,1,48,6,5,0,263.1506421975
4535767,1,1,1,61,4,3e+06,1,40,5,1,1,321.434970600688
4535767,1,2,0,60,4,80000,1,10,4,1,1,321.434970600688
4535767,1,4,0,36,1,4145833.25,1,48,6,5,0,321.434970600688
4535767,1,5,1,35,1,4083333.25,1,48,6,5,0,321.434970600688
4535768,1,1,1,61,1,791050.375,1,48,3,5,0,238.640556816578
4535769,1,1,0,19,1,81000,1,27,3,2,1,258.341028285218
4535770,1,2,1,20,4,9e+05,1,3,6,1,1,243.170309297705
4535771,1,1,0,22,1,3750000,1,48,6,5,0,201.182391770539
4535772,1,1,1,22,1,888211,1,48,6,2,1,285.720834667537
4535773,1,1,1,48,4,1500000,1,72,6,1,0,263.1506421975
4535774,1,1,1,31,1,1713211,1,40,5,4,0,263.1506421975
4535775,1,1,1,57,5,8e+05,1,50,6,2,0,218.961154283874
4535775,1,2,0,29,1,4008333.25,1,48,6,5,0,218.961154283874
4535776,1,2,0,52,3,120000,1,10,1,1,1,230.177656890553
4535777,1,3,1,21,1,931953,1,48,5,5,0,144.946604279989
4535777,1,4,0,20,1,897786.3125,1,48,5,5,0,144.946604279989
4535779,1,1,0,39,1,7e+05,1,48,5,2,1,189.96588916386
4535780,1,1,0,33,4,6e+05,1,48,5,1,1,228.011704249585
4535781,1,1,1,40,1,650000,1,48,3,2,1,379.459021831104
4535781,1,3,1,19,4,450000,1,48,3,1,1,379.459021831104
4535782,1,1,0,28,1,975619.6875,1,50,5,4,0,299.140446051598
4535784,1,1,1,55,1,781242,1,48,4,5,0,169.69883659147
4535784,1,2,0,54,3,165833.328125,1,12,4,1,1,169.69883659147
4535784,1,3,1,24,1,781242,1,48,6,5,1,169.69883659147
4535785,1,1,1,36,4,5e+05,1,60,5,1,0,254.121161167727
4535785,1,2,0,34,1,1138044.375,1,40,5,3,0,254.121161167727
4535788,1,1,0,24,4,4e+05,1,35,3,1,1,296.937337274216
4535796,1,3,1,26,1,901953,1,48,5,4,0,363.684565603427
4535796,1,4,0,23,1,930929.4375,1,48,6,5,0,363.684565603427
4535798,1,1,0,30,2,7666666.5,1,40,6,5,0,250.444709462943
4535799,1,1,0,23,1,1866666.625,1,45,6,5,0,209.645291696564
4535800,1,1,1,67,5,5e+06,1,48,6,3,0,238.362792140527
4535800,1,3,1,29,1,3450000,1,48,6,4,0,238.362792140527
4535801,1,1,0,53,1,1061476.375,1,40,6,4,0,217.193959479945
4535802,1,5,0,54,4,1500000,1,50,6,5,0,189.365787069723
4535803,1,1,0,42,1,6229166.5,1,60,6,4,0,209.910604318164
4535804,1,1,0,53,1,950929.4375,1,48,5,5,0,239.228206856264
4537847,1,2,1,26,4,2e+05,1,36,6,1,1,258.352080036866
4538216,1,1,0,45,1,990929.4375,1,48,5,2,0,174.396928781583
4538218,1,1,1,32,4,8e+05,1,60,5,1,0,267.651849375328
4538218,1,2,0,28,4,150000,1,48,5,1,1,267.651849375328
4538221,1,1,0,62,4,2e+05,1,21,3,1,1,261.560485061444
4538221,1,2,1,59,4,150000,1,45,1,1,1,261.560485061444
4540511,1,2,1,25,4,2e+05,1,32,6,1,1,286.466497517315
4540511,1,3,1,31,4,4e+05,1,30,6,1,1,286.466497517315
4540511,1,4,0,43,4,806000,1,48,5,5,1,286.466497517315
4540513,1,1,1,41,1,1228166.625,1,48,3,4,0,258.698108245163
4540513,1,2,0,26,1,9e+05,1,48,4,2,1,258.698108245163
4540514,1,1,1,66,4,6e+05,1,42,3,2,1,271.134545331276
4540514,1,3,1,29,1,2708333.25,1,40,6,5,0,271.134545331276
4540515,1,1,1,31,1,3250000,1,45,6,5,0,242.396357552795
4540517,1,1,0,41,1,1766666.625,1,28,6,5,0,259.447568904764
4540517,1,2,1,38,1,1800000,1,60,6,5,0,259.447568904764
4540518,1,3,1,28,4,4e+05,1,24,6,2,1,291.16661650656
4540520,1,1,1,22,1,1269333.375,1,54,5,5,0,195.439327659352
4540520,1,2,0,21,4,220000,1,48,4,1,1,195.439327659352
4540521,1,2,0,32,4,6e+05,1,58,5,1,1,322.685728718843
4540522,1,1,1,40,4,8e+05,1,55,4,2,0,262.800248480445
4540523,1,1,0,42,4,1500000,1,56,5,2,1,193.274437390901
4540525,1,1,1,26,1,906953,1,48,5,4,0,259.447568904764
4540527,1,2,1,77,1,7e+05,1,55,3,2,0,254.369952878637
4540528,1,1,0,32,4,2160000,1,40,6,5,0,267.651849375328
4540528,1,2,1,30,4,1100000,1,42,5,5,0,267.651849375328
4540529,1,2,0,53,3,894453,1,48,4,1,0,280.28559635773
4540529,1,3,1,26,1,899453,1,48,6,5,0,280.28559635773
4540530,1,1,1,42,1,936119.6875,1,96,5,5,0,234.63040572986
4540530,1,2,0,43,1,931953,1,48,3,3,0,234.63040572986
4540530,1,3,0,20,1,709877.6875,1,24,5,5,0,234.63040572986
4540531,1,1,0,52,2,3150833.25,1,48,6,5,0,243.870993602015
4540532,1,1,0,37,1,2087333.375,1,40,6,2,0,222.193740801088
4540532,1,2,1,18,1,4e+05,1,24,6,3,1,222.193740801088
4540533,1,1,1,49,1,2e+06,1,48,3,4,0,215.752897120541
4540534,1,1,1,24,1,869453,1,48,3,5,1,196.938248978554
4540534,1,2,0,20,1,869453,1,48,5,5,1,196.938248978554
4540535,1,1,1,44,1,2426666.75,1,60,6,2,0,267.651849375328
4540536,1,1,0,41,3,951476.4375,1,48,5,1,0,215.00343646094
4540536,1,2,1,49,1,2335000,1,48,5,3,0,215.00343646094
4540537,1,1,1,36,1,983877.6875,1,40,5,5,0,281.926028634404
4540538,1,1,1,50,1,8e+05,1,48,3,4,0,190.935733945637
4540538,1,2,0,46,1,900718.4375,1,48,5,5,0,190.935733945637
4540538,1,3,0,23,1,850000,1,48,6,4,0,190.935733945637
4540539,1,1,0,36,1,3558333.5,1,40,6,5,0,302.267595947334
4540539,1,2,1,33,4,1e+06,1,84,5,1,1,302.267595947334
4540540,1,1,0,26,1,1140000,1,40,5,2,0,236.969109175124
4540541,1,1,1,27,1,927453,1,48,4,5,0,268.496552103549
4540542,1,1,1,61,4,5e+05,1,48,4,1,1,261.560485061444
4540543,1,1,0,67,3,320000,1,40,5,1,1,261.560485061444
4540543,2,1,1,58,1,2166666.75,1,40,6,5,0,261.560485061444
4540544,1,1,1,28,1,1079929.375,1,40,5,5,0,258.698108245163
4540544,1,2,0,26,1,822377.6875,1,35,5,5,0,258.698108245163
4540545,1,1,1,43,4,8e+05,1,56,5,1,1,236.795295998311
4540545,1,2,0,24,1,360000,1,55,5,4,1,236.795295998311
4540547,1,1,1,28,4,480000,1,30,3,1,1,238.294217317513
4540547,1,2,0,21,4,480000,1,30,5,2,1,238.294217317513
4540548,1,1,1,40,1,4833333.5,1,45,6,4,0,263.111380492417
4540550,1,1,0,41,1,2187933.25,1,45,6,5,0,222.193740801088
4540550,1,2,1,19,1,988211,1,48,6,4,0,222.193740801088
4540552,1,2,1,29,1,898453,1,77,4,5,0,202.065582417207
4540552,1,3,1,22,1,869453,1,48,5,3,0,202.065582417207
4540552,1,4,1,21,1,933333.3125,1,48,5,5,0,202.065582417207
4540553,1,1,0,41,1,1e+06,1,48,5,3,0,211.402485340619
4540554,1,1,1,41,4,4e+05,1,50,6,1,1,234.596951145935
4540555,1,1,0,35,1,916416.6875,1,48,5,5,0,212.15194600022
4540556,1,1,1,33,4,1200000,1,66,3,1,1,263.549709140046
4540557,1,2,0,47,1,1046711,1,48,5,4,0,196.875388511223
4540557,1,3,0,22,1,930929.4375,1,48,6,5,0,196.875388511223
4540559,1,1,1,44,4,1300000,1,40,5,2,1,239.820599635845
4540561,1,1,0,41,3,6e+05,1,32,3,1,1,193.274437390901
4540563,1,1,0,32,4,9e+05,1,54,3,1,1,165.870299226093
4540563,1,5,0,19,1,4e+05,1,66,4,2,1,165.870299226093
4540564,1,2,1,45,4,3e+06,1,48,6,3,0,236.906248707793
4540564,1,3,0,38,4,6e+05,1,48,5,1,1,236.906248707793
4540566,1,2,1,50,1,1418211,1,48,5,5,0,272.351968364572
4540567,1,1,1,29,1,1224544.375,1,60,5,5,0,310.995012936304
4540567,2,1,1,32,1,1158877.625,1,48,6,5,0,310.995012936304
4540567,3,1,1,56,4,1200000,1,60,5,1,1,310.995012936304
4540567,3,2,0,61,4,150000,1,30,4,1,1,310.995012936304
4540567,3,3,1,23,2,973627.6875,1,40,6,5,0,310.995012936304
4540567,3,4,1,53,1,1017377.6875,1,48,6,5,0,310.995012936304
4540568,1,1,1,54,4,5e+05,1,58,4,4,1,234.63040572986
4540568,1,2,0,51,1,930929.4375,1,48,5,5,0,234.63040572986
4540570,1,1,1,58,1,850023.6875,1,48,5,5,0,289.403332701424
4540570,1,3,1,28,1,854190.3125,1,48,6,5,0,289.403332701424
4540570,1,4,1,27,2,2133333.25,1,60,6,5,0,289.403332701424
4540570,1,5,1,25,1,937500,1,48,6,5,0,289.403332701424
4540570,1,6,1,21,1,850023.6875,1,48,5,5,0,289.403332701424
4540571,1,1,1,35,4,2e+06,1,72,5,1,1,239.071138976244
4540571,1,2,0,34,1,973403,1,48,5,5,0,239.071138976244
4540572,1,2,0,22,1,1066666.625,1,72,5,4,0,228.384739765728
4540572,1,6,0,27,1,1181953,1,48,6,4,0,228.384739765728
4540573,1,1,1,32,1,1388211,1,48,4,3,1,267.651849375328
4540573,1,2,0,28,1,6e+05,1,56,5,2,1,267.651849375328
4540574,1,1,1,21,1,1131953,1,60,5,5,0,178.060740369236
4540574,1,3,1,23,1,931953,1,66,4,5,0,178.060740369236
4540576,1,4,0,25,4,9e+05,1,40,6,1,0,226.114765404664
4540577,1,1,1,38,1,1820000,1,54,3,2,1,242.834686200424
4540577,1,2,0,33,4,6e+05,1,31,4,1,1,242.834686200424
4540578,1,1,1,31,1,996666.625,1,72,5,4,0,242.396357552795
4540579,1,1,1,54,4,8e+05,1,40,3,1,1,259.447568904764
4540579,1,2,0,48,4,6e+05,1,40,3,1,1,259.447568904764
4540580,1,1,1,30,2,1850333.375,1,40,6,5,0,272.351968364572
4540580,1,2,0,60,4,3e+05,1,30,4,1,1,272.351968364572
4540581,1,1,1,58,1,1518011,1,48,5,4,0,223.838922426732
4540582,1,2,0,60,4,250000,1,60,4,1,1,265.161436181766
4540583,1,1,1,28,1,869453,1,60,5,4,0,262.050787820844
4540583,1,2,0,25,1,2e+05,1,40,5,2,1,262.050787820844
4540584,1,1,1,57,1,781242,1,60,3,5,0,233.131256567998
4540586,1,1,1,33,4,1200000,1,50,4,1,1,226.871528519158
4540587,1,1,1,37,3,1260000,1,45,5,2,0,262.800248480445
4540588,1,1,1,53,1,1246294.375,1,48,3,4,0,236.156788048192
4540588,1,3,0,27,1,960829.4375,1,36,6,5,0,236.156788048192
4540588,1,4,1,23,1,1253111,1,48,5,4,0,236.156788048192
4540589,1,1,1,28,1,8e+05,1,48,3,3,1,242.396357552795
4540589,1,2,0,22,1,869453,1,48,5,4,0,242.396357552795
4540590,1,1,1,36,4,3e+05,1,12,5,1,1,267.213520727699
4540591,1,1,1,52,4,1500000,1,8,6,3,0,238.231356850182
4540591,1,2,0,52,1,4316666.5,1,40,6,5,0,238.231356850182
4540591,1,3,1,25,1,1880000,1,48,6,5,0,238.231356850182
4540591,1,4,1,23,1,2e+06,1,48,6,5,1,238.231356850182
4540592,1,1,0,49,1,3e+05,1,40,4,2,1,193.274437390901
4540592,1,2,1,18,1,781242,1,40,6,4,1,193.274437390901
4540595,1,1,1,53,1,2915000,1,40,6,5,0,230.217133482606
4540595,1,3,0,25,1,1491666.625,1,40,6,5,0,230.217133482606
4540595,1,5,0,23,1,824000,1,40,6,5,0,230.217133482606
4540596,1,1,1,54,4,1500000,1,98,3,1,1,222.717642014764
4540596,1,2,0,55,4,1e+06,1,72,4,1,1,222.717642014764
4540596,1,3,0,20,1,930929.4375,1,48,6,5,0,222.717642014764
4540598,1,1,1,64,4,6e+05,1,80,4,1,0,305.456811849151
4540598,1,3,1,30,1,2066666.75,1,48,6,5,0,305.456811849151
4540598,1,5,1,41,1,1121586.375,1,48,4,5,0,305.456811849151
4540601,1,1,1,60,5,5e+05,1,55,5,2,1,242.682976452125
4540602,1,1,0,34,2,3033333.25,1,40,6,5,0,246.209697047279
4540603,1,1,0,30,1,4116666.75,1,48,6,5,0,259.447568904764
4540603,1,2,1,32,4,4e+06,1,30,6,5,0,259.447568904764
4540604,1,3,0,29,2,1200000,1,48,6,5,0,254.232861886138
4540605,1,2,1,32,4,650000,1,60,5,1,1,272.351968364572
4540606,1,1,0,49,1,1300000,1,40,6,5,0,227.439873547053
4540606,1,2,1,52,4,8e+05,1,48,4,1,1,227.439873547053
4540607,1,2,1,25,1,930929.4375,1,48,6,4,0,258.698108245163
4540609,1,2,0,38,2,4166666.75,1,42,6,5,0,258.698108245163
4540610,1,1,0,48,1,1500000,1,48,6,4,0,212.15194600022
4540611,1,1,0,54,1,931953,1,48,3,5,0,233.880945070259
4540611,1,2,1,32,4,6e+05,1,40,3,1,1,233.880945070259
4540612,1,4,0,25,4,1200000,1,48,6,5,0,249.819589638884
4540613,1,3,1,26,4,8e+05,1,60,5,1,1,293.27953266324
4540615,1,2,0,36,1,2166666.75,1,48,6,5,0,246.209697047279
4540616,1,1,0,48,1,1080286.375,1,48,5,5,0,259.447568904764
4540617,1,1,1,47,4,2e+06,1,30,6,1,1,239.820599635845
4540619,1,1,1,28,4,7e+05,1,42,6,2,1,262.800248480445
4540620,1,1,1,28,1,1569000,1,72,5,5,0,242.396357552795
4540621,1,1,1,52,1,930286.3125,1,48,4,5,0,263.111380492417
4540622,1,1,0,50,1,955929.4375,1,48,5,5,0,199.214091956487
4540625,1,1,0,56,4,1e+05,1,24,3,1,1,249.873508634932
4540626,1,1,0,26,1,869453,1,40,6,4,0,236.969109175124
4540627,1,1,1,45,1,1183333.375,1,48,6,5,0,263.111380492417
4540630,1,2,0,37,1,1149687.375,1,40,6,4,0,229.778576992317
4540631,1,1,1,57,4,2e+05,1,7,4,1,1,252.319897189289
4540632,1,1,0,31,1,989476.4375,1,60,5,3,0,258.698108245163
4540632,1,2,1,30,1,1350552.375,1,48,5,3,0,258.698108245163
4540633,1,1,1,61,4,250000,1,20,3,1,1,252.319897189289
4540634,1,1,1,72,1,2e+05,1,32,3,2,1,214.202001689568
4540634,1,3,0,44,1,869442,1,48,5,3,1,214.202001689568
4540634,1,4,1,21,1,781242,1,40,5,5,1,214.202001689568
4540635,1,1,0,71,5,1540000,1,49,3,2,1,254.369952878637
4540635,1,3,1,72,5,1340000,1,56,3,2,1,254.369952878637
4540638,1,1,0,66,4,150000,1,91,3,1,1,272.351968364572
4540638,1,2,1,35,2,1700000,1,30,6,5,0,272.351968364572
4540639,1,1,1,66,4,8e+05,1,40,6,1,1,252.319897189289
4540640,1,2,1,26,1,949687.4375,1,48,5,2,0,274.798356918929
4540641,1,1,0,44,4,6e+05,1,45,5,1,1,236.219648515523
4540642,1,1,1,59,4,1e+06,1,35,4,1,1,248.656085601636
4540643,1,1,1,59,1,930929.4375,1,48,4,3,0,248.656085601636
4540643,1,2,0,47,1,869453,1,40,5,2,1,248.656085601636
4540645,1,1,1,27,1,1191666.625,1,72,5,5,0,233.880945070259
4540645,1,2,0,23,1,9e+05,1,57,4,2,1,233.880945070259
4540645,1,4,0,28,1,892333.3125,1,40,6,5,0,233.880945070259
4540647,1,1,1,70,1,833333.3125,1,48,3,4,1,227.502734014385
4540647,1,2,0,23,1,1250000,1,48,6,4,0,227.502734014385
4540648,1,1,1,28,1,1925666.625,1,48,6,5,0,285.278708210085
4540648,1,5,1,26,1,1363211,1,48,5,5,0,285.278708210085
4540650,1,1,1,32,1,1363333.375,1,70,5,5,0,238.732545965142
4540650,1,2,0,38,1,1211544.375,1,48,5,5,0,238.732545965142
4540651,1,1,1,31,1,1500000,1,48,3,4,0,233.880945070259
4540651,1,2,0,36,4,50000,1,10,3,1,1,233.880945070259
4540654,1,1,0,34,1,959953,1,76,5,4,0,238.732545965142
4540654,1,2,1,31,4,8e+05,1,72,5,1,1,238.732545965142
4540655,1,1,1,60,1,1390000,1,48,3,5,0,240.096001462221
4540656,1,3,1,34,2,4283333.5,1,40,6,5,0,284.038944791084
4540657,1,1,1,51,5,1400000,1,48,5,2,1,229.467672823005
4540657,1,2,0,47,4,640000,1,32,3,1,1,229.467672823005
4540657,1,4,0,25,1,1200000,1,48,5,5,0,229.467672823005
4540658,1,1,1,37,1,1e+06,1,105,5,2,1,242.085225540823
4540659,1,4,0,30,1,1083333.375,1,48,5,5,0,240.471469642519
4540659,1,9,0,27,1,930929.4375,1,48,5,5,0,240.471469642519
4540661,1,2,0,37,1,1733333.375,1,40,6,5,0,246.209697047279
4540662,1,1,1,58,5,1500000,1,36,6,2,1,228.666238051633
4540662,1,3,0,36,1,3162877.75,1,53,6,5,0,228.666238051633
4540663,1,1,1,29,1,660000,1,48,5,2,1,219.105576696222
4540663,1,2,0,28,3,1100989.375,1,48,6,1,0,219.105576696222
4540663,1,5,0,22,9,160000,1,16,5,2,1,219.105576696222
4540664,1,1,1,53,4,4e+05,1,30,4,1,1,263.111380492417
4540665,1,1,1,33,4,7e+05,1,50,4,1,1,259.447568904764
4540665,1,2,0,26,1,869453,1,48,5,5,0,259.447568904764
4540666,1,1,1,40,1,848333.3125,1,48,5,5,0,233.131484410658
4540666,1,2,0,32,3,460000,1,40,5,1,1,233.131484410658
4540667,1,1,0,47,4,7e+05,1,48,3,1,1,212.15194600022
4540668,1,1,1,43,1,1128083.375,1,60,4,5,0,272.351968364572
4540669,1,1,0,61,4,9e+05,1,35,3,1,1,259.22178161618
4540669,1,3,1,26,1,913211,1,48,6,5,0,259.22178161618
4540670,1,1,1,44,4,4e+05,1,20,3,1,1,239.820599635845
4540670,1,2,0,36,1,8e+05,1,50,5,3,1,239.820599635845
4540671,1,2,1,21,1,923211,1,48,6,5,0,222.193740801088
4540673,1,2,0,50,3,933333.3125,1,18,4,1,1,244.672200530728
4540674,1,1,1,38,1,1192211,1,48,4,5,0,234.63040572986
4540674,1,2,0,41,4,150000,1,8,3,1,1,234.63040572986
4540675,1,1,0,35,4,781000,1,48,4,1,1,187.334782825316
4540676,1,1,1,26,1,949806.6875,1,48,5,5,0,263.111380492417
4540677,1,1,1,51,4,7e+05,1,40,5,1,1,292.863544401315
4540678,1,1,1,45,1,7e+05,1,70,1,2,1,263.111380492417
4540679,1,1,0,36,1,3e+05,1,36,5,2,1,203.316232191769
4540680,1,1,1,51,1,1420000,1,45,6,3,0,263.111380492417
4540682,1,1,1,33,5,7e+05,1,66,5,3,0,234.63040572986
4540682,1,2,0,30,1,1e+06,1,33,6,3,1,234.63040572986
4540683,1,1,1,46,1,930929.4375,1,48,5,5,0,240.570060295446
4540683,1,2,0,45,1,1283333.375,1,40,6,4,0,240.570060295446
4540684,1,1,1,34,1,928656,1,48,3,4,0,238.732545965142
4540684,1,2,0,35,4,960000,1,48,3,1,1,238.732545965142
4540685,1,1,1,32,1,1592500,1,45,6,5,0,234.63040572986
4540685,1,2,0,25,1,1583211,1,45,6,5,0,234.63040572986
4540685,1,3,0,22,1,640000,1,60,6,2,1,234.63040572986
4540686,1,1,1,52,1,852833.3125,1,48,5,5,0,240.570060295446
4540686,1,2,0,34,4,2e+05,1,12,6,1,0,240.570060295446
4540686,1,3,1,21,4,6e+05,1,48,6,2,1,240.570060295446
4540687,1,1,1,34,5,2e+06,1,25,5,3,0,258.698108245163
4540687,1,2,0,25,1,1100000,1,48,5,3,0,258.698108245163
4540688,1,1,0,43,1,898453,1,40,6,5,0,202.566771532168
4540688,1,2,1,24,1,930929.4375,1,48,6,5,0,202.566771532168
4540689,1,1,1,43,1,1569453,1,58,5,5,0,294.830428094213
4540689,1,2,0,60,3,1500000,1,48,6,1,0,294.830428094213
4540689,1,3,1,43,1,931953,1,48,3,3,0,294.830428094213
4540691,1,1,0,23,4,2900000,1,48,6,5,0,190.998594412969
4540691,1,2,0,18,1,781242,1,48,6,5,0,190.998594412969
4540692,1,1,1,52,4,1500000,1,40,3,1,1,238.669685497811
4540692,1,4,0,28,1,1242333.375,1,42,5,5,0,238.669685497811
4540692,1,5,1,32,4,1e+06,1,48,3,1,1,238.669685497811
4540693,1,1,0,50,1,1e+06,1,48,5,4,1,187.334782825316
4540693,1,2,0,22,2,869453,1,48,5,5,0,187.334782825316
4540694,1,1,1,56,4,1e+06,1,70,6,2,0,247.906624942035
4540695,1,1,1,57,4,1e+06,1,48,3,1,1,233.44238857997
4540697,1,1,0,35,1,1083333.375,1,42,6,5,0,236.969109175124
4540698,1,2,0,39,1,1309877.625,1,48,6,5,0,192.5249767313
4540698,1,4,0,23,4,4e+05,1,48,5,1,1,192.5249767313
4540699,1,1,0,39,4,780000,1,66,5,4,1,236.969109175124
4540700,1,2,0,59,4,5e+05,1,24,5,1,1,261.560485061444
4540701,1,1,1,57,1,1143333.375,1,48,5,5,0,242.682976452125
4540701,1,3,1,24,4,2300000,1,45,5,5,0,242.682976452125
4540703,1,1,0,43,1,1348000,1,48,6,5,0,222.193740801088
4540704,1,2,1,24,1,1030929.4375,1,48,4,4,0,155.197071087338
4540704,1,3,0,23,1,1355311,1,48,5,5,0,155.197071087338
4540705,1,3,0,42,1,1200000,1,91,6,2,1,233.079510298887
4540706,1,2,0,41,1,1157211,1,48,5,5,0,247.973133837297
4540707,1,1,0,37,4,9e+05,1,80,4,1,1,245.173389645688
4540710,1,1,1,57,4,9e+05,1,48,6,2,0,236.74332188654
4540714,1,1,0,51,3,1075000,1,48,4,2,0,252.257036721957
4540714,1,3,1,33,1,2816666.75,1,48,6,5,0,252.257036721957
4540714,1,4,1,23,4,8e+05,1,24,5,1,1,252.257036721957
4540715,1,1,1,43,2,4008333.25,1,48,6,5,0,262.800248480445
4540715,1,2,0,47,1,1733333.375,1,48,6,5,0,262.800248480445
4540716,1,2,0,28,1,1683877.625,1,40,6,5,0,259.447568904764
4540717,1,1,1,30,1,894453,1,48,5,4,0,263.111380492417
4540718,1,2,0,35,4,550000,1,45,5,1,1,238.732545965142
4540719,1,1,0,45,1,1075711,1,40,5,5,0,212.15194600022
4540720,1,2,0,53,3,325000,1,48,6,1,1,248.656085601636
4540721,1,1,1,27,4,66666.6640625,1,50,3,1,0,263.549709140046
4540721,1,2,0,31,1,810242,1,48,6,3,0,263.549709140046
4540722,1,1,1,53,2,3367211,1,56,6,5,0,234.63040572986
4540723,1,2,1,35,4,4300000,1,40,6,5,0,274.798356918929
4540724,1,2,1,44,1,934556.5,1,48,6,5,0,193.487206592606
4540725,1,1,1,30,4,8e+05,1,70,5,1,1,263.549709140046
4540725,1,2,0,28,1,1016500,1,48,5,5,0,263.549709140046
4540727,1,1,0,36,1,987953,1,48,5,5,0,216.254086235502
4540728,1,1,0,49,1,930929.4375,1,48,3,5,0,193.274437390901
4540729,1,1,0,42,1,930929.4375,1,48,5,5,0,241.491266562449
4540730,1,1,0,42,1,842075.3125,1,48,4,3,1,236.969109175124
4540731,1,1,1,42,2,2137500,1,48,5,5,0,263.111380492417
4540732,1,1,1,20,1,8e+05,1,90,6,2,1,205.142529449118
4540734,1,1,0,31,4,1800000,1,45,5,5,0,211.402485340619
4540735,1,1,1,26,1,2421666.75,1,45,6,5,0,263.111380492417
4540737,1,1,1,48,4,850000,1,44,4,1,1,263.111380492417
4540738,1,1,0,43,4,2e+05,1,42,6,1,1,218.091600565805
4540740,1,1,1,31,4,1300000,1,48,6,1,1,258.698108245163
4540741,1,1,0,37,1,3250000,1,45,6,5,0,180.336583347168
4540741,1,2,1,20,1,869453,1,48,6,5,0,180.336583347168
4540742,1,1,1,29,1,647416.6875,1,36,6,5,0,263.549709140046
4540742,1,2,0,31,1,898453,1,48,6,5,0,263.549709140046
4540743,1,1,0,60,1,930929.4375,1,48,4,5,0,272.351968364572
4540749,1,2,0,34,4,1400000,1,52,6,5,1,240.570060295446
4540750,1,2,0,30,1,959929.4375,1,48,5,5,0,258.698108245163
4540752,1,1,1,33,1,869453,1,48,6,5,0,258.014928638165
4540752,2,1,0,57,4,180000,1,58,4,1,1,258.014928638165
4540753,1,1,1,33,1,1950000,1,48,5,5,0,259.447568904764
4540753,1,2,0,29,1,1017200,1,48,5,5,0,259.447568904764
4540755,1,1,1,36,1,9e+05,1,84,6,2,1,259.447568904764
4540755,1,2,0,29,2,1125711,1,40,6,5,0,259.447568904764
4540756,1,1,1,27,1,1978687.375,1,48,4,4,0,237.544756657912
4540757,1,1,0,35,1,980929.4375,1,72,5,5,0,187.334782825316
4540760,1,1,1,40,1,1888211,1,48,5,5,0,245.397375920347
4540760,1,2,0,34,1,1141333.375,1,36,5,5,0,245.397375920347
4540760,2,2,0,41,4,1700000,1,48,5,5,0,245.397375920347
4540761,1,1,0,31,4,8e+05,1,42,5,1,1,241.071249410406
4540762,1,1,1,62,4,40000,1,9,3,1,1,252.319897189289
4540763,1,1,0,36,1,3067211,1,48,6,5,0,258.698108245163
4540764,1,1,0,20,1,9e+05,1,56,6,3,1,194.35127398865
4540764,1,3,0,18,1,2e+05,1,24,5,3,1,194.35127398865
4540765,1,1,1,62,1,80000,1,20,3,2,1,252.319897189289
4543145,1,1,0,29,1,720000,1,66,5,2,1,241.071249410406
4543146,1,1,0,36,4,4e+05,1,60,3,1,1,219.855037355823
4543146,1,2,1,36,1,440000,1,48,3,3,1,219.855037355823
4544084,1,1,1,30,1,2291666.75,1,60,6,5,0,257.948647585562
4544084,1,2,0,33,1,1620700,1,48,6,5,0,257.948647585562
4544086,1,1,0,52,4,8e+05,1,30,5,1,1,235.068734377489
4544086,1,3,1,26,4,5e+05,1,30,5,1,1,235.068734377489
4544086,1,4,0,23,4,7e+05,1,48,5,2,1,235.068734377489
4544086,1,2,0,27,1,850000,1,48,5,4,0,235.068734377489
4545708,1,1,1,72,5,9e+05,1,50,6,3,0,273.247461487956
4545708,1,2,1,68,1,3700000,1,45,5,3,0,273.247461487956
4545708,1,3,0,65,3,842908.6875,1,45,3,1,1,273.247461487956
4545709,1,1,1,63,5,2e+06,1,20,6,2,0,280.81346185106
4545709,1,3,1,36,1,1450000,1,48,6,5,0,280.81346185106
4545709,1,4,0,32,4,75000,1,30,6,1,0,280.81346185106
4545709,1,5,0,27,1,370000,1,10,5,2,1,280.81346185106
4545710,1,1,0,48,3,240000,1,20,3,1,1,238.732545965142
4545710,1,2,1,26,1,1007377.6875,1,48,5,5,0,238.732545965142
4545711,1,1,1,61,1,925000,1,48,3,5,0,233.079510298887
4545711,1,3,0,28,1,961666.6875,1,43,6,5,0,233.079510298887
4545711,1,4,0,24,1,930929.4375,1,48,6,5,0,233.079510298887
4545712,1,1,1,63,1,5741666.5,1,40,6,5,0,261.560485061444
4545713,1,3,0,30,1,6067346,1,48,6,5,0,257.14721281419
4545714,1,1,0,40,1,950000,1,54,5,2,1,187.334782825316
4545718,2,2,1,33,1,1429000,1,48,6,5,0,221.155632385571
4545718,3,2,0,36,1,1063000,1,48,5,4,0,221.155632385571
4545719,1,1,1,22,4,8e+05,1,60,5,1,1,196.188788318953
4545720,1,1,1,45,1,6e+05,1,48,4,2,1,258.698108245163
4545720,1,2,0,34,1,899453,1,48,5,5,0,258.698108245163
4545721,1,1,0,36,4,2e+05,1,30,3,1,1,197.376577626183
4545722,1,1,1,60,1,930929.4375,1,48,3,4,0,263.323921851462
4545722,1,3,1,25,1,930929.4375,1,48,6,4,0,263.323921851462
4545723,1,1,1,58,2,8666667,1,40,6,5,0,210.901068382999
4545724,1,1,0,63,2,12375000,1,48,6,5,0,255.450284919435
4545724,1,2,0,54,1,3125000,1,48,6,5,0,255.450284919435
4545725,1,1,0,53,4,2e+05,1,40,3,1,1,236.969109175124
4545726,1,1,1,53,1,781242,1,48,1,4,0,244.672200530728
4545726,1,2,0,49,1,961954,1,48,3,5,0,244.672200530728
4545727,1,1,1,44,1,1038211,1,48,5,4,0,263.549709140046
4545727,1,2,0,45,4,4e+05,1,48,5,1,1,263.549709140046
4545728,1,2,1,46,1,869453,1,47,5,5,0,259.447568904764
4545729,1,1,1,21,1,9e+05,1,48,4,1,1,140.305723150599
4545729,1,2,0,22,1,3e+05,1,48,5,1,1,140.305723150599
4545729,1,3,1,21,1,450000,1,48,4,2,1,140.305723150599
4545729,1,4,1,19,1,350000,1,48,5,2,1,140.305723150599
4545730,1,3,1,58,1,959119.6875,1,48,6,4,0,273.247461487956
4545731,1,1,1,62,4,6e+05,1,40,4,1,1,252.319897189289
4545732,1,1,0,64,4,1e+05,1,21,1,1,1,248.750055496028
4545732,1,2,0,25,4,1e+05,1,21,3,1,1,248.750055496028
4545732,2,1,1,32,1,220000,1,24,3,2,1,248.750055496028
4545732,2,2,0,36,4,2e+05,1,28,4,1,1,248.750055496028
4545733,1,1,0,39,1,7e+05,1,40,6,2,1,241.071249410406
4545734,1,1,0,31,1,1030000,1,48,6,5,0,241.071249410406
4545735,1,1,1,33,1,880000,1,60,4,2,1,233.131484410658
4545736,1,1,1,40,1,994453,1,48,4,4,0,263.111380492417
4545738,1,1,1,45,4,6e+06,1,48,5,2,0,242.834686200424
4545738,1,2,0,39,4,5e+06,1,40,6,5,0,242.834686200424
4545738,1,5,0,23,3,877075.3125,1,48,5,1,1,242.834686200424
4545739,1,1,1,56,4,1e+06,1,112,6,1,1,252.319897189289
4545741,1,1,1,50,1,860000,1,48,3,3,1,263.111380492417
4545742,1,2,0,64,4,1e+06,1,18,6,1,1,245.983909758695
4545743,1,1,1,42,1,2166666.75,1,40,6,4,0,255.92084830961
4545743,1,3,1,23,1,1001633.3125,1,24,6,5,0,255.92084830961
4545746,1,1,1,52,1,5416666.5,1,40,6,5,0,259.447568904764
4545746,1,2,0,25,1,782000,1,5,6,5,0,259.447568904764
4545747,1,2,1,36,4,2500000,1,60,6,5,0,268.688156776919
4545747,1,3,0,34,4,2500000,1,50,6,5,0,268.688156776919
4545748,1,1,1,44,2,6252458,1,44,6,5,0,263.111380492417
4545751,1,1,1,37,1,3500000,1,48,6,4,1,258.698108245163
4545752,1,1,1,61,1,790000,1,60,3,4,1,280.375133203431
4545754,1,1,1,49,1,894453,1,48,5,4,0,230.966594142207
4545754,1,2,0,52,1,894453,1,48,5,4,0,230.966594142207
4545755,1,5,1,32,1,1333333.375,1,48,6,4,0,295.663060750264
4545755,1,6,1,29,1,1562500,1,50,6,5,0,295.663060750264
4545755,1,7,1,63,4,3e+05,1,16,3,1,1,295.663060750264
4545756,1,1,0,50,3,930929.4375,1,48,5,1,0,258.698108245163
4545757,1,1,1,55,1,9e+05,1,48,3,4,0,244.992274013983
4545757,1,2,0,53,4,5e+05,1,48,4,2,1,244.992274013983
4545757,1,3,0,30,1,1288211,1,48,6,5,0,244.992274013983
4545758,1,1,0,62,4,5e+05,1,48,3,2,1,235.993861226939
4545759,1,1,1,54,1,8041666.5,1,48,6,5,0,238.294217317513
4545759,1,2,0,20,1,869453,1,48,6,4,0,238.294217317513
4545760,1,1,1,44,1,1388877.625,1,40,6,4,0,239.820599635845
4545760,1,2,0,38,4,3500000,1,60,6,1,0,239.820599635845
4545761,1,1,0,76,5,1500000,1,40,3,2,1,268.688156776919
4545761,1,2,1,48,1,9e+05,1,40,6,2,1,268.688156776919
4545761,1,3,0,25,1,1229166.625,1,40,6,5,0,268.688156776919
4545762,1,3,1,34,1,2091666.625,1,40,6,5,0,246.317382156372
4545763,1,2,0,40,1,16250000,1,48,6,5,0,240.570060295446
4545764,1,1,0,37,1,1279166.625,1,56,6,3,0,197.376577626183
4545766,1,1,0,50,1,936119.6875,1,48,3,5,0,259.447568904764
4545766,1,2,1,34,1,1271544.375,1,48,6,4,0,259.447568904764
4545767,1,4,1,23,1,781242,1,84,4,4,1,182.420093620441
4545767,1,6,0,44,3,350000,1,48,3,1,1,182.420093620441
4545768,1,1,1,34,1,920000,1,48,3,2,1,262.800248480445
4545769,1,1,1,43,1,927786.3125,1,48,3,4,0,263.111380492417
4545770,1,1,1,36,4,4500000,1,30,6,5,0,266.712331612739
4545770,2,1,1,43,4,3900000,1,60,6,5,0,266.712331612739
4545771,1,1,0,62,4,120000,1,49,1,1,1,249.873508634932
4545772,1,2,1,35,2,4500000,1,48,6,5,0,270.738212466268
4545772,1,3,0,35,2,2300000,1,36,6,5,0,270.738212466268
4545774,1,1,1,39,4,2e+06,1,40,6,1,1,232.382023751057
4545776,1,2,0,39,4,9e+05,1,84,3,1,1,190.048954450877
4545777,1,1,1,27,1,8e+05,1,48,4,2,1,239.820599635845
4545779,1,1,1,45,1,7908333.5,1,40,6,4,0,241.008388943075
4545779,1,2,0,44,1,13280000,1,40,6,4,0,241.008388943075
4545779,1,5,0,48,3,924666.6875,1,48,3,1,0,241.008388943075
4545780,1,1,0,49,3,963929.4375,1,48,3,1,0,174.396928781583
4545780,1,2,0,23,1,930929.4375,1,54,6,2,0,174.396928781583
4545780,1,3,1,19,4,60000,1,16,5,2,1,174.396928781583
4545782,1,3,1,24,1,650000,1,48,5,2,1,223.805467842807
4545783,1,1,0,26,1,30000,1,6,6,1,1,233.880945070259
4545783,1,2,1,43,4,6e+05,1,30,3,1,1,233.880945070259
4545783,1,3,0,20,1,781242,1,84,4,2,1,233.880945070259
4545784,1,1,1,34,1,1041666.6875,1,90,3,4,0,244.233871883099
4545784,1,2,1,24,1,1041666.6875,1,90,5,4,0,244.233871883099
4545786,1,1,1,19,1,929166.6875,1,90,5,4,0,221.755412153458
4545787,1,1,1,34,1,839242,1,48,6,2,0,204.03062726445
4545788,1,1,0,36,1,1179587.375,1,45,5,4,0,212.15194600022
4545789,1,1,1,80,4,2e+06,1,48,3,1,1,229.778576992317
4545789,1,2,0,38,2,4500000,1,48,6,5,0,229.778576992317
4545790,1,3,0,28,4,1730000,1,40,6,5,0,259.552425154717
4545791,1,1,0,24,2,2300000,1,48,6,5,0,159.113959500165
4545792,1,2,0,62,3,615000,1,45,3,1,1,257.14721281419
4545792,1,3,0,30,1,940719.6875,1,48,6,5,0,257.14721281419
4545794,1,2,0,42,1,1e+05,1,16,5,2,1,246.648025694909
4545794,1,3,0,28,1,959929.4375,1,48,5,5,0,246.648025694909
4545795,1,1,1,41,1,1299544.375,1,48,5,4,0,225.794691921409
4545795,1,2,0,41,4,6e+05,1,30,5,1,1,225.794691921409
4545795,1,4,1,18,1,898619.6875,1,48,5,5,1,225.794691921409
4545797,1,1,1,59,4,4e+05,1,40,3,1,1,252.319897189289
4545798,1,3,1,37,1,894453,1,48,5,4,0,284.038944791084
4545801,1,2,1,30,1,1137500,1,48,6,5,0,272.351968364572
4545803,1,3,0,29,1,1471544.375,1,50,6,5,0,257.896673473791
4545804,1,1,1,50,1,1158877.625,1,48,5,5,0,221.692551686127
4545804,1,2,0,51,4,66666.6640625,1,48,5,1,1,221.692551686127
4545804,1,3,1,22,1,460666.65625,1,16,6,5,0,221.692551686127
4545805,1,1,0,65,4,480000,1,72,3,1,1,268.688156776919
4545805,1,2,0,30,1,1388211,1,40,6,5,0,268.688156776919
4545805,1,3,1,41,1,958929.4375,1,40,5,5,0,268.688156776919
4545808,1,3,1,27,4,3e+05,1,30,6,1,1,197.492941388597
4545808,1,4,0,23,3,1e+06,1,40,5,1,1,197.492941388597
4545809,1,1,0,34,5,8e+05,1,55,5,2,1,240.570060295446
4545809,1,2,1,40,1,2282877.75,1,48,6,5,0,240.570060295446
4545811,1,2,0,30,5,4e+05,1,70,5,2,1,259.447568904764
4545812,1,1,0,27,1,8e+05,1,48,5,2,0,158.551864005464
4545813,1,1,1,52,4,5e+05,1,18,6,1,1,215.752897120541
4545813,1,2,0,40,1,220000,1,24,5,2,1,215.752897120541
4545813,1,3,0,22,1,1054877.625,1,40,6,5,0,215.752897120541
4545814,1,1,1,32,4,1500000,1,70,4,3,1,193.461485689172
4545814,1,2,0,26,4,110000,1,12,5,1,1,193.461485689172
4545815,1,1,1,33,4,8e+05,1,40,5,2,1,197.333535369313
4545816,1,1,0,29,1,1040000,1,54,3,2,1,198.984859447548
4545816,1,2,1,35,4,1300000,1,70,5,3,1,198.984859447548
4545816,1,5,1,29,1,1300000,1,54,5,3,1,198.984859447548
4545816,1,6,0,21,1,750000,1,48,5,2,1,198.984859447548
4545817,1,1,0,33,1,6e+05,1,48,3,2,1,161.814672840406
4545817,1,2,1,37,1,7e+05,1,45,3,2,1,161.814672840406
4545818,1,1,1,48,1,1733333.375,1,40,6,5,0,259.447568904764
4545819,1,1,1,22,1,2900000,1,98,5,2,1,221.755412153458
4545820,1,2,0,22,1,1188211,1,40,6,4,0,234.296933332184
4545821,1,1,0,52,4,480000,1,35,4,1,1,236.969109175124
4545822,1,1,1,29,4,8e+05,1,36,5,1,1,197.662281855035
4545823,1,1,1,51,4,6e+05,1,30,6,1,0,263.111380492417
4545824,1,2,0,30,1,3128000,1,50,6,5,0,252.758225836918
4545825,1,1,1,20,4,781242,1,40,4,2,1,147.141591239215
4545826,1,1,1,36,1,781242,1,48,5,5,0,259.447568904764
4545826,1,2,0,31,1,900286.3125,1,60,5,2,0,259.447568904764
4545828,1,1,0,30,1,858000,1,54,5,3,1,159.113959500165
4545829,1,1,1,51,1,923453,1,48,5,4,0,244.672200530728
4545829,1,3,1,22,1,894453,1,48,6,4,0,244.672200530728
4545830,1,1,1,42,4,2600000,1,62,6,5,0,221.692551686127
4545832,1,3,0,20,1,2e+05,1,36,6,3,1,124.58892807805
4545832,1,4,1,18,1,2e+05,1,36,4,3,1,124.58892807805
4545833,1,1,1,65,4,750000,1,14,3,1,1,280.375133203431
4545833,1,2,0,64,1,930929.4375,1,48,3,5,0,280.375133203431
4545834,1,1,0,25,1,781242,1,56,6,3,1,235.068734377489
4545834,1,2,1,28,1,899453,1,45,5,5,0,235.068734377489
4545835,1,1,1,38,5,1200000,1,60,5,2,1,257.948647585562
4545835,1,2,0,29,5,5e+05,1,18,6,2,0,257.948647585562
4545836,1,2,0,54,1,8e+05,1,48,6,2,1,219.053830427111
4545836,1,3,0,24,1,1467377.625,1,45,6,5,0,219.053830427111
4545836,1,5,0,60,3,240000,1,48,4,1,1,219.053830427111
4545837,1,1,1,22,1,923453,1,50,5,3,0,201.040389213836
4545838,1,1,1,33,1,1300000,1,48,6,2,1,234.63040572986
4545839,1,1,0,42,1,886119.6875,1,48,5,5,0,199.214091956487
4545839,1,2,1,20,1,869453,1,48,5,5,1,199.214091956487
4545839,1,3,1,19,1,250000,1,24,5,3,1,199.214091956487
4545840,1,1,1,46,1,986953,1,48,5,5,0,267.189235457717
4545841,1,1,1,42,1,1e+06,1,50,5,2,1,267.651849375328
4545841,1,2,0,29,1,781242,1,50,5,2,1,267.651849375328
4545844,1,2,0,38,1,846083.3125,1,48,6,4,0,242.834686200424
4545845,1,1,1,65,1,450000,1,48,3,2,1,217.11635261762
4545845,1,3,1,23,4,2e+05,1,40,5,1,1,217.11635261762
4545845,1,4,0,21,1,3e+05,1,48,4,2,1,217.11635261762
4545847,1,1,1,48,5,5e+06,1,48,3,2,1,196.125927851622
4545847,1,2,0,48,1,1500000,1,48,5,2,0,196.125927851622
4545847,1,3,1,23,1,4e+05,1,24,5,2,1,196.125927851622
4545848,1,1,0,46,4,550000,1,40,3,1,1,177.749608357264
4545849,1,1,1,24,1,930929.4375,1,48,4,5,0,195.439327659352
4545850,1,1,1,48,1,4200000,1,48,6,5,0,202.815043076808
4545850,1,3,1,23,1,2383333.25,1,48,6,5,0,202.815043076808
4545852,1,1,1,54,4,6e+05,1,40,3,2,1,259.447568904764
4545853,1,1,1,66,4,1e+06,1,40,5,2,0,210.901068382999
4545854,1,1,1,35,1,8e+06,1,40,6,5,0,272.790297012202
4545854,1,2,0,36,1,8e+06,1,40,6,5,0,272.790297012202
4545856,1,1,1,72,4,8e+05,1,54,3,1,1,274.798356918929
4545856,1,2,1,53,4,5e+05,1,48,5,1,1,274.798356918929
4545858,1,1,0,58,2,2083333.25,1,40,5,5,0,253.474459755254
4545858,1,2,1,49,4,1e+06,1,60,6,1,1,253.474459755254
4545859,1,1,1,41,1,2312877.75,1,48,5,2,0,233.880945070259
4545859,1,2,0,35,1,1171544.375,1,48,5,2,0,233.880945070259
4545860,1,1,1,55,4,1.2e+07,1,64,6,1,1,210.901068382999
4545860,1,2,0,47,4,9e+05,1,52,6,5,0,210.901068382999
4545861,1,1,1,51,4,2e+06,1,40,6,5,0,234.63040572986
4545861,1,2,0,51,4,4e+05,1,4,6,1,0,234.63040572986
4545863,1,2,0,43,1,930929.4375,1,48,5,5,0,234.63040572986
4545864,1,1,1,22,1,1231544.375,1,48,6,4,0,200.290928554235
4545865,1,1,0,66,3,525000,1,20,3,1,1,261.998813709073
4545865,1,2,1,66,1,781242,1,72,3,2,0,261.998813709073
4545867,1,1,1,21,1,896119.6875,1,48,5,4,0,153.243577194332
4545867,1,2,0,21,1,896119.6875,1,48,5,4,0,153.243577194332
4545867,1,3,1,18,1,896119.6875,1,48,5,5,0,153.243577194332
4545867,1,4,0,21,1,869453,1,48,5,5,0,153.243577194332
4545868,1,1,1,38,1,1200000,1,48,5,5,0,267.651849375328
4545869,1,1,1,52,1,1016500,1,60,5,5,0,215.752897120541
4545869,1,2,0,48,1,1562500,1,48,6,3,0,215.752897120541
4545870,1,1,1,20,1,9e+05,1,48,4,3,1,221.755412153458
4545871,1,1,1,38,1,1300000,1,60,5,2,1,215.752897120541
4545871,1,2,0,34,1,1101666.625,1,40,5,5,0,215.752897120541
4545873,1,1,1,40,1,7583333.5,1,40,6,5,0,266.902388715727
4545874,1,1,1,55,2,2083333.375,1,40,6,5,0,257.896673473791
4545875,1,2,1,46,4,6e+05,1,105,3,1,1,278.262217046751
4545875,1,3,0,27,1,2500000,1,40,6,5,0,278.262217046751
4545875,1,4,1,25,1,869453,1,48,6,5,0,278.262217046751
4545876,1,1,1,56,5,2e+06,1,60,3,2,1,257.896673473791
4545879,1,1,1,68,4,5e+06,1,60,6,1,1,274.798356918929
4545880,1,1,0,57,4,50000,1,40,3,1,1,249.873508634932
4545881,1,2,1,25,1,1200000,1,48,4,2,1,232.382023751057
4545882,1,1,0,64,4,2e+06,1,24,6,1,0,246.209697047279
4545885,1,1,1,61,5,1500000,1,48,4,2,1,268.795841886012
4545885,1,2,0,44,5,2e+06,1,36,5,2,0,268.795841886012
4545886,1,1,1,48,4,450000,1,48,3,1,1,233.880945070259
4545887,1,1,1,26,1,1138944.375,1,72,5,2,0,259.447568904764
4545887,1,2,0,42,4,3e+05,1,30,5,2,1,259.447568904764
4545888,1,1,1,22,4,4e+05,1,48,6,1,1,221.755412153458
4545889,1,1,0,48,5,7e+05,1,43,5,2,0,218.529929213435
4545889,1,3,0,38,1,961953,1,48,5,3,0,218.529929213435
4545890,1,1,1,62,1,1188211,1,42,6,5,0,261.560485061444
4545890,1,2,0,55,3,416666.65625,1,35,5,1,1,261.560485061444
4545891,1,2,0,61,4,1e+05,1,8,6,1,1,306.517404520724
4545891,1,4,1,30,1,5416666.5,1,40,6,5,0,306.517404520724
4545892,1,1,0,41,4,1800000,1,48,6,4,0,236.969109175124
4545893,1,1,1,54,5,3e+06,1,48,5,2,0,308.506628599326
4545893,1,4,1,33,4,1500000,1,10,6,1,1,308.506628599326
4545894,1,1,0,55,4,5e+05,1,18,4,1,1,249.873508634932
4545895,1,1,0,41,1,927586.3125,1,48,5,5,0,203.316232191769
4545895,1,2,1,19,1,869453,1,48,5,5,0,203.316232191769
4545896,1,1,1,49,4,4e+06,1,50,6,1,1,272.351968364572
4545896,1,2,0,55,1,10966667,1,60,6,5,0,272.351968364572
4545897,1,1,1,48,4,1e+06,1,38,5,1,1,263.111380492417
4545898,1,3,1,29,1,2083333.375,1,48,6,3,0,268.688156776919
4545899,1,1,1,32,1,9e+05,1,105,3,3,1,236.795295998311
4545900,1,1,0,51,1,7e+05,1,48,3,5,1,233.305297587471
4545900,1,2,0,28,1,750000,1,48,5,5,1,233.305297587471
4545901,1,2,0,36,4,1e+06,1,48,4,4,0,219.855037355823
4545903,1,1,1,25,1,869453,1,48,5,5,0,242.396357552795
4545903,1,2,0,24,1,930929.4375,1,48,6,5,0,242.396357552795
4545904,1,1,1,55,1,1171544.375,1,48,5,3,1,248.656085601636
4545904,1,2,0,50,3,930929.4375,1,48,3,1,0,248.656085601636
4545908,1,1,1,23,1,1200000,1,60,4,2,1,221.755412153458
4545909,1,1,1,47,4,7e+05,1,60,5,1,1,263.111380492417
4545938,1,1,0,32,4,6e+05,1,56,5,1,1,252.758225836918
4545938,1,2,1,58,4,6e+05,1,60,4,1,1,252.758225836918
4548588,1,2,0,64,2,3225000,1,36,6,5,0,252.733940566936
4548588,1,3,0,43,1,5089000,1,48,6,5,0,252.733940566936
4548588,1,4,0,32,2,2149000,1,30,6,5,0,252.733940566936
4548589,1,1,1,35,4,1e+06,1,48,4,4,1,263.111380492417
4549440,1,1,1,36,1,570000,1,48,3,4,0,174.848613307993
4549440,1,2,0,32,1,896000,1,48,4,5,0,174.848613307993
4549441,1,1,1,38,1,1e+07,1,40,6,5,0,262.800248480445
4549441,1,2,0,39,1,1.2e+07,1,40,6,5,0,262.800248480445
4551396,1,1,1,80,5,1200000,1,24,3,2,1,261.560485061444
4551396,1,2,0,73,5,3e+06,1,42,3,2,1,261.560485061444
4551397,1,2,0,57,4,2e+05,1,16,3,1,1,270.801072933599
4551398,1,2,0,61,3,4e+05,1,16,3,1,1,261.560485061444
4551399,1,1,1,45,1,1152211,1,44,5,3,0,262.050787820844
4551399,1,2,0,33,3,220000,1,8,5,1,1,262.050787820844
4551401,1,3,0,32,1,3958333.25,1,48,6,5,0,271.134545331276
4551402,1,1,1,31,1,842718.4375,1,48,3,3,1,257.948647585562
4551403,1,1,1,29,1,9e+05,1,66,5,2,1,213.915382790238
4551403,1,2,0,38,4,250000,1,9,4,1,1,213.915382790238
4551404,1,3,0,44,4,5e+06,1,40,6,1,0,257.321406818545
4551404,1,7,0,21,1,1081377.625,1,62,6,5,0,257.321406818545
4551404,1,6,1,28,1,983877.6875,1,48,5,4,0,257.321406818545
4551404,1,5,0,22,1,8e+05,1,24,6,4,1,257.321406818545
4551404,1,4,1,34,1,2166666.75,1,45,6,4,0,257.321406818545
4551405,1,2,0,21,4,2e+05,1,48,6,1,1,219.416708708194
4551406,1,1,1,41,4,950000,1,45,5,2,0,259.447568904764
4551407,1,1,1,56,1,3641666.75,1,70,6,5,0,204.961413817413
4551410,1,1,0,63,4,6e+05,1,70,3,2,1,221.967953512503
4551410,1,3,1,24,1,8e+05,1,48,5,2,1,221.967953512503
4551411,1,5,0,67,4,60000,1,3,6,1,0,233.046055714962
4551411,1,1,0,56,4,3500000,1,63,6,5,0,233.046055714962
4551412,1,3,1,22,1,888211,1,40,6,2,1,210.901068382999
4551412,1,1,0,54,1,1209929.5,1,66,4,5,0,210.901068382999
4551414,1,2,1,26,1,930929.4375,1,48,5,5,0,240.570060295446
4551414,1,1,0,47,1,750000,1,48,3,2,1,240.570060295446
4551415,1,1,1,34,1,948453,1,48,6,5,0,263.549709140046
4551415,1,2,0,34,1,927619.6875,1,48,6,5,0,263.549709140046
4551416,1,2,0,33,1,2500000,1,48,6,5,0,277.928744649075
4551416,2,2,1,28,1,1666666.625,1,48,6,5,0,277.928744649075
4551416,2,1,0,55,1,833333.3125,1,48,3,5,0,277.928744649075
4551417,1,2,0,36,1,1576666.625,1,48,5,4,0,209.813242554956
4551418,1,1,0,52,1,930929.4375,1,48,5,5,0,212.15194600022
4551419,1,1,1,36,1,2319240,1,48,6,5,0,263.549709140046
4551419,1,2,0,33,1,2180000,1,48,6,5,0,263.549709140046
4551420,1,2,0,32,1,923453,1,48,5,4,0,258.698108245163
4551420,1,1,1,41,1,750000,1,48,5,3,1,258.698108245163
4551421,1,1,1,23,1,781242,1,48,4,2,1,196.938248978554
4551422,1,1,1,30,1,869453,1,48,5,2,0,258.698108245163
4551422,1,2,0,33,3,869453,1,48,5,1,0,258.698108245163
4551424,1,1,1,44,4,1e+06,1,70,4,1,1,263.111380492417
4551425,1,1,0,53,1,910000,1,50,5,2,1,281.926028634404
4551425,1,3,1,27,4,5e+05,1,30,5,1,1,281.926028634404
4551426,1,1,1,30,1,2875000,1,55,6,5,0,259.447568904764
4551426,1,2,0,30,1,5716666.5,1,48,6,5,0,259.447568904764
4551427,1,1,1,43,1,921119.6875,1,48,5,5,0,263.111380492417
4551428,1,1,0,32,1,959929.4375,1,48,6,3,0,241.071249410406
4551429,1,3,0,34,1,1155711,1,70,4,3,0,180.025451335196
4551430,1,1,0,41,1,1e+06,1,45,3,3,1,165.870299226093
4551430,1,4,0,20,3,930929.4375,1,48,4,1,1,165.870299226093
4551431,1,2,0,38,4,1e+06,1,60,4,1,1,215.752897120541
4551431,1,1,1,41,1,1329600,1,48,4,5,0,215.752897120541
4551431,1,3,1,22,1,1200000,1,60,4,2,1,215.752897120541
4551433,1,3,1,22,1,3e+05,1,30,6,2,1,202.622710372149
4551433,1,2,0,54,4,560000,1,16,4,1,1,202.622710372149
4551433,1,5,0,20,1,1083333.375,1,45,6,4,0,202.622710372149
4551434,1,1,1,36,2,2683000,1,48,6,5,0,262.800248480445
4551436,1,1,1,49,4,9e+05,1,60,6,1,0,239.820599635845
4551436,1,3,1,18,1,869453,1,48,5,5,0,239.820599635845
4551438,1,1,1,58,1,1045000,1,48,5,4,0,248.344953589664
4551439,1,2,0,35,4,4e+05,1,70,5,2,1,215.752897120541
4551439,1,1,1,33,4,8e+05,1,70,4,2,1,215.752897120541
4551440,1,2,0,37,5,7e+05,1,60,5,3,0,242.333497085464
4551440,1,1,1,44,5,7e+05,1,60,3,3,1,242.333497085464
4551440,1,6,0,18,1,781242,1,48,6,5,1,242.333497085464
4551440,1,3,1,19,4,3e+05,1,77,5,1,1,242.333497085464
4551440,1,5,1,40,4,1500000,1,114,6,1,0,242.333497085464
4551441,1,1,0,50,1,9e+05,1,48,6,3,1,236.969109175124
4551442,1,1,1,37,1,1742211,1,48,5,5,0,258.698108245163
4551443,1,2,0,31,1,936119.6875,1,48,5,5,0,259.447568904764
4551443,1,1,1,30,1,1171544.375,1,40,6,5,0,259.447568904764
4551444,1,3,1,25,4,4e+05,1,15,6,1,1,237.481896190581
4551445,1,1,1,59,1,1017500,1,48,5,2,0,252.319897189289
4551446,1,1,0,47,4,550000,1,48,3,1,1,212.15194600022
4551447,1,1,1,52,4,8e+05,1,50,3,1,1,267.213520727699
4551448,1,1,1,27,4,7e+05,1,48,5,3,1,263.111380492417
4551449,1,1,1,40,1,2546211,1,48,5,5,0,215.00343646094
4551450,1,1,1,30,1,959929.4375,1,48,5,5,0,267.651849375328
4551451,2,1,1,34,1,899453,1,46,5,5,0,235.068734377489
4551452,1,1,1,44,4,2500000,1,52,6,1,0,262.050787820844
4551453,1,1,1,53,1,893333.3125,1,48,3,4,0,174.193685775503
4551453,1,4,1,18,1,8e+05,1,48,6,2,1,174.193685775503
4551453,1,3,1,28,1,937500,1,50,5,4,0,174.193685775503
4551455,1,2,0,24,5,1e+06,1,48,4,2,1,235.644381860277
4551455,1,1,1,40,1,1016000,1,48,4,3,0,235.644381860277
4551455,1,5,0,44,1,9e+05,1,70,3,3,1,235.644381860277
4551455,1,7,1,27,1,8e+05,1,70,4,2,1,235.644381860277
4551456,1,2,1,28,1,781242,1,48,5,2,1,237.92022483821
4551456,1,5,1,25,1,1078687.375,1,48,5,3,0,237.92022483821
4551456,1,8,1,24,1,869453,1,60,4,3,1,237.92022483821
4551457,1,1,1,58,1,1221544.375,1,72,5,3,0,186.492064201227
4551458,1,1,0,51,1,1256544.375,1,48,6,5,0,161.252577345705
4551458,1,2,1,40,1,957119.6875,1,48,6,5,0,161.252577345705
4551458,1,3,1,22,1,1451544.375,1,48,6,5,0,161.252577345705
4551461,1,1,1,40,4,850000,1,50,3,1,1,234.63040572986
4551462,1,1,1,22,1,1497377.625,1,50,5,5,0,217.342139906204
4551463,1,1,1,29,1,781242,1,60,4,5,1,219.855037355823
4551464,1,1,1,33,1,70000,1,22,5,2,1,175.410708802694
4551466,1,2,0,21,1,1400000,1,72,5,2,0,144.955828043176
4551466,1,1,0,42,1,860666.6875,1,48,5,5,0,144.955828043176
4551467,1,1,1,35,1,1230929.375,1,48,5,3,0,219.855037355823
4551467,1,2,0,41,1,962929.4375,1,48,3,4,0,219.855037355823
4551468,1,1,1,24,1,1009044.3125,1,48,5,5,0,138.760778298929
4551468,1,5,1,18,1,898619.6875,1,48,5,5,0,138.760778298929
4551468,1,6,1,23,1,931119.6875,1,48,5,5,0,138.760778298929
4551468,1,7,1,34,1,8e+05,1,48,4,4,0,138.760778298929
4551469,1,1,0,31,1,991333.3125,1,48,5,5,0,183.880042234266
4551470,1,1,0,28,3,781242,1,48,3,1,1,261.739655808872
4551470,1,2,1,26,4,3e+05,1,48,4,1,1,261.739655808872
4551471,1,1,0,24,1,1605000,1,45,6,5,0,190.998594412969
4551471,1,2,0,23,1,869453,1,48,5,5,0,190.998594412969
4551474,1,1,1,31,1,1653000,1,48,6,5,0,263.549709140046
4551474,1,2,0,25,1,2083333.375,1,48,6,5,0,263.549709140046
4551475,1,2,0,22,1,833333.3125,1,48,5,4,0,175.410708802694
4551475,1,1,0,44,1,8e+05,1,48,3,2,1,175.410708802694
4551475,1,4,1,35,1,8e+05,1,48,5,3,1,175.410708802694
4551477,1,1,1,52,4,2e+06,1,48,5,1,0,215.752897120541
4551477,1,3,0,23,1,869453,1,40,6,5,0,215.752897120541
4551478,1,1,1,50,1,6e+05,1,48,5,2,1,244.233871883099
4551479,1,1,1,22,1,1097000,1,45,4,5,0,196.938248978554
4551479,1,2,0,18,1,781242,1,72,5,2,1,196.938248978554
4551480,1,2,0,34,1,955929.4375,1,40,6,4,0,271.134545331276
4551481,1,1,1,21,1,964877.6875,1,48,4,4,0,192.5249767313
4551481,1,3,0,36,1,750000,1,70,5,2,1,192.5249767313
4551482,1,4,0,30,1,1444211,1,35,6,5,0,226.233020569038
4551482,1,5,1,32,1,2004000,1,72,5,5,0,226.233020569038
4551483,1,1,0,26,4,1500000,1,48,6,5,0,236.219648515523
4551485,1,1,1,39,4,1500000,1,50,6,1,0,263.111380492417
4551486,1,1,1,33,1,1149687.375,1,50,5,5,0,267.150660260368
4551486,1,2,0,25,1,5e+05,1,40,6,4,1,267.150660260368
4551486,1,5,1,19,1,530000,1,60,5,4,1,267.150660260368
4551487,1,1,1,37,1,1602711,1,40,6,5,0,262.800248480445
4551488,1,1,1,22,1,8e+05,1,70,5,4,0,196.938248978554
4551488,1,2,0,20,1,8e+05,1,48,5,4,0,196.938248978554
4551489,1,1,1,76,1,936119.6875,1,48,6,1,0,280.375133203431
4551489,1,3,1,25,1,1388211,1,45,6,5,0,280.375133203431
4551490,1,2,1,30,1,9e+05,1,50,5,2,1,272.351968364572
4551491,1,1,1,44,5,5e+06,1,70,6,2,0,238.732545965142
4551494,1,2,0,31,1,1841666.625,1,40,6,5,0,245.460236387678
4551495,1,1,1,57,4,1200000,1,48,5,1,1,248.656085601636
4551495,1,2,0,27,4,2e+06,1,50,6,5,0,248.656085601636
4551496,1,4,1,19,1,748211,1,40,6,5,0,240.344273006861
4551497,1,3,0,41,1,1016500,1,48,6,5,0,233.079510298887
4551498,1,2,0,38,4,450000,1,24,4,2,1,220.943091026526
4551498,1,1,1,40,4,450000,1,48,3,2,1,220.943091026526
4551498,1,3,1,20,1,929453,1,48,5,5,0,220.943091026526
4551499,1,3,1,18,1,4e+05,1,54,4,2,1,239.820599635845
4551500,1,2,0,37,3,140000,1,8,1,1,1,250.311837282561
4551501,1,1,1,47,4,5e+05,1,48,6,5,0,240.570060295446
4551502,1,1,1,54,4,4e+05,1,40,3,1,1,294.830428094213
4551502,1,3,1,26,4,5e+05,1,40,5,1,1,294.830428094213
4551504,1,1,0,35,1,925119.6875,1,48,5,5,0,241.071249410406
4551505,1,2,0,32,1,869453,1,48,4,5,0,233.880945070259
4551505,1,1,1,40,1,990929.4375,1,48,3,4,0,233.880945070259
4551506,1,1,1,53,5,1200000,1,44,1,2,1,215.752897120541
4551506,1,3,1,24,1,869453,1,48,5,5,0,215.752897120541
4551506,1,2,0,39,1,1059929.375,1,48,5,4,0,215.752897120541
4551507,1,2,0,37,1,869453,1,48,6,4,0,213.915382790238
4551507,1,1,1,40,1,1200000,1,60,5,5,0,213.915382790238
4551508,1,1,1,34,4,4e+05,1,36,3,1,1,262.800248480445
4551509,1,1,1,32,1,1556666.625,1,48,6,5,0,262.800248480445
4551509,1,2,0,32,1,2354666.75,1,48,6,5,0,262.800248480445
4551510,1,1,1,48,1,660000,1,48,3,4,1,238.732545965142
4551511,1,2,0,31,1,989953,1,48,5,4,0,239.820599635845
4551511,1,1,1,33,1,1358000,1,48,5,5,0,239.820599635845
4551512,1,1,1,36,4,940000,1,70,5,3,1,257.948647585562
4551513,1,3,0,27,3,1062500,1,48,5,1,0,232.55583692787
4551513,1,1,0,27,1,930929.4375,1,48,5,5,0,232.55583692787
4551514,1,1,1,41,1,1600000,1,72,3,2,1,213.915382790238
4551514,1,2,0,35,1,860000,1,72,3,2,1,213.915382790238
4551515,1,1,1,32,1,361476.40625,1,7,4,1,1,262.050787820844
4551516,1,1,0,25,5,8e+05,1,48,5,2,1,236.219648515523
4551517,1,1,1,31,4,7e+05,1,48,3,1,1,262.800248480445
4551518,1,1,1,44,5,8e+06,1,48,5,2,0,209.813242554956
4551519,1,1,1,44,1,861476.4375,1,60,3,3,1,209.813242554956
4551519,1,4,0,20,4,781242,1,48,5,5,1,209.813242554956
4551520,1,1,0,43,1,1109044.375,1,48,5,5,0,236.969109175124
4551521,1,1,1,47,4,1200000,1,40,6,5,0,228.059317826388
4551522,1,1,1,36,1,2396666.75,1,51,5,5,0,259.447568904764
4551523,1,1,0,23,1,923453,1,48,5,5,0,219.917897823155
4551524,1,1,1,51,4,550000,1,48,3,1,1,184.996079380052
4551525,1,1,0,42,1,988929.4375,1,48,5,5,0,186.585322165715
4551525,1,2,0,23,1,930929.4375,1,45,6,5,0,186.585322165715
4551526,1,1,1,33,1,1562500,1,60,5,5,0,263.111380492417
4551527,1,1,0,28,1,960829.4375,1,48,6,5,0,241.071249410406
4551528,1,5,0,38,4,750000,1,48,5,4,1,203.786214409397
4551528,1,1,1,61,1,1129453,1,48,3,3,0,203.786214409397
4551528,1,4,0,19,1,8e+05,1,48,5,2,1,203.786214409397
4551528,1,8,0,32,2,1545666.625,1,48,6,5,0,203.786214409397
4551528,1,9,1,36,4,8e+05,1,48,4,3,1,203.786214409397
4551529,1,1,1,24,4,9e+05,1,70,4,1,1,216.592679246603
4551530,1,1,1,60,1,923453,1,48,3,2,0,252.758225836918
4551531,1,1,0,29,1,981596.125,1,48,5,5,0,236.219648515523
4551532,1,1,1,62,4,450000,1,70,1,1,1,252.319897189289
4551533,1,2,0,27,4,6e+05,1,48,5,1,1,263.549709140046
4551533,1,1,1,52,1,1088211,1,50,4,5,0,263.549709140046
4551534,1,2,0,47,1,959929.4375,1,48,3,5,0,236.906248707793
4551534,1,1,1,52,1,1610000,1,50,5,5,0,236.906248707793
4551534,1,3,0,26,1,1117377.625,1,48,6,5,0,236.906248707793
4551534,1,4,1,21,1,869453,1,48,5,2,0,236.906248707793
4551535,1,1,1,53,4,1e+06,1,48,3,1,1,272.351968364572
4551535,1,2,0,57,1,6e+05,1,48,4,2,1,272.351968364572
4551536,1,1,1,32,1,1e+06,1,48,5,2,1,242.396357552795
4551538,1,1,1,33,1,781242,1,48,3,2,1,267.651849375328
4551538,1,2,0,37,4,2e+05,1,16,4,1,1,267.651849375328
4551540,1,1,0,34,1,928453,1,48,5,5,0,211.402485340619
4551541,1,1,1,40,1,930929.4375,1,48,5,5,0,242.112686539953
4551542,1,1,1,34,4,1200000,1,72,3,1,1,255.03429665751
4551542,1,2,0,27,1,1699333.375,1,40,5,4,0,255.03429665751
4551543,1,2,0,43,1,35000,1,10,4,2,1,205.079668981787
4551543,1,4,1,20,1,1e+05,1,24,5,2,1,205.079668981787
4551544,1,1,0,69,4,280000,1,42,4,1,1,253.975648870214
4551545,1,1,1,32,1,1249687.375,1,60,5,2,0,267.651849375328
4551546,1,1,0,21,4,1200000,1,72,6,5,1,215.815757587873
4551547,1,1,1,30,1,2138211,1,48,4,5,0,238.294217317513
4551550,1,1,1,39,1,843742,1,60,5,5,0,263.111380492417
4551551,1,3,0,19,1,1075711,1,48,5,5,0,236.74332188654
4551552,1,1,1,19,1,893619.6875,1,48,5,5,1,196.938248978554
4551552,1,2,0,20,1,869453,1,48,5,5,0,196.938248978554
4551553,1,2,0,28,1,842718.4375,1,48,5,4,0,258.698108245163
4551553,1,1,1,31,4,8e+05,1,40,5,1,1,258.698108245163
4551557,1,1,0,31,4,5e+05,1,49,3,1,1,244.672200530728
4551558,1,1,1,54,4,220000,1,20,3,1,1,285.589840222057
4551558,1,2,1,50,4,1e+06,1,84,5,1,1,285.589840222057
4554542,1,3,1,24,1,950711,1,48,6,4,0,242.682976452125
4554544,1,1,0,59,1,842718.4375,1,40,5,4,0,281.592556236728
4554545,1,2,0,54,4,120000,1,48,5,1,1,223.838922426732
4554546,1,1,0,44,1,1200000,1,48,5,5,0,218.091600565805
4554546,1,2,1,21,1,514000,1,48,5,2,1,218.091600565805
4554547,1,1,1,33,1,1560211,1,48,5,5,0,239.071138976244
4554547,2,1,1,24,1,1103166.625,1,48,6,5,0,239.071138976244
4554548,1,3,1,25,1,1180000,1,64,5,2,1,271.134545331276
4554548,1,1,1,57,5,1800000,1,72,4,2,0,271.134545331276
4554549,1,2,1,37,4,7e+05,1,40,3,1,1,283.226623664152
4554549,1,1,0,35,1,1084331.625,1,48,6,5,0,283.226623664152
4554549,1,7,1,33,1,961953,1,48,6,5,0,283.226623664152
4554550,1,3,1,25,1,1500000,1,48,5,5,0,281.926028634404
4554550,1,1,1,27,1,1200000,1,48,4,4,1,281.926028634404
4554551,1,2,1,38,4,6e+05,1,48,5,1,1,257.948647585562
4554551,1,1,0,30,4,1e+06,1,54,6,1,1,257.948647585562
4554552,1,1,0,52,4,2600000,1,40,6,5,0,226.114765404664
4554552,2,1,0,45,1,959929.4375,1,48,6,5,0,226.114765404664
4554553,1,1,1,32,1,810842,1,48,6,5,0,231.980342429964
4554553,2,1,1,61,4,4e+05,1,56,5,1,1,231.980342429964
4554553,2,2,0,49,4,80000,1,12,5,1,1,231.980342429964
4554553,3,1,1,23,1,8e+05,1,48,5,2,1,231.980342429964
4554553,3,2,0,23,1,755000,1,45,6,5,0,231.980342429964
4554554,1,1,0,57,4,8e+05,1,32,4,1,1,221.392533872375
4554554,1,3,0,34,1,9e+05,1,36,5,5,0,221.392533872375
4554555,1,1,1,41,4,2e+06,1,56,4,1,1,233.131484410658
4554555,1,3,0,21,1,869453,1,48,6,5,0,233.131484410658
4554556,1,1,1,46,1,10833333,1,48,6,4,0,262.800248480445
4554556,1,2,0,33,4,8e+05,1,25,6,5,0,262.800248480445
4554557,1,1,0,31,1,5103333.5,1,40,6,4,0,258.698108245163
4554557,1,2,1,41,1,3600000,1,60,6,3,0,258.698108245163
4554559,1,1,0,27,1,3208333.25,1,48,6,2,0,259.447568904764
4554559,1,2,1,29,1,1.5e+07,1,48,6,2,0,259.447568904764
4554562,1,2,0,47,1,1.3e+07,1,90,6,5,0,240.570060295446
4554563,1,2,1,32,1,5416666.5,1,50,6,5,0,263.549709140046
4554563,1,1,0,28,1,4333333.5,1,40,6,2,0,263.549709140046
4554564,1,1,0,24,1,1e+07,1,40,6,4,0,215.815757587873
4554565,1,1,0,25,1,20462500,1,48,6,4,0,236.969109175124
4554566,1,1,1,47,5,5e+06,1,60,6,3,0,263.111380492417
4554567,1,2,1,50,4,6e+06,1,48,6,5,0,259.885897552393
4554567,1,1,0,46,4,6e+05,1,40,6,1,1,259.885897552393
4554568,1,1,0,69,1,8e+05,1,40,6,2,1,249.873508634932
4554571,1,1,0,26,1,3033333.25,1,48,6,4,0,242.545885459626
4554572,1,2,1,26,1,3e+07,1,50,6,5,0,259.447568904764
4554574,1,1,1,36,1,4875000,1,48,6,5,0,259.447568904764
4554574,1,2,0,29,1,2133333.25,1,48,6,5,0,259.447568904764
4554575,1,3,0,29,4,5e+06,1,48,6,5,0,255.783757317111
4554575,1,1,1,48,4,1600000,1,50,6,5,0,255.783757317111
4554575,1,2,0,45,4,2800000,1,50,6,5,0,255.783757317111
4554577,1,2,0,25,1,1500000,1,40,6,5,0,251.786473331782
4554577,1,1,0,59,1,3e+06,1,45,6,5,0,251.786473331782
4554577,1,4,0,44,3,8e+05,1,48,5,1,0,251.786473331782
4554578,1,1,1,52,4,2e+06,1,20,6,1,0,238.294217317513
4554580,1,1,0,44,1,5400000,1,40,6,5,0,236.969109175124
4554583,1,2,0,33,1,17333334,1,40,6,5,0,233.880945070259
4554583,1,1,1,37,1,7583333.5,1,40,6,5,0,233.880945070259
4554584,1,1,0,21,4,250000,1,32,5,1,1,215.815757587873
4554585,1,2,0,51,1,2e+06,1,30,6,4,0,248.656085601636
4554585,1,1,1,57,1,1562500,1,45,6,3,0,248.656085601636
4554586,1,2,0,24,1,1300000,1,48,6,4,0,207.738673752966
4554586,1,1,0,46,3,936119.6875,1,35,3,1,0,207.738673752966
4554586,1,3,0,26,1,1035000,1,45,5,5,0,207.738673752966
4554588,1,1,0,30,1,5600000,1,30,6,5,0,241.071249410406
4554599,1,1,1,52,1,1655333.375,1,40,5,5,0,240.570060295446
4556899,1,1,1,60,1,975000,1,48,3,5,0,223.026601299799
4556899,1,3,0,34,1,1809166.625,1,42,6,5,0,223.026601299799
4556899,1,6,0,24,4,1570000,1,48,6,5,0,223.026601299799
4556899,1,7,1,24,4,1600000,1,20,6,1,1,223.026601299799
4556900,1,2,0,32,1,3450000,1,50,6,4,0,250.311837282561
4556901,1,1,0,45,1,1318333.375,1,45,6,5,0,236.969109175124
4556902,1,1,1,35,1,1020929.4375,1,48,6,4,0,190.935733945637
4556902,1,2,0,36,1,1020929.4375,1,48,6,4,0,190.935733945637
4559809,1,1,1,32,4,1e+06,1,72,5,1,1,263.111380492417
4559810,1,2,0,41,2,3367583.25,1,30,6,5,0,271.134545331276
4559811,1,2,1,61,1,1300000,1,48,6,4,0,261.560485061444
4559812,1,1,1,67,4,5e+05,1,48,3,1,0,523.120970122888
4559813,2,1,1,56,5,3e+06,1,48,3,2,1,284.038944791084
4559814,1,2,1,30,1,1110666.625,1,48,5,4,0,286.028168869686
4559814,1,1,0,52,1,750000,1,96,4,2,1,286.028168869686
4559815,1,4,1,29,1,1400000,1,48,6,4,0,297.681109539726
4559815,1,6,0,56,1,1411144.375,1,45,6,2,0,297.681109539726
4559815,1,11,0,33,5,3e+06,1,50,6,3,1,297.681109539726
4559815,1,10,0,51,4,781242,1,40,6,5,0,297.681109539726
4559815,1,8,1,53,1,1291666.625,1,48,5,5,0,297.681109539726
4559816,1,2,0,34,1,1008000,1,48,5,5,0,239.820599635845
4559816,1,1,1,39,1,3208333.25,1,91,6,5,0,239.820599635845
4559817,1,1,0,43,1,2e+05,1,48,5,2,1,336.914548431994
4559818,1,3,1,22,1,7e+05,1,48,5,2,1,375.202692110286
4559818,1,4,1,21,1,7e+05,1,84,5,2,1,375.202692110286
4559818,1,2,1,23,1,1100000,1,70,5,5,0,375.202692110286
4559819,1,1,1,41,2,3659600,1,70,6,5,0,233.880945070259
4559821,1,2,1,23,1,2050000,1,40,6,5,0,230.996000025614
4559822,1,4,0,63,4,5e+05,1,12,4,1,0,545.580594024403
4559822,1,2,0,27,4,7e+05,1,26,5,1,1,545.580594024403
4559822,1,1,1,30,1,1092211,1,48,5,5,0,545.580594024403
4559823,1,1,1,53,4,350000,1,54,5,1,1,221.692551686127
4559823,1,2,0,41,1,930929.4375,1,48,5,3,0,221.692551686127
4559824,1,1,0,25,1,1349687.375,1,48,5,4,0,175.972804297395
4559824,1,3,0,21,1,1100000,1,48,5,5,0,175.972804297395
4559825,1,1,1,34,1,1279877.625,1,45,6,5,0,513.65427866187
4559827,1,1,1,25,1,8e+05,1,48,5,3,1,259.21089526062
4559827,1,7,1,53,1,1e+06,1,78,3,3,1,259.21089526062
4559829,1,3,1,28,1,858000,1,48,5,2,0,534.378470915435
4559830,1,4,1,24,1,988211,1,48,4,4,0,200.977528746505
4559830,1,1,1,49,1,1217811,1,48,3,4,0,200.977528746505
4559830,1,2,0,47,4,3e+05,1,12,3,1,1,200.977528746505
4559833,1,3,0,26,1,898619.6875,1,48,5,5,0,257.896673473791
4559833,1,1,1,61,1,1862500,1,48,6,4,0,257.896673473791
4559834,1,1,1,25,1,958000,1,48,5,5,0,262.800248480445
4559835,1,1,1,31,1,930929.4375,1,48,5,5,1,258.698108245163
4559835,1,2,0,37,3,150000,1,60,5,1,1,258.698108245163
4559836,1,2,1,32,1,930929.4375,1,48,5,2,0,263.549709140046
4559836,1,1,0,26,1,930929.4375,1,48,5,3,0,263.549709140046
4559837,1,1,0,31,1,927619.6875,1,48,5,2,0,218.091600565805
4559838,1,1,0,41,1,962386.3125,1,40,4,5,0,167.707813556396
4559838,1,4,0,24,1,4e+05,1,24,4,4,1,167.707813556396
4559838,1,2,1,21,4,1800000,1,48,4,5,0,167.707813556396
4559839,1,2,0,26,1,781242,1,48,5,5,0,272.790297012202
4559839,1,1,1,30,1,781242,1,48,5,2,0,272.790297012202
4559840,1,2,1,46,1,2e+05,1,12,5,2,1,240.570060295446
4559840,1,1,0,38,2,3180000,1,32,6,5,0,240.570060295446
4559841,1,2,0,32,1,1008711,1,48,6,5,0,233.818084602928
4559841,1,1,1,31,1,959929.4375,1,48,6,5,0,233.818084602928
4559841,2,2,0,50,1,1688877.625,1,48,6,5,0,233.818084602928
4559841,2,1,1,42,1,959929.4375,1,48,5,4,0,233.818084602928
4559842,1,2,1,36,4,1e+06,1,50,5,1,1,239.820599635845
4559843,1,3,1,36,1,1342377.625,1,60,5,5,0,284.038944791084
4559844,1,1,1,58,1,842718.4375,1,78,3,2,1,265.161436181766
4559844,1,3,1,47,4,1600000,1,70,3,2,1,265.161436181766
4559845,1,2,1,43,4,1500000,1,72,6,1,1,272.351968364572
4559847,1,2,1,35,1,1099044.375,1,48,5,4,0,272.351968364572
4559848,1,2,0,27,1,1274833.375,1,50,6,5,0,250.311837282561
4559849,1,1,1,30,1,2025000,1,40,6,4,0,259.447568904764
4559850,1,2,1,43,4,1500000,1,48,3,2,1,259.447568904764
4559850,1,1,0,32,1,1042377.6875,1,48,6,4,0,259.447568904764
4559851,1,1,0,36,4,9e+05,1,70,5,1,1,222.193740801088
4559853,1,2,1,36,1,6e+05,1,75,4,1,1,209.813242554956
4559853,1,1,0,35,1,1001544.3125,1,48,5,4,0,209.813242554956
4559854,1,1,1,34,4,1200000,1,40,6,2,0,263.549709140046
4559854,1,2,0,32,2,2151333.25,1,30,6,5,0,263.549709140046
4559855,1,2,0,39,2,3696666.75,1,48,6,5,0,263.549709140046
4559855,1,1,1,41,4,2e+05,1,10,5,1,1,263.549709140046
4559856,1,1,1,36,4,8e+05,1,48,5,2,1,266.464060068098
4559857,1,1,0,64,4,2e+05,1,37,3,1,1,272.351968364572
4559857,1,2,1,33,4,3400000,1,48,6,5,0,272.351968364572
4559859,1,2,0,31,1,990129.4375,1,48,6,5,0,244.672200530728
4559859,1,1,1,34,4,8e+05,1,48,3,1,1,244.672200530728
4559860,1,2,0,22,1,1500000,1,48,6,5,0,225.056345460028
4559861,1,1,1,27,1,1138794.375,1,54,6,5,0,263.111380492417
4559862,1,1,1,41,4,1200000,1,45,5,3,1,196.875388511223
4559862,1,2,0,42,1,1988211,1,40,6,5,0,196.875388511223
4559863,1,2,1,56,4,6e+06,1,30,6,1,0,248.656085601636
4559863,1,1,0,53,1,1069877.625,1,48,6,5,0,248.656085601636
4559864,1,1,1,50,1,781242,1,40,5,2,1,240.570060295446
4559865,1,3,1,49,1,781242,1,48,4,4,1,224.993484992697
4559866,1,2,0,23,1,350000,1,24,5,2,1,237.544756657912
4559866,1,1,1,28,4,1200000,1,70,4,1,1,237.544756657912
4559867,1,1,0,46,1,3093333.25,1,40,6,5,0,192.5249767313
4559868,1,1,1,26,4,1800000,1,60,4,2,1,241.646896893194
4559871,1,1,0,32,1,1604877.625,1,48,6,4,0,215.504625575901
4559871,1,4,0,24,1,8e+05,1,24,5,5,0,215.504625575901
4559872,1,1,1,44,1,6250000,1,48,6,5,0,263.111380492417
4559874,1,4,1,39,1,3280000,1,48,6,5,0,299.99121611679
4559874,1,1,0,53,1,1921544.375,1,48,6,4,0,299.99121611679
4559874,1,2,1,33,4,8e+05,1,40,6,1,1,299.99121611679
4559874,1,3,1,29,4,1800000,1,40,6,1,1,299.99121611679
4559875,1,7,0,33,1,1829000,1,40,6,5,0,261.186492582141
4559875,1,1,1,39,4,5e+05,1,45,6,1,0,261.186492582141
4559875,1,2,0,35,4,5e+05,1,40,6,3,0,261.186492582141
4559875,1,6,0,68,3,350000,1,50,4,1,1,261.186492582141
4559877,1,2,0,65,3,842908.6875,1,60,3,1,0,259.114096507088
4559879,1,1,0,52,1,9e+05,1,20,6,2,0,214.427788978152
4559880,1,5,1,21,1,869453,1,48,6,5,0,213.414193675277
4559880,1,4,0,22,1,869453,1,40,5,5,0,213.414193675277
4559881,1,1,1,77,4,1e+07,1,10,6,1,0,284.038944791084
4559881,1,2,0,73,4,3e+06,1,10,6,1,1,284.038944791084
4559881,1,3,1,47,4,2e+06,1,10,6,5,0,284.038944791084
4559883,1,3,0,26,1,975000,1,48,6,5,0,268.625296309588
4559883,1,2,0,52,4,750000,1,40,5,1,1,268.625296309588
4559883,1,5,1,31,1,932786.3125,1,48,5,4,0,268.625296309588
4559883,1,4,1,22,1,160000,1,20,6,2,1,268.625296309588
4559884,1,1,1,37,2,3300000,1,60,6,5,0,239.820599635845
4559885,1,3,1,29,1,5350000,1,40,6,5,0,293.613005060916
4559885,1,4,1,27,1,3250000,1,45,6,5,0,293.613005060916
4559886,1,1,1,62,4,3e+05,1,30,4,1,0,261.560485061444
4559887,1,2,0,53,4,80000,1,24,5,1,1,248.656085601636
4559888,1,1,1,55,1,750000,1,50,4,2,1,198.272298592226
4559889,1,3,1,19,4,70000,1,15,4,1,1,215.752897120541
4559889,1,2,1,48,4,1300000,1,48,6,5,0,215.752897120541
4559889,1,1,0,40,1,930929.4375,1,48,5,5,0,215.752897120541
4559890,1,2,0,59,4,6500000,1,40,6,5,0,250.569050298485
4559890,1,5,0,47,3,842908.6875,1,48,3,1,1,250.569050298485
4559890,1,4,0,28,1,2166666.75,1,40,6,5,0,250.569050298485
4559890,1,1,1,56,4,7e+06,1,40,6,5,0,250.569050298485
4559891,1,1,0,44,4,1200000,1,40,6,4,0,238.732545965142
4559892,1,1,1,57,5,2500000,1,60,5,2,1,233.880717227599
4559892,1,2,0,45,4,40000,1,18,5,1,1,233.880717227599
4559892,1,3,1,20,1,1e+06,1,36,5,2,1,233.880717227599
4559893,1,1,0,63,4,240000,1,20,3,1,1,249.873508634932
4559894,1,1,1,50,1,1609000,1,72,4,2,0,215.752897120541
4559896,1,1,1,62,1,1008806.625,1,54,5,5,0,280.375133203431
4559896,1,3,0,27,1,1565473.375,1,48,6,5,0,280.375133203431
4559897,1,1,0,38,4,1e+06,1,36,3,1,1,241.071249410406
4559899,1,1,0,43,4,1e+06,1,60,6,1,1,236.969109175124
4559900,1,2,0,75,5,4e+06,1,40,6,3,1,261.560485061444
4559901,1,2,1,47,1,750000,1,60,5,3,1,239.820599635845
4559901,1,1,0,43,1,797908.6875,1,42,5,3,1,239.820599635845
4559902,1,1,1,69,1,2275000,1,42,6,4,0,257.896673473791
4559902,1,3,0,30,4,3800000,1,48,6,5,0,257.896673473791
4559903,1,1,1,21,1,929473.3125,1,48,6,4,0,244.233871883099
4559903,1,2,1,45,1,838333.3125,1,48,6,5,0,244.233871883099
4559904,1,1,0,60,5,7e+05,1,30,6,2,0,187.357986125701
4559905,1,2,0,60,1,1566544.375,1,45,5,4,0,261.560485061444
4559906,1,3,1,40,1,2600000,1,48,6,5,0,213.029208593313
4559907,1,2,1,26,1,888211,1,48,6,5,0,204.263976273429
4559908,1,1,0,34,1,1167140,1,48,5,5,0,240.570060295446
4559908,1,2,1,24,1,871140,1,48,5,5,0,240.570060295446
4559908,1,3,1,47,4,1500000,1,84,5,1,0,240.570060295446
4559909,1,1,1,42,1,2491666.75,1,30,6,5,0,259.447568904764
4559909,1,2,0,41,1,4533333.5,1,48,6,5,0,259.447568904764
4559910,1,2,0,32,2,1841666.75,1,75,6,5,0,258.698108245163
4559910,1,1,1,28,2,3756666.75,1,90,6,5,0,258.698108245163
4559911,1,1,1,39,1,2195666.75,1,48,6,2,0,263.549709140046
4559911,1,2,0,34,1,2195666.75,1,48,6,2,0,263.549709140046
4559912,1,2,1,50,4,3e+05,1,40,4,2,1,297.276816648569
4559913,1,3,1,29,1,781242,1,48,6,4,0,294.830428094213
4559913,1,2,1,34,4,1e+07,1,84,6,3,0,294.830428094213
4559914,1,2,0,53,1,871901,1,48,5,4,0,196.683055806563
4559914,1,1,1,57,1,781242,1,50,4,2,1,196.683055806563
4559914,1,3,1,32,1,2036666.625,1,55,6,5,0,196.683055806563
4559915,1,1,1,61,1,9e+05,1,48,3,2,1,207.501772266162
4559915,1,3,1,35,1,120000,1,8,1,2,1,207.501772266162
4559916,1,2,0,46,3,781242,1,24,4,1,1,234.63040572986
4559917,1,1,1,50,1,930929.4375,1,48,5,5,0,240.570060295446
4559917,1,2,0,40,1,1130929.375,1,72,6,5,0,240.570060295446
4559917,1,3,1,19,1,1e+06,1,48,6,4,1,240.570060295446
4559918,1,1,1,26,4,6e+05,1,40,5,1,1,246.498497788077
4559919,1,1,1,33,2,2118333.25,1,56,5,5,0,257.948647585562
4559919,1,2,0,38,1,4875000,1,43,6,5,0,257.948647585562
4559920,1,1,1,38,4,8e+05,1,48,5,1,1,235.955513872249
4559920,1,2,0,23,3,1300000,1,72,6,2,1,235.955513872249
4559920,1,4,1,28,4,8e+05,1,16,5,1,1,235.955513872249
4559920,1,3,0,20,1,760000,1,8,4,4,1,235.955513872249
4559921,1,1,0,42,4,3e+06,1,20,6,2,0,236.969109175124
4559922,1,1,0,29,4,6e+05,1,35,3,1,1,211.402485340619
4559923,1,2,1,24,1,1171544.375,1,35,6,4,0,233.44238857997
4559923,1,1,1,56,4,2e+07,1,50,6,2,0,233.44238857997
4559924,1,2,0,61,1,952619.6875,1,48,3,5,0,284.038944791084
4559925,1,2,1,21,1,6e+05,1,6,5,4,1,233.44238857997
4559925,1,1,1,60,4,1e+06,1,35,5,1,1,233.44238857997
4559926,1,2,0,25,1,1072211,1,84,4,3,0,266.902388715727
4559927,1,2,1,19,4,750000,1,12,5,2,0,222.193740801088
4559927,1,1,0,41,1,961953,1,48,6,5,0,222.193740801088
4559928,1,2,1,20,1,3e+05,1,12,6,4,1,218.091600565805
4559928,1,1,0,44,4,2e+06,1,20,6,1,1,218.091600565805
4559930,1,1,1,25,1,6e+05,1,20,5,4,1,477.465091930284
4559931,1,3,0,27,1,1562500,1,48,6,5,0,212.089085532888
4559931,1,1,1,52,5,5e+06,1,48,6,2,1,212.089085532888
4559931,1,4,1,24,4,1e+06,1,20,5,1,1,212.089085532888
4559933,1,1,1,22,4,1e+05,1,20,6,5,1,221.755412153458
4559935,1,1,0,49,1,847908.6875,1,90,5,2,1,255.783757317111
4559935,1,2,1,54,1,781242,1,84,3,2,1,255.783757317111
4559935,1,3,0,49,1,847908.6875,1,84,3,2,1,255.783757317111
4559936,1,1,1,44,1,6208333.5,1,48,6,5,0,212.089085532888
4559936,1,2,0,41,1,1259090,1,48,4,3,0,212.089085532888
4559936,1,3,0,23,1,7526833.5,1,48,6,4,0,212.089085532888
4559936,1,4,1,19,1,864166.6875,1,35,6,4,0,212.089085532888
4559936,1,5,0,49,2,2393750,1,33,6,5,0,212.089085532888
4559937,1,1,1,50,1,930286.3125,1,48,5,4,0,263.988037787675
4559937,1,2,0,47,1,926119.6875,1,40,5,2,0,263.988037787675
4559938,1,1,0,38,1,991119.6875,1,24,6,2,0,212.15194600022
4559940,1,1,1,22,4,350000,1,48,5,1,1,202.87790354414
4559940,1,2,1,21,1,869453,1,48,5,4,0,202.87790354414
4559941,1,1,1,27,1,1305311,1,48,6,5,0,242.396357552795
4559942,1,1,1,53,5,8e+05,1,60,6,2,1,238.294217317513
4559942,1,2,0,24,4,2e+06,1,48,6,5,0,238.294217317513
4559943,1,1,1,37,1,991553,1,48,6,5,0,262.800248480445
4559943,1,2,0,37,4,50000,1,1,6,1,1,262.800248480445
4559944,1,1,1,22,1,896119.6875,1,48,4,2,0,219.416708708194
4559944,1,3,1,29,1,8e+05,1,48,5,2,1,219.416708708194
4559946,1,1,1,28,1,4100000,1,40,6,4,0,202.815043076808
4559946,1,5,1,19,4,781242,1,16,6,5,1,202.815043076808
4559947,1,1,1,55,1,8666667,1,50,6,5,0,259.22178161618
4559947,1,3,1,27,4,3500000,1,40,6,5,0,259.22178161618
4559948,1,1,1,51,1,3500000,1,48,6,5,0,240.570060295446
4559948,1,2,0,50,1,2395833.25,1,48,6,5,0,240.570060295446
4559949,1,2,0,50,1,720000,1,24,5,2,0,262.685641744003
4559949,1,4,1,45,1,1562500,1,120,6,4,0,262.685641744003
4559952,1,1,0,47,1,8e+05,1,48,3,4,1,212.15194600022
4559952,1,2,0,19,1,8e+05,1,48,5,2,1,212.15194600022
4559953,1,1,1,39,1,1200000,1,30,6,3,0,239.820599635845
4559954,1,1,1,51,4,2e+05,1,56,5,3,1,285.589840222057
4559955,1,2,0,51,2,3158333.25,1,48,6,5,0,221.692551686127
4559955,1,3,1,24,1,2958333.25,1,40,6,5,0,221.692551686127
4559956,1,1,0,53,1,7850000,1,40,6,5,0,255.783757317111
4559956,1,2,1,31,1,2383333.25,1,40,6,4,0,255.783757317111
4559956,1,3,0,28,1,1300000,1,40,6,4,0,255.783757317111
4559957,1,1,1,60,4,8e+05,1,50,6,4,1,252.319897189289
4559958,1,1,1,32,4,2800000,1,35,6,1,0,197.333535369313
4559960,1,1,0,36,4,8e+05,1,72,5,2,1,238.732545965142
4559960,1,2,1,50,4,1e+06,1,60,5,1,1,238.732545965142
4559961,1,1,1,25,1,4750000,1,30,6,2,0,285.589840222057
4559961,1,2,1,28,1,1715000,1,40,6,5,0,285.589840222057
4559963,1,1,0,38,1,3683333.25,1,45,6,5,0,212.15194600022
4559964,1,2,1,22,1,474333.34375,1,16,6,5,0,233.44238857997
4559966,1,1,1,64,4,2e+06,1,60,5,1,0,233.079510298887
4559966,1,3,0,36,1,1600000,1,48,6,5,0,233.079510298887
4559967,1,1,1,60,1,8e+05,1,66,5,2,1,229.715716524986
4559967,1,2,0,51,4,950000,1,60,5,2,1,229.715716524986
4559968,1,1,1,45,4,1300000,1,60,3,1,0,230.217133482606
4559968,1,4,0,25,4,1800000,1,40,6,2,0,230.217133482606
4559969,1,1,1,30,1,923453,1,60,5,5,0,263.549709140046
4559971,1,1,1,49,4,4500000,1,40,6,5,0,240.570060295446
4559974,1,1,1,35,1,954119.6875,1,60,4,5,0,244.672200530728
4559976,1,1,0,50,4,1e+06,1,48,6,1,0,236.969109175124
4559977,1,1,1,44,1,8166666.5,1,48,6,5,0,276.892437247484
4559977,1,2,0,41,4,5e+05,1,40,6,1,0,276.892437247484
4559979,1,1,1,43,1,6800000,1,48,6,5,0,259.447568904764
4559979,1,2,0,33,1,8200000,1,40,6,5,0,259.447568904764
4559980,1,1,1,64,5,8e+06,1,40,6,5,0,252.319897189289
4559981,1,1,1,26,1,899053,1,48,5,5,0,237.544756657912
4559982,1,1,1,27,1,1300000,1,48,5,4,1,217.917787388992
4559982,1,5,1,20,1,7e+05,1,48,5,2,1,217.917787388992
4559983,1,1,1,60,1,1251544.375,1,48,3,5,0,258.33500212142
4559983,1,3,0,26,1,869453,1,40,6,5,0,258.33500212142
4559983,1,4,0,31,1,899053,1,36,6,5,0,258.33500212142
4559984,1,1,1,31,1,6458333.5,1,48,6,5,0,263.549709140046
4559985,1,1,1,48,1,1310877.625,1,48,4,5,0,215.752897120541
4559985,1,2,0,46,1,900853,1,48,4,5,0,215.752897120541
4559985,1,3,1,23,4,8e+05,1,48,4,1,1,215.752897120541
4559986,1,1,1,68,4,4e+05,1,72,1,1,1,257.896673473791
4559986,1,3,0,28,1,1002786.3125,1,48,6,5,0,257.896673473791
4559988,1,2,0,27,3,998000,1,48,6,1,0,525.60049696089
4559989,1,1,0,46,4,7e+05,1,50,3,1,1,218.091600565805
4559989,1,2,1,19,1,1e+05,1,8,6,2,1,218.091600565805
4559990,1,2,0,40,1,3e+05,1,48,4,2,1,223.894317123774
4559990,1,7,0,28,1,930929.4375,1,48,5,3,0,223.894317123774
4559991,1,2,0,37,1,1160929.375,1,48,5,5,0,225.494674107657
4559992,1,1,0,52,1,9e+06,1,40,6,5,0,212.15194600022
4559994,1,1,1,53,1,4116666.75,1,48,6,5,0,209.813242554956
4559995,1,1,0,49,1,917211,1,48,6,5,0,218.091600565805
4559996,1,2,0,53,3,930929.4375,1,60,3,1,0,259.447568904764
4559997,1,1,1,50,2,4666666.5,1,40,6,5,0,240.570060295446
4559997,1,2,0,49,1,4875000,1,70,6,5,0,240.570060295446
4560000,1,1,1,35,1,898619.6875,1,60,5,5,0,259.447568904764
4560001,1,1,1,27,2,1496544.375,1,60,6,5,0,233.880945070259
4560002,1,1,1,55,4,781242,1,49,3,5,1,252.257036721957
4560002,1,3,1,25,1,869453,1,60,3,5,0,252.257036721957
4560002,1,4,1,23,1,869453,1,60,3,5,0,252.257036721957
4560003,1,1,1,47,4,650000,1,48,4,1,1,258.698108245163
4560003,1,2,0,37,1,560000,1,48,5,2,1,258.698108245163
4560004,1,3,0,35,1,869453,1,48,5,5,0,272.790297012202
4560005,1,2,0,23,1,1603416.625,1,48,6,5,0,225.056345460028
4560006,1,1,0,26,1,1300000,1,40,6,4,0,236.969109175124
4560007,1,1,0,37,1,750000,1,48,5,2,1,193.274437390901
4560008,1,2,0,23,4,40000,1,10,4,1,1,201.040389213836
4560009,1,1,0,46,1,869453,1,48,3,5,0,215.752897120541
4560011,1,1,1,24,1,1163211,1,48,5,5,0,244.672200530728
4560011,1,4,1,49,1,1163211,1,48,5,5,0,244.672200530728
4560013,1,1,1,22,1,1200000,1,96,5,2,1,199.214091956487
4560013,1,2,0,25,1,9e+05,1,48,5,2,1,199.214091956487
4560013,1,3,1,22,1,5e+05,1,48,5,2,1,199.214091956487
4560014,1,1,1,50,4,4e+05,1,60,3,1,1,238.732545965142
4560014,1,2,0,47,1,1484262.75,1,48,5,5,0,238.732545965142
4560015,1,1,1,27,1,930929.4375,1,48,4,5,0,262.800248480445
4560015,1,2,0,28,1,930929.4375,1,48,4,4,0,262.800248480445
4560016,1,1,1,48,1,1200000,1,48,6,5,0,263.111380492417
4560017,1,1,1,45,1,2083333.375,1,48,6,5,0,469.26081145972
4560017,1,2,0,39,1,2083333.375,1,48,6,5,0,469.26081145972
4560018,1,1,1,46,1,1271544.375,1,42,5,5,0,263.111380492417
4560019,1,1,1,26,4,1500000,1,72,6,1,0,258.698108245163
4560022,1,1,1,62,1,1018687.4375,1,56,6,4,0,252.319897189289
4561874,1,1,1,49,2,5554666.5,1,50,6,5,0,161.814672840406
4561874,1,2,0,48,1,3108333.25,1,48,6,5,0,161.814672840406
4561874,1,3,1,19,1,781242,1,48,5,5,0,161.814672840406
4562153,1,1,1,54,4,6e+05,1,40,3,1,1,231.848547455165
4562155,1,1,1,32,1,8e+05,1,80,4,4,1,266.173538473202
4562155,1,2,0,28,3,105000,1,60,4,1,1,266.173538473202
4562156,1,1,1,32,1,930929.4375,1,48,5,2,0,295.471537099868
4562156,1,2,0,20,1,930929.4375,1,48,6,2,0,295.471537099868
4562158,1,2,0,24,3,921666.6875,1,32,5,1,1,251.334631921531
4564442,1,2,1,25,1,987500,1,48,6,4,0,193.458072034825
4564442,1,1,0,51,1,1038211,1,40,5,2,0,193.458072034825
4564442,1,3,1,23,1,1300000,1,48,6,5,0,193.458072034825
4564444,1,1,1,44,4,1e+06,1,56,3,1,1,299.077159851527
4564444,1,2,0,43,4,5e+05,1,14,4,1,0,299.077159851527
4564444,1,8,1,56,4,6e+05,1,42,1,1,1,299.077159851527
4564445,1,1,0,26,1,279166.65625,1,20,6,3,1,275.072731878752
4564448,1,2,0,57,1,320000,1,16,5,3,1,204.709228367107
4564448,1,1,1,49,1,988211,1,48,5,3,0,204.709228367107
4564448,1,4,1,27,1,988211,1,48,5,5,0,204.709228367107
4564449,1,1,0,30,1,1443000,1,45,6,5,0,275.072731878752
4564450,1,1,1,34,4,2750000,1,32,6,5,0,207.756412932239
4564451,1,2,0,36,1,3358333.25,1,48,6,5,0,207.756412932239
4564452,1,1,0,38,1,1107687.375,1,30,6,2,0,285.659622939568
4564453,1,2,0,29,2,2390000,1,50,5,5,0,266.173538473202
4564453,1,1,1,28,2,1866666.625,1,66,6,5,0,266.173538473202
4564454,1,2,1,43,1,1e+06,1,98,5,2,1,247.933412790695
4564455,1,1,1,29,1,1198453,1,78,5,5,0,240.747740860715
4564456,1,1,1,53,1,1042718.4375,1,48,4,3,0,207.756412932239
4564457,1,1,0,48,2,2491666.75,1,30,6,5,0,193.458072034825
4564457,1,3,1,26,1,1383877.625,1,54,6,3,0,193.458072034825
4564458,1,1,1,35,1,1250000,1,74,5,3,0,240.747740860715
4564459,1,1,1,35,4,3500000,1,84,5,2,0,248.181868273978
4564459,1,3,0,21,1,1462500,1,48,6,3,0,248.181868273978
4564460,1,1,1,30,1,1461476.375,1,48,5,5,0,207.756412932239
4564460,1,2,0,33,1,1311083.375,1,48,5,5,0,207.756412932239
4564461,1,1,1,30,1,1371544.375,1,38,6,5,0,207.756412932239
4564461,1,2,0,26,1,1388211,1,48,6,5,0,207.756412932239
4564462,3,1,0,22,3,8e+05,1,84,6,1,1,315.523763038279
4564464,1,1,0,27,1,2400000,1,40,6,5,0,262.462088636604
4564464,1,2,1,27,4,1070000,1,40,6,4,0,262.462088636604
4564464,1,4,0,24,1,1025711,1,48,6,5,0,262.462088636604
4564465,1,1,0,39,1,720000,1,48,6,2,1,251.875197575788
4564465,1,2,1,39,4,1200000,1,66,5,4,1,251.875197575788
4564466,1,1,1,56,4,1500000,1,48,5,2,0,180.971831393315
4564466,1,3,0,29,1,2166666.75,1,45,6,5,0,180.971831393315
4564466,1,4,1,22,1,430000,1,24,5,2,1,180.971831393315
4564467,1,1,1,62,4,7e+05,1,36,4,1,0,286.225764411613
4564468,1,1,1,62,2,4361162.5,1,38,6,5,0,249.20494739234
4564468,2,1,0,61,1,1116544.375,1,48,5,5,0,249.20494739234
4564469,1,1,1,29,1,1e+06,1,50,6,2,1,207.756412932239
4564469,1,2,0,29,5,2e+06,1,50,6,2,0,207.756412932239
4564470,1,1,1,32,2,1869333.25,1,36,6,5,0,251.893318110576
4564471,1,1,1,28,1,959929.4375,1,40,5,5,0,266.173538473202
4564471,1,2,0,32,1,884453,1,56,5,2,0,266.173538473202
4564472,1,1,0,66,4,240000,1,16,3,1,1,280.924740719171
4564472,1,2,1,35,1,897453,1,48,5,4,0,280.924740719171
4564473,1,3,1,19,1,781242,1,40,6,5,0,179.159731137411
4564473,1,1,1,36,1,1517811,1,48,5,5,0,179.159731137411
4564473,1,2,0,35,1,1e+06,1,48,6,5,0,179.159731137411
4564474,1,2,1,30,1,2166666.75,1,48,6,4,0,207.756412932239
4564474,1,1,0,28,4,2e+05,1,48,6,2,1,207.756412932239
4564475,1,1,1,52,4,1500000,1,25,5,1,1,272.508414043163
4564475,1,4,0,18,4,1e+05,1,20,5,1,1,272.508414043163
4564476,1,1,1,49,4,750000,1,72,4,1,0,207.756412932239
4564477,1,4,0,24,1,828211,1,36,6,5,0,262.480209171392
4564477,1,1,1,33,1,1200000,1,75,3,4,1,262.480209171392
4564478,1,1,1,36,1,1200000,1,50,3,4,0,240.747740860715
4564479,1,1,0,41,1,6e+05,1,48,5,3,1,191.97488550775
4564479,1,3,1,27,4,2e+05,1,30,5,1,1,191.97488550775
4564479,1,2,0,48,1,6e+05,1,48,3,3,1,191.97488550775
4564479,1,5,1,19,1,450000,1,48,4,3,1,191.97488550775
4564479,1,6,1,20,1,650000,1,48,4,3,1,191.97488550775
4564479,1,7,0,19,1,6e+05,1,48,5,3,1,191.97488550775
4564479,1,8,1,20,1,550000,1,48,5,3,1,191.97488550775
4564480,1,1,1,55,1,1083877.625,1,48,4,3,0,223.644327685497
4564480,1,5,0,33,1,930929.4375,1,48,6,5,0,223.644327685497
4564481,1,1,0,43,1,930929.4375,1,48,5,5,0,257.081061679528
4564482,1,2,0,32,1,1550000,1,80,6,5,0,296.030223288913
4564483,1,2,0,24,1,988211,1,54,6,4,0,212.944156501191
4564483,1,3,0,49,4,480000,1,40,3,1,1,212.944156501191
4564484,1,1,1,64,5,2e+06,1,80,5,3,1,276.786005351805
4564484,1,3,1,28,1,1300000,1,60,6,3,1,276.786005351805
4564484,1,4,0,22,1,2009416.625,1,48,6,5,0,276.786005351805
4564486,1,1,1,46,5,3e+06,1,112,5,2,1,193.458072034825
4564486,1,2,0,42,1,2e+05,1,70,6,2,1,193.458072034825
4564487,1,1,0,24,1,840000,1,84,6,2,1,237.036291024117
4564488,1,1,0,28,1,1500000,1,48,6,3,1,216.655606337789
4564489,1,2,0,18,1,720000,1,48,5,3,1,290.072389608004
4564489,1,1,1,22,1,880000,1,41,5,2,1,290.072389608004
4564490,1,1,1,30,4,1400000,1,50,4,4,1,218.883869647312
4564490,1,2,0,29,4,1200000,1,60,5,4,1,218.883869647312
4564490,1,4,0,27,1,1212333.375,1,56,5,5,0,218.883869647312
4564492,1,2,0,42,4,4e+05,1,80,6,2,1,318.764230991534
4564494,1,1,1,44,4,1200000,1,48,3,2,1,189.746622198227
4564494,1,3,1,24,1,931119.6875,1,48,5,5,0,189.746622198227
4564497,1,1,1,35,1,1904211,1,50,6,3,0,262.480209171392
4564498,1,1,0,32,4,2600000,1,78,6,1,0,266.173538473202
4564498,1,2,1,36,4,3e+06,1,60,6,1,0,266.173538473202
4564500,1,3,0,25,1,7e+05,1,12,6,5,1,296.359794123874
4564500,1,2,0,48,1,930929.4375,1,48,3,4,0,296.359794123874
4564501,1,1,1,55,1,4229000,1,48,6,5,0,293.338433379047
4564502,1,1,1,21,1,1630000,1,48,5,5,0,304.352609970631
4564504,1,2,0,39,1,891333.3125,1,48,4,5,0,251.875197575788
4564504,1,1,1,32,1,862333.3125,1,48,5,3,0,251.875197575788
4564505,1,3,1,25,4,1500000,1,35,4,2,1,266.199114290989
4564505,1,2,0,61,4,1e+05,1,20,5,1,0,266.199114290989
4564508,1,1,0,36,4,80000,1,28,5,1,1,436.043888139016
4564509,1,1,1,30,1,1800000,1,40,6,4,1,251.893318110576
4564509,1,2,0,31,1,3141416.75,1,40,6,5,0,251.893318110576
4564511,1,7,0,24,3,869453,1,45,4,1,1,180.636024869766
4564511,1,6,1,24,1,280000,1,24,4,5,1,180.636024869766
4564512,1,2,1,49,1,1704877.625,1,72,3,5,0,266.173538473202
4564512,1,1,0,29,1,930929.4375,1,48,5,5,0,266.173538473202
4564513,1,1,1,50,1,7e+05,1,48,5,4,1,261.921522982347
4564513,1,2,0,22,1,7e+05,1,48,6,3,1,261.921522982347
4564514,1,1,0,53,1,950711,1,48,5,4,0,216.655606337789
4564516,1,1,0,64,3,680000,1,50,4,1,1,156.524959321255
4564516,1,3,1,31,1,930929.4375,1,72,4,4,0,156.524959321255
4564517,1,3,0,34,3,962492,1,68,5,1,0,151.356146777887
4564518,1,1,0,27,1,1629600,1,40,6,2,0,266.173538473202
4564518,1,2,1,28,4,1200000,1,72,6,1,0,266.173538473202
4564519,1,1,1,43,4,5e+05,1,60,4,1,1,309.751757462494
4564520,1,1,1,49,4,2e+05,1,72,3,1,1,240.747740860715
4564522,1,1,1,48,1,1375833.375,1,60,6,5,0,310.310443651539
4564522,1,2,0,33,1,1225711,1,48,6,4,0,310.310443651539
4564523,1,1,1,30,4,2e+06,1,54,3,1,1,296.030223288913
4564523,1,2,0,29,4,160000,1,4,5,1,1,296.030223288913
4564524,1,1,1,31,1,1088044.375,1,48,4,4,0,193.458072034825
4564524,1,2,0,29,3,810242,1,48,6,1,0,193.458072034825
4564525,1,1,0,36,1,1031119.6875,1,48,5,5,0,302.186227146505
4564525,1,6,0,34,1,987119.6875,1,48,5,5,0,302.186227146505
4564526,1,1,1,60,4,8e+05,1,56,3,1,0,293.338433379047
4564527,1,1,1,31,1,1298211,1,48,6,4,0,296.030223288913
4564528,1,1,1,24,1,1070929.375,1,56,6,5,0,304.352609970631
4564529,1,1,1,59,4,1200000,1,48,3,1,1,260.347105450571
4564529,1,2,0,48,1,938211,1,48,5,5,0,260.347105450571
4564530,1,1,1,31,1,1261476.375,1,72,5,4,0,189.516287249731
4564530,1,3,0,65,4,4e+05,1,48,3,3,1,189.516287249731
4564530,1,2,0,27,1,1073666.625,1,42,5,5,0,189.516287249731
4564531,1,1,1,60,1,1925000,1,48,3,5,0,200.216458434037
4564531,1,3,0,35,1,1625000,1,50,6,5,0,200.216458434037
4564531,1,5,0,29,1,2308333.25,1,48,6,3,0,200.216458434037
4564532,1,3,1,29,1,869453,1,48,5,4,0,198.857219526689
4564532,1,2,0,26,3,7e+05,1,45,5,1,1,198.857219526689
4564532,1,1,1,26,1,869453,1,48,5,5,0,198.857219526689
4564533,1,1,0,33,1,919286.3125,1,55,5,5,0,257.274345067652
4564533,1,3,1,40,1,869453,1,48,5,3,0,257.274345067652
4564533,1,4,1,28,1,869453,1,48,5,4,0,257.274345067652
4564534,1,1,0,43,3,833333.3125,1,48,4,1,0,173.760583645548
4564534,1,3,1,19,1,833333.3125,1,48,6,5,0,173.760583645548
4564534,1,4,1,19,1,833333.3125,1,48,6,5,0,173.760583645548
4564535,1,1,1,28,1,1830000,1,60,5,5,0,251.893318110576
4564536,1,2,1,64,1,2e+05,1,40,3,2,1,285.685198757356
4564537,1,1,1,43,4,250000,1,48,5,1,1,222.507615178207
4564537,1,2,0,55,4,30000,1,5,5,1,1,222.507615178207
4564538,1,1,0,39,1,5e+05,1,48,5,2,1,198.415480655281
4564539,1,1,1,26,1,1058000,1,48,5,4,1,240.747740860715
4564540,1,1,1,30,1,1e+06,1,48,5,5,0,240.747740860715
4564541,1,1,1,36,1,925000,1,45,4,3,1,240.747740860715
4564542,1,1,1,25,1,954877.6875,1,48,5,5,0,266.173538473202
4564542,1,2,0,28,3,869453,1,48,6,1,0,266.173538473202
4564545,1,1,1,45,4,1e+06,1,50,4,1,1,228.930195053871
4564546,1,1,1,59,4,781242,1,56,6,4,1,285.685198757356
4564546,1,2,0,58,4,2500000,1,56,5,1,0,285.685198757356
4564549,1,1,1,50,1,1030000,1,63,5,2,1,222.507615178207
4564549,1,2,0,64,4,50000,1,10,5,1,1,222.507615178207
4564550,1,1,1,21,1,729166.6875,1,48,5,2,1,256.522375490483
4564550,1,3,0,19,1,781242,1,48,4,2,1,256.522375490483
4564551,1,1,1,47,1,1166666.625,1,70,3,5,0,240.747740860715
4564552,1,2,0,42,2,1350710.875,1,48,6,5,0,207.756412932239
4564552,1,1,1,38,4,1500000,1,60,6,4,0,207.756412932239
4564553,1,1,1,55,4,3e+05,1,42,3,1,1,290.167549196707
4564554,1,2,0,33,2,915000,1,45,6,5,0,300.969511374582
4564555,1,1,1,65,1,9e+05,1,70,3,2,1,293.338433379047
4564559,1,3,0,37,4,5e+05,1,52,5,1,1,252.693870828879
4564561,1,1,1,32,2,1980000,1,70,6,5,0,251.893318110576
4564562,1,1,1,36,1,949877.6875,1,66,3,2,1,306.617114349729
4564562,1,2,0,34,5,8e+05,1,60,3,2,1,306.617114349729
4564564,1,2,0,62,1,923929.4375,1,24,5,2,0,204.2674894957
4564564,1,1,0,63,4,4e+06,1,40,6,1,0,204.2674894957
4564564,1,3,1,32,1,3241666.75,1,48,6,5,0,204.2674894957
4564565,1,1,0,32,2,5625000,1,50,6,5,0,216.655606337789
4564566,1,1,0,41,5,1500000,1,35,5,2,1,193.458072034825
4564566,1,3,1,28,5,1500000,1,43,6,2,1,193.458072034825
4564567,1,2,0,40,1,5208333.5,1,40,6,5,0,324.590664014165
4564567,1,1,1,36,1,12400000,1,48,6,4,0,324.590664014165
4564569,1,2,0,44,1,1324687.375,1,40,6,4,0,273.067100232208
4564569,1,1,1,40,4,1200000,1,75,5,1,0,273.067100232208
4564570,1,2,1,32,1,4050000,1,55,6,5,0,189.516287249731
4564571,1,2,0,41,1,11500000,1,60,6,4,0,266.173538473202
4564571,1,1,1,40,1,10500000,1,60,6,5,0,266.173538473202
4564572,1,1,1,54,1,7541666.5,1,50,6,4,0,228.930195053871
4564572,1,2,0,53,1,5375000,1,48,6,5,0,228.930195053871
4564573,1,1,1,46,1,5255000,1,45,6,5,0,251.893318110576
4564573,1,2,0,35,4,2900000,1,34,6,5,0,251.893318110576
4564574,1,1,1,49,1,4033333.25,1,48,6,5,0,251.875197575788
4564574,1,2,0,41,1,3033333.25,1,36,6,5,0,251.875197575788
4564575,1,3,0,40,4,3e+06,1,30,6,1,0,242.106979768063
4564576,1,1,1,55,1,930929.4375,1,46,4,2,1,290.185669731495
4564578,1,1,1,41,1,1200000,1,60,3,5,1,251.893318110576
4564578,1,2,0,40,1,1200000,1,60,3,5,1,251.893318110576
4564579,1,2,0,27,1,930929.4375,1,48,5,5,0,200.103178310547
4564580,1,1,0,44,1,1888211,1,40,6,5,0,198.857219526689
4564580,1,2,1,47,4,1960000,1,54,5,4,1,198.857219526689
4564581,1,1,1,42,4,8e+05,1,72,3,1,0,222.507615178207
4564582,1,1,1,50,5,5e+06,1,55,6,2,0,204.044963095641
4564582,1,2,0,48,4,3500000,1,30,6,1,0,204.044963095641
4564583,1,1,1,28,4,8e+05,1,28,1,1,1,284.884646039052
4564584,1,1,0,40,4,1e+06,1,40,6,5,0,204.044963095641
4564585,1,1,0,39,4,8e+05,1,50,5,4,1,151.567550700799
4564585,1,2,1,27,4,8e+05,1,35,4,1,1,151.567550700799
4564585,1,4,0,32,4,8e+05,1,50,4,4,1,151.567550700799
4564585,1,5,1,27,4,8e+05,1,25,4,1,1,151.567550700799
4564586,1,1,1,47,1,1079877.625,1,58,6,4,0,320.897334712355
4564586,1,2,0,36,1,945166.6875,1,57,3,3,1,320.897334712355
4564587,1,1,1,67,4,1e+07,1,48,6,5,0,270.933996511387
4564587,1,2,0,47,1,5416666.5,1,48,6,5,0,270.933996511387
4564588,1,5,0,45,3,1e+06,1,50,5,1,0,291.599336085689
4564588,1,2,0,32,4,2.5e+07,1,100,6,1,0,291.599336085689
4564589,1,2,0,27,1,3491666.75,1,48,6,5,0,251.893318110576
4564589,1,1,1,33,2,3920666.75,1,108,6,5,0,251.893318110576
4564590,1,1,0,54,1,1352500,1,36,6,5,0,227.242497398605
4564590,1,2,0,21,4,9e+05,1,8,6,5,1,227.242497398605
4564591,1,1,1,36,4,8e+05,1,45,6,1,1,266.173538473202
4564591,1,2,0,33,1,6191666.5,1,40,6,5,0,266.173538473202
4564592,1,1,1,25,1,8e+05,1,24,5,3,1,251.893318110576
4564592,1,2,0,26,1,5e+05,1,15,5,3,1,251.893318110576
4564593,1,1,0,37,1,1020929.4375,1,40,5,4,0,271.361282042154
4564595,1,4,0,32,1,3558333.25,1,48,6,5,0,229.043475177361
4564595,1,3,1,33,1,941713.375,1,60,6,2,1,229.043475177361
4564595,1,1,1,56,5,3500000,1,70,4,2,1,229.043475177361
4564595,1,2,0,51,5,1e+06,1,70,6,2,1,229.043475177361
4564595,1,5,0,24,1,1743333.375,1,45,6,5,0,229.043475177361
4564596,1,3,1,38,1,5e+05,1,20,6,2,1,266.199114290989
4564597,1,1,0,35,1,1317811,1,48,5,5,0,275.072731878752
4564598,1,1,1,50,1,1625000,1,48,6,2,0,240.747740860715
4564599,1,1,1,57,4,2500000,1,40,6,1,1,293.338433379047
4564600,1,1,0,37,4,8e+05,1,54,4,1,1,257.081061679528
4564602,1,1,1,48,1,13083333,1,40,6,2,0,240.747740860715
4564603,1,2,0,20,4,8e+05,1,42,4,4,1,304.352609970631
4564603,1,1,1,24,1,822908.6875,1,50,3,2,0,304.352609970631
4564604,1,1,1,26,1,930929.4375,1,48,5,5,0,240.747740860715
4564605,1,1,1,41,1,3250000,1,43,6,5,0,207.756412932239
4564605,1,2,0,35,1,2041666.75,1,40,6,5,0,207.756412932239
4564606,1,1,0,25,1,1500000,1,48,6,3,0,216.655606337789
4564607,1,1,1,43,1,1078666.625,1,72,3,2,0,266.173538473202
4564608,1,2,0,49,1,930929.4375,1,48,5,4,0,218.343303993055
4564609,1,1,1,51,1,842718.4375,1,96,4,5,0,209.444110587505
4564609,1,3,1,25,1,930929.4375,1,48,6,5,0,209.444110587505
4564609,1,4,0,23,1,930929.4375,1,48,6,5,0,209.444110587505
4564610,1,1,1,44,1,1143211,1,72,4,5,0,320.897334712355
4564611,1,2,0,24,4,3e+05,1,12,3,1,1,339.608442278205
4564612,1,1,1,45,2,3262500,1,70,6,5,0,287.347320594834
4564612,1,2,0,28,1,1591500,1,48,5,2,0,287.347320594834
4564613,1,2,0,43,1,8e+06,1,40,6,5,0,218.883869647312
4564613,1,1,1,45,4,2e+06,1,40,6,1,0,218.883869647312
4564613,1,5,0,52,3,950000,1,40,4,1,0,218.883869647312
4564614,1,1,0,53,1,1070666.625,1,48,6,3,0,211.248755560408
4564615,1,1,1,37,1,1075000,1,55,5,5,0,266.173538473202
4564615,1,2,0,26,1,1458333.375,1,48,6,5,0,266.173538473202
4564616,1,1,1,45,1,1.5e+07,1,47,6,5,0,218.883869647312
4564616,1,5,0,54,3,966666.6875,1,45,5,1,0,218.883869647312
4564616,1,2,0,43,1,12500000,1,40,6,5,0,218.883869647312
4564619,1,1,1,26,1,1615083.375,1,48,5,4,1,240.747740860715
4564620,1,1,1,35,1,3013211,1,48,6,5,0,240.747740860715
4564621,1,2,0,35,1,11700000,1,40,6,5,0,207.756412932239
4564622,1,1,1,37,1,5958333.5,1,48,6,4,0,240.747740860715
4564623,1,1,1,27,1,833333.3125,1,70,5,5,0,276.760429534018
4564623,1,2,0,29,1,917211,1,48,6,3,0,276.760429534018
4564624,1,1,0,28,4,3500000,1,48,6,5,0,216.655606337789
4564625,1,1,1,45,5,9e+06,1,45,6,5,0,324.590664014165
4564625,1,2,0,35,1,4166666.75,1,45,6,5,0,324.590664014165
4564626,1,2,0,48,4,5e+05,1,4,6,1,0,266.173538473202
4564626,1,1,1,44,1,5375000,1,77,6,5,0,266.173538473202
4564627,1,1,1,24,1,842718.4375,1,48,4,2,0,246.494170618712
4564627,1,2,0,27,1,899053,1,48,5,4,0,246.494170618712
4564629,1,1,1,27,1,1e+06,1,48,4,3,1,339.608442278205
4564633,1,1,0,27,4,2e+05,1,21,5,2,1,290.612955262262
4564633,1,2,1,19,4,2e+06,1,48,6,1,1,290.612955262262
4564636,1,1,0,27,4,120000,1,24,6,2,1,216.655606337789
4564637,1,1,1,49,1,954877.6875,1,60,5,5,0,240.747740860715
4564639,1,1,1,52,1,8e+05,1,40,5,2,0,218.9019901821
4564640,1,1,1,59,4,250000,1,70,3,1,1,409.266304657732
4564640,1,2,0,53,1,930929.4375,1,72,3,2,0,409.266304657732
4564640,2,1,0,29,1,120000,1,12,4,5,1,409.266304657732
4564640,2,2,1,27,4,1200000,1,96,6,1,1,409.266304657732
4566981,1,1,1,48,1,3e+05,1,48,6,2,1,229.488881242916
4566981,1,2,0,25,1,7e+05,1,40,6,2,1,229.488881242916
4566981,1,4,0,21,1,1120000,1,48,5,3,1,229.488881242916
4566982,1,1,1,60,1,880000,1,72,4,2,1,293.338433379047
4566983,1,1,0,40,4,2380000,1,48,6,5,0,216.655606337789
4568349,1,1,1,52,4,1e+05,1,40,6,1,0,240.747740860715
4568350,1,3,1,40,1,3566666.75,1,40,6,5,0,204.2674894957
4568351,1,1,1,72,4,2e+05,1,30,4,1,0,233.207786362513
4568351,1,3,0,34,1,1562500,1,48,6,5,0,233.207786362513
4568351,1,4,1,29,1,1975000,1,48,6,5,0,233.207786362513
4568354,1,1,0,48,4,1250000,1,46,5,5,0,194.251169470129
4568354,1,3,0,26,1,1279877.625,1,48,6,4,0,194.251169470129
4568355,1,1,1,28,4,1e+06,1,40,5,1,1,225.616680228737
4568355,1,6,0,54,1,720000,1,40,5,2,1,225.616680228737
4568355,1,7,0,25,1,650000,1,48,5,2,1,225.616680228737
4568356,1,1,1,59,1,1496544.375,1,40,4,4,0,209.115651839587
4568356,1,2,0,60,4,8e+05,1,32,3,1,0,209.115651839587
4568356,1,3,0,31,1,954877.6875,1,40,6,5,0,209.115651839587
4568356,1,4,0,28,4,2e+05,1,40,6,5,1,209.115651839587
4568357,1,1,1,50,4,1e+06,1,72,6,1,1,174.765085003763
4568357,1,2,0,49,4,5e+06,1,48,6,5,0,174.765085003763
4568358,1,1,1,32,1,1891500,1,60,5,4,0,244.240083488884
4568358,1,2,0,33,1,1263333.375,1,48,5,2,0,244.240083488884
4568359,2,1,0,41,1,1786666.625,1,48,6,5,0,311.556402435398
4568360,1,1,1,66,4,6e+05,1,36,3,2,1,242.106979768063
4568360,1,2,0,65,4,6e+05,1,36,3,2,1,242.106979768063
4568361,1,2,1,36,1,1171544.375,1,48,5,4,0,315.691470608615
4568363,1,1,1,49,5,750000,1,48,5,2,1,193.458072034825
4568363,1,2,0,49,4,6e+05,1,48,5,1,1,193.458072034825
4568364,1,1,0,50,1,2846666.75,1,40,6,4,0,228.930195053871
4568364,1,2,1,25,1,1279877.625,1,40,6,5,0,228.930195053871
4568365,1,2,1,26,1,902786.3125,1,48,6,5,0,222.507615178207
4568366,1,3,1,27,1,1261666.625,1,48,6,4,0,266.199114290989
4568367,1,2,1,47,2,6933333.5,1,40,6,5,0,276.760429534018
4568367,1,1,0,41,5,1e+06,1,50,6,2,1,276.760429534018
4568368,1,3,1,55,1,1021544.3125,1,48,5,5,0,263.394042013185
4568368,1,4,0,31,1,1171544.375,1,48,5,5,0,263.394042013185
4568368,1,5,0,54,1,360000,1,35,4,2,1,263.394042013185
4568369,1,2,0,42,4,150000,1,66,4,1,1,266.173538473202
4568370,1,1,0,48,4,4e+05,1,72,3,1,1,260.792511516126
4568372,1,1,0,31,1,650000,1,48,6,2,1,156.966698192662
4568372,1,2,1,38,1,550000,1,48,5,2,1,156.966698192662
4568372,1,3,1,25,1,940000,1,48,5,2,1,156.966698192662
4568372,1,4,0,33,1,550000,1,40,5,3,1,156.966698192662
4568372,1,5,1,27,1,7e+05,1,48,5,2,1,156.966698192662
4568373,1,2,0,41,1,919453,1,48,6,5,0,256.832606196245
4568374,1,1,0,54,4,9e+05,1,40,5,5,0,216.655606337789
4568375,1,1,1,63,4,1500000,1,78,5,2,1,275.09830769654
4568375,1,2,0,57,4,1500000,1,60,5,2,1,275.09830769654
4568376,1,1,0,44,1,1045476.4375,1,30,6,4,0,260.774390981339
4568378,1,1,1,30,1,869453,1,54,4,2,1,240.747740860715
4568379,1,1,1,45,1,869453,1,48,3,2,1,240.747740860715
4568383,1,1,0,32,1,8e+05,1,48,5,2,1,246.494170618712
4568384,1,1,1,22,1,1388211,1,50,6,2,0,235.348593368851
4568385,1,1,0,67,4,5e+05,1,35,4,1,1,231.406808583758
4568386,1,1,1,35,1,840000,1,44,5,3,1,264.281186950148
4568386,1,3,1,60,4,6e+05,1,28,6,1,1,264.281186950148
4568386,1,4,0,33,1,420000,1,66,6,2,1,264.281186950148
4568386,2,2,1,29,1,1200000,1,72,4,2,1,264.281186950148
4568387,1,1,1,50,1,780000,1,50,5,2,1,160.466744106349
4568387,1,2,0,50,1,927786.375,1,48,5,2,0,160.466744106349
4568387,1,4,0,25,1,898619.6875,1,48,6,3,0,160.466744106349
4568388,1,2,1,35,1,975000,1,50,5,5,0,262.933070519947
4568389,1,1,1,59,1,869453,1,48,5,4,1,293.338433379047
4568391,1,1,1,23,1,961953,1,48,6,5,0,260.774390981339
4568391,1,2,0,26,1,961953,1,48,5,5,0,260.774390981339
4568392,1,1,1,37,4,9e+05,1,54,5,2,0,240.747740860715
4568394,1,1,1,33,1,1171544.375,1,48,3,2,0,368.168883003457
4568394,1,2,0,24,1,869453,1,48,5,4,0,368.168883003457
4568395,1,1,1,47,1,1950000,1,48,5,5,0,218.343303993055
4568395,1,2,0,44,1,844575.3125,1,40,5,2,0,218.343303993055
4568396,1,1,0,54,4,6e+05,1,50,6,1,1,237.149571147607
4568396,1,2,1,56,1,1512500,1,48,5,3,0,237.149571147607
4568396,1,3,1,32,1,2248000,1,60,6,5,0,237.149571147607
4568397,1,1,0,61,5,2500000,1,60,5,2,1,242.106979768063
4568397,1,3,0,35,1,6e+05,1,60,5,2,0,242.106979768063
4568398,1,1,1,49,4,1500000,1,48,5,1,1,240.747740860715
4568400,1,1,1,52,4,1200000,1,90,3,1,1,240.747740860715
4568401,1,1,1,71,4,750000,1,42,4,1,0,227.80863887065
4568401,1,2,0,67,4,8e+05,1,48,3,1,0,227.80863887065
4568402,1,3,0,42,3,781242,1,48,4,1,0,242.106979768063
4568403,1,1,0,27,3,7e+05,1,28,5,1,1,260.792511516126
4568404,1,1,0,83,4,160000,1,10,3,1,1,213.16668290125
4568404,1,2,0,58,4,8e+05,1,40,5,1,1,213.16668290125
4568405,1,1,1,28,1,1e+06,1,60,4,2,1,251.875197575788
4568405,1,2,0,28,4,150000,1,2,5,1,1,251.875197575788
4568406,1,2,1,39,1,1148211,1,48,4,5,0,296.012102754126
4568407,1,1,1,35,1,1309000,1,48,5,5,0,193.458072034825
4568407,1,2,0,33,1,830000,1,48,5,5,0,193.458072034825
4568409,1,1,1,36,2,17166666,1,80,6,5,0,240.747740860715
4568410,1,1,1,39,1,7e+06,1,48,6,2,0,240.747740860715
4568411,1,1,1,52,4,7e+05,1,40,3,1,1,287.887886249091
4568411,1,3,0,25,1,930929.4375,1,48,5,4,0,287.887886249091
4568411,1,4,0,24,1,4e+05,1,40,6,2,1,287.887886249091
4568411,1,6,1,20,1,8e+05,1,60,5,4,1,287.887886249091
4568412,1,1,1,28,4,1200000,1,65,6,2,1,296.012102754126
4568412,1,2,0,30,1,5e+05,1,30,5,3,1,296.012102754126
4568412,1,5,1,23,1,75000,1,18,6,2,1,296.012102754126
4568413,1,1,1,65,4,3e+05,1,48,3,1,1,270.933996511387
4568413,1,2,0,48,4,6e+05,1,70,5,1,1,270.933996511387
4568413,1,3,0,21,1,788211,1,40,6,5,0,270.933996511387
4568414,1,1,1,66,1,650000,1,53,6,2,1,255.170589621686
4568414,1,2,0,54,3,960000,1,51,6,1,1,255.170589621686
4568414,1,4,1,20,1,830000,1,54,6,2,1,255.170589621686
4568414,1,5,0,18,1,7e+05,1,56,5,2,1,255.170589621686
4568414,1,6,0,31,1,780000,1,72,6,2,1,255.170589621686
4568414,1,7,1,42,1,8e+05,1,50,4,3,1,255.170589621686
4568414,1,9,1,18,1,450000,1,42,4,2,1,255.170589621686
4568415,1,1,1,31,1,3791666.75,1,48,6,5,0,184.558878629275
4568415,1,2,0,54,1,250000,1,16,4,2,1,184.558878629275
4568415,1,3,1,53,5,3200000,1,48,4,2,1,184.558878629275
4568416,1,1,0,44,4,4e+05,1,48,3,1,1,232.195829721299
4568419,1,1,1,72,4,2e+05,1,48,3,1,0,266.199114290989
4568419,1,2,0,68,1,320000,1,14,3,2,1,266.199114290989
4568419,1,3,1,25,1,331666.65625,1,38,5,2,1,266.199114290989
4568420,1,3,1,24,4,3e+05,1,40,5,1,1,275.328642645036
4568420,1,4,0,19,1,680000,1,36,4,5,0,275.328642645036
4568422,1,1,1,46,1,1191666.625,1,48,5,5,0,228.930195053871
4568422,1,2,0,41,1,1117377.625,1,48,5,5,0,228.930195053871
4568423,1,1,0,49,3,650000,1,55,6,1,1,296.246514000384
4568423,1,3,0,23,4,240000,1,40,6,1,1,296.246514000384
4568424,1,1,1,30,1,1200000,1,45,6,2,0,240.747740860715
4568425,1,2,0,47,1,1800000,1,9,6,5,0,198.415480655281
4568426,1,2,1,62,1,1200000,1,66,3,4,0,233.207786362513
4568426,1,3,1,39,1,842718.4375,1,72,6,5,0,233.207786362513
4568426,1,4,0,28,1,906242,1,48,6,5,0,233.207786362513
4568427,1,2,0,31,1,869453,1,48,5,5,0,318.764230991534
4568428,1,7,0,19,4,150000,1,20,5,1,1,370.221983459645
4568430,1,1,1,30,1,2254806.75,1,48,6,3,0,222.507615178207
4568431,1,1,1,44,4,1200000,1,54,5,1,1,204.044963095641
4568432,1,1,0,56,4,1e+06,1,23,6,1,1,231.406808583758
4568433,1,1,1,40,4,7800000,1,48,6,5,0,207.756412932239
4568434,1,1,1,59,4,450000,1,72,5,2,1,260.347105450571
4568434,1,2,0,53,4,450000,1,35,5,2,1,260.347105450571
4568435,1,1,0,53,4,2100000,1,48,6,1,0,185.351976064578
4568435,1,2,1,54,4,1e+07,1,40,6,1,0,185.351976064578
4568435,1,3,0,26,4,2510000,1,40,6,5,0,185.351976064578
4568435,1,4,0,23,1,2500000,1,40,6,5,0,185.351976064578
4568436,1,1,0,42,1,1112333.375,1,48,6,5,0,179.159731137411
4568436,1,2,1,44,1,1250000,1,48,6,2,0,179.159731137411
4568436,1,3,1,23,1,781242,1,48,6,4,0,179.159731137411
4568437,1,1,0,52,4,4e+05,1,70,3,1,1,212.944156501191
4568438,1,1,1,51,1,928219.6875,1,48,5,5,0,175.217946352317
4568439,1,2,1,50,5,1500000,1,54,5,3,1,291.511631779987
4568440,1,1,0,31,1,2166666.75,1,50,6,5,0,216.655606337789
4568441,1,1,1,46,4,3e+06,1,48,6,1,0,231.848547455165
4568441,1,2,1,39,4,2e+06,1,40,6,5,0,231.848547455165
4568442,1,1,0,58,4,1400000,1,84,4,1,1,189.516287249731
4568443,1,1,1,26,1,2189000,1,55,6,5,0,231.848547455165
4568443,1,2,1,26,1,1900000,1,60,6,5,0,231.848547455165
4568444,1,2,0,60,3,130000,1,8,4,1,1,266.199114290989
4568444,1,3,1,38,4,8e+05,1,84,5,1,1,266.199114290989
4568445,1,1,0,43,1,991953,1,48,3,4,0,212.944156501191
4568446,1,1,0,51,1,781242,1,48,3,4,0,260.347105450571
4568447,1,1,0,57,4,4e+05,1,25,6,4,0,189.516287249731
4568447,1,2,1,51,1,1585000,1,55,5,4,0,189.516287249731
4568447,1,3,0,25,4,1500000,1,48,6,1,1,189.516287249731
4568448,1,2,1,37,4,1e+07,1,40,6,4,1,207.756412932239
4568449,1,2,0,59,1,810408.6875,1,48,5,4,0,300.524105309027
4568449,1,3,0,29,1,1473461,1,48,6,5,0,300.524105309027
4568450,1,1,0,20,1,931953,1,48,6,5,0,260.233825327081
4568451,1,1,0,69,4,2e+05,1,54,4,1,1,266.644520356545
4568451,1,2,1,37,4,2e+05,1,48,6,2,1,266.644520356545
4568452,1,1,1,27,4,8e+05,1,72,5,1,1,324.590664014165
4568453,1,1,1,49,5,8e+05,1,48,3,2,0,164.861390239998
4568454,1,1,1,36,4,3e+05,1,48,5,2,1,240.747740860715
4568455,1,1,0,28,1,1841666.625,1,48,6,5,0,207.756412932239
4568455,1,2,1,27,1,2e+06,1,48,5,4,0,207.756412932239
4568456,1,1,1,62,4,3e+06,1,12,5,2,0,251.900773393576
4568456,1,3,1,37,1,1500000,1,48,6,4,0,251.900773393576
4568457,1,1,0,66,4,250000,1,48,5,1,1,275.09830769654
4568458,1,1,0,52,1,1800000,1,60,5,2,1,266.173538473202
4568458,1,2,1,31,1,1200000,1,60,6,2,1,266.173538473202
4568459,1,1,1,30,4,8e+05,1,60,6,1,1,207.756412932239
4568459,1,2,0,38,1,2e+06,1,48,6,5,0,207.756412932239
4568463,1,1,0,44,4,1200000,1,77,5,1,1,202.357265440375
4568463,1,2,1,18,1,4e+05,1,40,6,2,1,202.357265440375
4568464,1,1,0,46,4,2e+05,1,18,5,1,1,286.871762667739
4568466,1,1,1,68,4,3e+05,1,20,3,2,1,312.883163970847
4568466,1,2,1,44,4,4e+05,1,24,5,2,1,312.883163970847
4568467,1,2,0,40,1,6783333,1,30,6,5,0,198.415480655281
4568468,1,1,0,48,4,260000,1,60,3,1,1,168.967267611957
4568468,1,2,0,58,3,650000,1,30,3,1,1,168.967267611957
4568468,1,3,0,51,1,959429.4375,1,48,5,5,0,168.967267611957
4568468,1,5,0,43,1,930929.4375,1,49,5,3,0,168.967267611957
4568468,1,6,0,20,1,448888,1,8,6,2,1,168.967267611957
4568470,1,1,1,19,4,6e+05,1,60,3,1,1,235.348593368851
4568472,1,2,0,26,1,2e+06,1,48,6,5,0,183.664278409313
4568473,1,1,1,34,1,991953,1,54,4,2,0,341.341488016693
4568473,1,2,0,34,4,6e+05,1,45,5,1,1,341.341488016693
4568475,1,1,1,19,1,8e+05,1,54,4,2,1,235.348593368851
4568476,1,1,1,36,1,1183333.375,1,48,6,4,0,245.244289454576
4568476,1,2,1,53,4,8e+05,1,58,3,1,1,245.244289454576
4568476,1,3,1,39,1,955929.4375,1,48,6,5,0,245.244289454576
4568477,1,1,1,29,1,931119.6875,1,48,4,5,0,251.893318110576
4568478,1,1,0,53,4,2e+05,1,40,4,2,0,231.750423655744
4568480,1,2,1,22,4,4e+05,1,48,5,1,1,226.449399963301
4568481,1,1,0,24,1,672000,1,60,4,2,1,304.370730505418
4568482,1,1,0,51,1,7600000,1,50,6,5,0,207.756412932239
4568482,1,2,1,51,1,15966666,1,55,6,5,0,207.756412932239
4568483,1,2,1,20,1,928211,1,48,6,4,0,245.935484429667
4568485,1,1,1,25,1,3008333.25,1,48,6,5,0,231.848547455165
4568485,1,2,1,25,1,2708333.25,1,48,6,5,0,231.848547455165
4568486,1,2,1,20,1,869453,1,48,5,4,1,221.050252471438
4568489,1,1,1,61,4,1e+06,1,56,6,1,1,260.347105450571
4568490,1,2,0,41,1,1.8e+07,1,50,6,4,0,291.599336085689
4568490,1,5,0,53,3,1130000,1,40,5,2,0,291.599336085689
4568491,1,1,1,37,4,1800000,1,68,6,1,1,296.030223288913
4568491,1,2,0,32,1,1317377.625,1,48,6,5,0,296.030223288913
4568493,1,1,1,25,1,1215929.375,1,48,5,4,0,249.094339959631
4568493,1,2,1,22,1,869453,1,48,5,4,0,249.094339959631
4568494,1,1,0,27,4,1900000,1,48,6,1,0,194.251169470129
4568494,1,3,0,29,3,842742,1,60,4,1,0,194.251169470129
4568495,1,1,1,54,4,9e+05,1,70,4,1,1,264.822514946786
4568496,1,1,1,27,1,1200000,1,60,5,2,0,281.731882391499
4568496,1,2,0,32,1,870000,1,63,5,4,1,281.731882391499
4568497,1,1,0,20,1,250000,1,48,5,2,1,245.935484429667
4568497,1,2,1,24,1,1216666.625,1,48,5,4,0,245.935484429667
4568498,1,1,1,43,1,963453,1,50,3,2,0,204.044963095641
4568498,1,2,0,40,1,959929.4375,1,48,5,3,0,204.044963095641
4568499,1,1,1,32,1,1183333.375,1,48,4,2,0,207.756412932239
4568499,1,2,0,36,1,869461,1,48,6,5,0,207.756412932239
4568500,1,1,0,21,1,869453,1,60,5,4,0,260.233825327081
4568501,1,1,1,34,1,1629000,1,50,5,5,0,251.893318110576
4568501,1,2,0,26,1,1488211,1,45,6,5,0,251.893318110576
4568502,1,1,1,49,1,2688211,1,48,6,5,0,226.449399963301
4568502,1,2,1,24,1,934453,1,48,6,5,0,226.449399963301
4568503,1,1,0,25,1,1116127.625,1,48,6,5,0,275.072731878752
4568505,1,1,1,24,1,1284000,1,48,6,4,0,260.774390981339
4568505,1,2,0,25,4,1900000,1,48,6,1,1,260.774390981339
4568506,1,1,0,46,4,3e+05,1,60,6,1,0,216.655606337789
4568508,1,1,1,21,4,1800000,1,70,6,1,1,235.348593368851
4568511,1,1,0,32,4,2e+06,1,30,6,2,1,251.893318110576
4568511,1,2,1,27,4,2e+06,1,50,6,2,1,251.893318110576
4568514,1,1,1,40,1,1638211,1,48,5,4,0,179.159731137411
4568514,1,2,0,38,1,5e+05,1,40,3,3,1,179.159731137411
4568515,1,1,1,23,4,1e+06,1,72,3,1,1,348.489515148968
4568516,1,2,0,59,4,1300000,1,10,6,1,0,275.09830769654
4568518,1,1,0,26,1,1230000,1,56,5,5,0,260.792511516126
4568519,1,1,1,19,4,850000,1,78,4,1,1,290.072389608004
4568520,1,1,1,64,1,1088211,1,48,3,5,0,260.799966799126
4568520,1,3,1,21,1,1088211,1,48,6,4,0,260.799966799126
4568521,1,1,1,23,1,1120000,1,50,5,5,0,235.348593368851
4568522,1,2,0,31,4,140000,1,40,3,1,1,202.357265440375
4568523,1,2,0,52,2,1500000,1,30,6,5,0,224.283017139176
4568523,1,3,0,29,2,1500000,1,60,6,5,0,224.283017139176
4568523,1,4,1,34,2,1500000,1,72,5,5,0,224.283017139176
4568525,1,1,0,28,1,781242,1,48,5,2,0,251.893318110576
4568525,1,2,1,28,1,781242,1,48,5,2,0,251.893318110576
4568526,1,1,1,38,2,1351000,1,48,5,5,0,193.238964826396
4568529,1,1,1,40,2,2575500,1,45,6,5,0,251.893318110576
4568529,1,2,0,37,1,2700833.5,1,40,6,5,0,251.893318110576
4570242,1,4,0,30,1,833333.3125,1,48,6,5,0,156.524959321255
4570242,1,2,0,31,1,2708333.25,1,70,6,5,0,156.524959321255
4570242,1,3,1,40,1,2654166.75,1,48,5,5,0,156.524959321255
4570243,1,1,1,24,1,1038211,1,48,6,5,0,235.348593368851
4570244,1,1,1,23,4,2e+05,1,8,6,1,1,235.348593368851
4570247,1,1,1,25,1,902786.3125,1,48,6,5,0,226.449399963301
4570247,1,2,1,23,1,988211,1,48,6,5,0,226.449399963301
4570248,1,1,1,30,5,1500000,1,48,5,2,1,261.921522982347
4570249,1,2,0,42,3,560000,1,36,4,1,1,310.310443651539
4570249,1,1,1,44,1,1143333.375,1,72,5,5,0,310.310443651539
4570250,1,1,1,39,5,5e+06,1,56,5,2,1,240.747740860715
4572159,1,1,1,67,4,2600000,1,66,4,1,1,275.09830769654
4572160,1,2,1,54,4,8e+05,1,12,6,1,1,222.507615178207
4572162,1,1,1,57,4,1700000,1,48,6,1,0,293.338433379047
4572164,1,1,1,40,1,1048211,1,66,4,2,1,296.030223288913
4572165,2,1,1,40,4,5e+05,1,35,6,1,1,266.199114290989
4572165,2,2,0,67,4,360000,1,15,3,1,1,266.199114290989
4572166,2,1,0,26,1,842718.4375,1,48,5,5,0,227.80118358765
4572167,1,1,1,91,4,2e+05,1,36,3,1,1,275.09830769654
4572169,1,1,1,47,4,8e+05,1,48,3,3,1,296.030223288913
4572170,1,1,1,46,1,850000,1,48,5,2,1,204.044963095641
4572170,1,2,0,43,3,2e+05,1,10,5,1,1,204.044963095641
4572171,1,1,0,42,4,150000,1,49,3,1,1,260.792511516126
4572172,1,1,1,45,1,1063211,1,72,5,2,0,193.458072034825
4572172,1,3,1,18,1,960000,1,48,5,2,1,193.458072034825
4572174,1,1,1,31,1,4e+05,1,32,4,3,1,295.471537099868
4572174,1,2,0,22,4,60000,1,10,5,1,1,295.471537099868
4572175,1,5,1,44,1,930929.4375,1,48,5,5,0,225.981837271589
4572176,1,1,1,34,4,1e+06,1,77,5,2,1,262.480209171392
4572177,1,6,1,26,1,1250000,1,48,5,5,0,283.171124563482
4572177,1,3,0,29,1,1e+06,1,80,5,2,1,283.171124563482
4572178,1,1,0,44,5,1e+06,1,70,4,2,1,219.354851530655
4572178,1,3,1,20,1,1200000,1,48,5,5,0,219.354851530655
4572179,1,1,1,43,1,6e+05,1,60,6,3,1,222.507615178207
4572180,1,1,1,51,1,1300000,1,48,3,4,0,207.756412932239
4572180,1,2,0,42,1,869453,1,48,5,4,0,207.756412932239
4572182,1,1,1,31,1,1450000,1,50,5,5,0,231.848547455165
4572182,1,2,1,25,1,841242,1,48,5,4,0,231.848547455165
4572183,1,2,1,31,1,1596544.375,1,56,5,5,0,222.507615178207
4572183,1,1,0,57,4,2e+05,1,24,4,1,1,222.507615178207
4572184,1,2,0,34,1,946153,1,48,5,5,0,219.354851530655
4572184,1,3,1,38,1,1375494.375,1,45,5,5,0,219.354851530655
4572185,1,1,1,36,1,1183333.375,1,48,5,3,0,296.030223288913
4572185,1,2,0,36,1,1e+06,1,58,3,2,1,296.030223288913
4572186,1,1,0,59,4,1500000,1,56,4,2,1,266.199114290989
4572186,1,3,1,31,4,1e+06,1,56,6,2,1,266.199114290989
4572188,1,1,1,30,4,1100000,1,48,5,1,0,240.747740860715
4572191,1,1,1,53,1,950703,1,48,6,5,0,240.747740860715
4572192,1,3,1,20,4,50000,1,5,6,1,1,193.458072034825
4572192,1,1,1,49,1,5416666.5,1,48,6,5,0,193.458072034825
4572192,1,2,0,44,1,3006666.75,1,40,6,5,0,193.458072034825
4572194,1,3,1,61,4,6e+05,1,36,3,1,1,270.933996511387
4572194,1,1,0,33,1,1796266.625,1,48,5,5,0,270.933996511387
4572195,1,1,0,52,3,930929.4375,1,40,3,1,0,179.159731137411
4572195,1,3,1,23,1,1300000,1,48,5,2,1,179.159731137411
4572195,1,4,1,18,1,869453,1,48,5,3,0,179.159731137411
4572196,1,1,1,31,1,8e+05,1,60,3,2,1,310.310443651539
4572196,1,2,0,25,1,850000,1,60,3,2,1,310.310443651539
4572197,1,1,1,28,1,8e+05,1,48,4,4,0,193.458072034825
4572197,1,3,1,20,1,833333.3125,1,48,5,4,0,193.458072034825
4572197,1,2,0,40,3,833333.3125,1,48,3,1,0,193.458072034825
4572198,1,1,0,52,1,1625000,1,48,6,5,0,246.048764553157
4572199,1,3,1,19,1,896536.3125,1,48,6,5,0,204.044963095641
4572199,1,1,1,40,1,925536.3125,1,48,4,4,0,204.044963095641
4572200,1,2,0,20,1,936866.6875,1,70,5,5,0,320.33864852331
4572200,1,3,0,23,1,910866.6875,1,48,5,5,0,320.33864852331
4572201,1,1,1,51,1,911476.4375,1,48,5,5,0,198.857219526689
4572201,1,3,1,26,1,949687.4375,1,48,5,5,0,198.857219526689
4572202,1,1,1,48,4,1e+06,1,47,5,1,1,270.568184606851
4572204,1,2,0,27,1,781242,1,48,5,2,1,266.173538473202
4572205,1,3,1,20,1,8e+05,1,48,5,2,1,202.81012678893
4572206,1,1,0,33,1,938211,1,48,5,5,0,209.002371716097
4572207,1,1,1,50,1,781242,1,48,4,3,1,165.865891598212
4572207,1,4,1,25,1,867377.6875,1,48,6,4,0,165.865891598212
4572209,1,1,0,49,3,250000,1,24,5,1,0,202.357265440375
4572210,1,1,0,61,4,1148000,1,40,4,5,0,222.507615178207
4572210,1,2,1,44,1,1279878.625,1,48,6,4,0,222.507615178207
4572211,1,7,0,51,4,150000,1,24,3,1,1,325.405260969494
4572212,1,2,1,67,1,280000,1,24,3,3,1,267.886811946255
4572212,1,5,1,32,4,1300000,1,60,5,4,1,267.886811946255
4572213,1,2,0,51,1,1500000,1,48,5,2,1,218.456584116545
4572215,1,1,0,30,2,10958334,1,48,6,5,0,207.756412932239
4572215,1,2,1,32,2,4100000,1,40,6,5,0,207.756412932239
4572216,1,1,0,54,4,1300000,1,30,6,1,0,227.242497398605
4572217,1,3,1,25,1,1059166.625,1,48,5,3,0,228.695783807612
4572219,1,1,1,31,4,4e+06,1,40,6,5,0,207.756412932239
4572223,1,1,1,51,1,2683333.25,1,49,6,5,0,237.594977213162
4572228,1,1,1,55,4,1e+07,1,24,5,1,0,251.447912045021
4572228,1,2,0,53,4,1800000,1,36,6,5,1,251.447912045021
4572228,1,3,1,25,1,5208333.5,1,48,6,5,0,251.447912045021
4572229,1,1,0,61,4,2e+06,1,15,6,1,1,275.09830769654
4572231,1,2,0,29,1,4500000,1,48,6,5,0,207.756412932239
4572231,1,1,1,27,4,9e+06,1,77,6,1,0,207.756412932239
4572233,1,1,1,25,4,2e+05,1,20,4,1,1,240.747740860715
4572235,1,1,1,26,1,927953,1,48,5,5,0,295.471537099868
4572236,1,1,1,52,2,2056666.625,1,40,6,5,0,240.747740860715
4572237,1,5,0,36,1,3700000,1,43,6,5,0,210.803349494853
4572237,2,1,0,22,1,2250000,1,42,6,5,0,210.803349494853
4572239,1,1,1,35,2,3870000,1,80,6,5,0,266.173538473202
4572239,1,2,0,35,1,886666.6875,1,20,6,3,0,266.173538473202
4572240,1,1,0,43,2,1446333.375,1,40,6,5,0,242.534265298831
4572241,1,1,0,29,1,1743211,1,40,6,5,0,223.841278267768
4572242,1,2,0,34,1,6916666.5,1,44,6,5,0,207.756412932239
4572242,1,1,1,38,1,4e+06,1,44,6,5,0,207.756412932239
4572243,1,1,1,69,4,6e+05,1,96,3,1,1,293.338433379047
4572244,1,1,1,61,4,4e+06,1,40,3,1,0,213.510297973236
4572244,1,2,0,40,4,1500000,1,20,6,1,1,213.510297973236
4572246,1,3,0,49,3,8e+05,1,48,3,1,0,242.106979768063
4572247,1,2,0,57,4,960000,1,48,3,1,1,266.199114290989
4572249,1,1,1,55,1,10791667,1,48,6,5,0,231.750423655744
4572249,1,2,0,50,4,3500000,1,22,6,1,0,231.750423655744
4572250,1,2,0,34,1,988786.3125,1,48,3,5,0,290.185669731495
4572251,1,1,1,45,4,1500000,1,54,4,1,0,204.044963095641
4572252,1,1,1,56,2,2925000,1,40,6,5,0,256.635655613973
4572253,1,1,1,30,4,4e+06,1,48,6,5,0,224.195312833473
4572253,1,3,1,32,2,1888211,1,36,6,5,0,224.195312833473
4572254,1,2,1,33,1,2077333.375,1,48,5,5,0,251.893318110576
4572254,1,1,0,32,1,980666.6875,1,48,6,5,0,251.893318110576
4572255,1,1,0,64,4,250000,1,10,6,2,0,209.002371716097
4572255,1,2,0,40,1,7451666.5,1,48,6,5,0,209.002371716097
4572256,1,1,1,37,1,2166666.75,1,48,5,5,0,172.159639310038
4572256,1,3,1,49,1,2166666.75,1,48,6,5,0,172.159639310038
4572256,1,4,0,44,4,8e+05,1,50,5,1,1,172.159639310038
4572257,1,1,0,60,4,1200000,1,20,6,3,0,213.16668290125
4572258,1,4,1,26,3,3e+05,1,7,6,2,1,195.36829609015
4572259,1,1,1,30,1,1200000,1,48,5,2,1,240.747740860715
4572260,1,2,0,60,1,1135833.375,1,48,5,5,0,266.199114290989
4572260,1,1,1,56,1,1113333.375,1,50,5,5,0,266.199114290989
4572260,1,3,1,34,1,1750000,1,48,6,5,0,266.199114290989
4572262,1,2,1,35,1,3008333.5,1,40,6,5,0,222.507615178207
4572262,1,1,0,55,5,6e+05,1,70,4,2,1,222.507615178207
4572263,1,2,1,32,1,1863333.375,1,48,6,5,0,231.848547455165
4572263,1,1,1,35,1,2583333.25,1,48,6,4,0,231.848547455165
4572265,1,2,1,58,1,1279877.75,1,48,5,5,0,246.501625901712
4572265,1,1,0,56,1,1588211,1,48,6,5,0,246.501625901712
4572265,1,3,1,24,1,2400000,1,45,6,5,0,246.501625901712
4572267,1,3,1,21,1,1037500,1,48,6,5,0,189.969148598286
4572268,1,1,1,34,1,1388644.375,1,48,6,5,0,242.994124705026
4572268,1,2,0,32,1,1174477.625,1,48,5,5,0,242.994124705026
4572268,1,4,1,31,2,2650000,1,98,6,5,0,242.994124705026
4572269,1,1,1,48,5,2e+06,1,60,3,3,1,222.507615178207
4572269,1,2,0,55,1,60000,1,1,3,3,1,222.507615178207
4572272,1,1,1,24,1,1100000,1,70,5,3,1,235.348593368851
4572275,1,1,1,59,1,1055000,1,48,4,5,0,246.048764553157
4572276,1,1,1,22,1,1063211,1,48,6,5,0,245.935484429667
4572276,1,2,0,21,1,1009044.3125,1,42,6,5,0,245.935484429667
4572278,1,1,1,51,5,7e+06,1,72,6,2,0,240.747740860715
4572279,1,3,0,24,1,2308333.25,1,48,6,5,0,234.340465022882
4572281,1,1,1,33,1,7366666.5,1,48,6,5,0,207.756412932239
4572281,1,2,0,27,4,1500000,1,40,6,1,0,207.756412932239
4572282,1,1,0,42,1,4054877.75,1,48,6,5,0,188.058924542961
4572283,1,1,1,57,1,7583333.5,1,48,6,4,0,233.207786362513
4572283,1,2,0,55,4,2e+06,1,25,6,1,0,233.207786362513
4572283,1,4,0,25,1,2962500,1,48,6,4,0,233.207786362513
4572283,1,3,1,27,1,2166666.75,1,48,6,4,0,233.207786362513
4572284,1,1,0,35,1,1713211,1,40,6,5,0,207.756412932239
4572284,1,2,1,46,4,1e+06,1,40,5,1,1,207.756412932239
4572285,1,1,1,39,1,1.1e+07,1,40,6,5,0,240.747740860715
4572286,1,2,0,35,1,3310000,1,45,6,5,0,262.480209171392
4572287,1,1,1,26,4,4200000,1,40,6,5,0,240.747740860715
4572289,1,2,1,42,1,990476.4375,1,72,5,2,0,280.924740719171
4572290,1,1,1,54,4,1500000,1,112,3,2,1,317.379168263881
4572290,1,5,1,34,4,5e+05,1,30,5,1,1,317.379168263881
4572290,1,3,1,32,1,1892377.625,1,40,6,5,0,317.379168263881
4572291,1,1,0,43,2,1499600,1,40,5,5,0,253.121156359647
4572291,1,4,0,59,4,180000,1,14,3,1,1,253.121156359647
4572291,1,5,1,21,1,175000,1,50,5,2,1,253.121156359647
4572292,1,1,0,39,4,6e+05,1,56,4,1,1,319.209637057089
4572293,1,1,0,32,1,1662500,1,52,6,5,0,216.655606337789
4572294,1,2,1,44,1,480000,1,60,6,2,1,231.848547455165
4572294,1,1,1,38,1,1200000,1,48,5,3,1,231.848547455165
4572295,1,2,1,19,4,6e+05,1,56,5,1,1,239.26455433364
4572295,1,6,0,25,4,80000,1,56,6,1,1,239.26455433364
4572295,1,4,1,20,4,3e+05,1,46,5,2,1,239.26455433364
4572295,1,7,1,50,1,869453,1,48,6,4,0,239.26455433364
4572299,1,1,1,59,4,4e+05,1,60,3,1,1,293.338433379047
4572300,1,1,1,22,1,7e+05,1,66,6,3,1,222.737950126703
4572300,1,3,1,26,1,880000,1,60,6,3,1,222.737950126703
4572300,1,2,0,20,1,280000,1,34,5,4,1,222.737950126703
4572300,1,4,1,22,1,4e+05,1,50,6,2,1,222.737950126703
4572301,1,1,1,41,1,1733333.375,1,24,6,5,0,240.747740860715
4572302,1,1,0,31,1,10572000,1,50,6,5,1,202.357265440375
4572302,1,2,1,21,2,1200000,1,48,6,5,0,202.357265440375
4572304,1,1,0,29,1,3478211,1,60,6,5,0,260.792511516126
4572306,1,1,0,26,4,5e+06,1,48,6,5,0,216.655606337789
4572308,1,1,0,28,1,959929.4375,1,48,6,5,0,260.792511516126
4572309,1,1,0,55,1,720000,1,40,3,3,1,208.209274280794
4572312,1,3,1,24,4,1500000,1,60,6,2,1,229.470760708128
4572312,1,1,1,42,5,6e+06,1,60,6,2,0,229.470760708128
4572312,1,2,0,41,4,2e+06,1,60,5,2,1,229.470760708128
4572313,1,1,1,28,2,4500000,1,40,6,5,0,251.334631921531
4572313,1,2,0,20,1,1400000,1,40,6,5,1,251.334631921531
4572314,1,1,1,41,5,1e+06,1,60,6,2,1,251.893318110576
4572316,1,1,0,24,1,954877.6875,1,48,5,4,0,260.233825327081
4572317,1,1,1,39,4,2e+06,1,42,6,1,1,240.747740860715
4572320,1,1,1,47,4,8e+05,1,40,4,1,0,266.173538473202
4572323,1,3,0,24,1,897286.3125,1,48,6,5,0,285.685198757356
4572324,1,1,0,32,1,2738333.25,1,48,6,5,0,260.792511516126
4572325,1,1,1,54,2,2600000,1,50,5,5,0,142.226618423841
4572325,1,3,0,28,1,2083333.375,1,48,6,5,0,142.226618423841
4572326,1,1,0,47,1,3e+07,1,48,6,5,0,198.857219526689
4572326,1,3,1,26,1,2038211,1,48,5,5,0,198.857219526689
4572328,1,1,0,53,4,6e+05,1,50,5,1,1,183.664278409313
4572328,1,2,0,27,4,1e+06,1,48,6,4,0,183.664278409313
4572330,1,1,1,63,4,1e+06,1,40,5,1,1,246.048764553157
4572335,1,1,1,52,4,1100000,1,60,5,4,0,207.756412932239
4572336,1,1,1,56,4,180000,1,20,4,1,1,293.338433379047
4575660,1,1,0,27,4,7e+05,1,48,4,2,1,363.346542235427
4575662,1,2,0,30,2,5525000,1,60,6,5,0,251.893318110576
4575663,1,1,1,35,1,1201544.375,1,48,6,5,0,240.747740860715
4577342,1,2,0,51,1,961119.6875,1,48,5,5,0,223.644327685497
4577342,1,3,0,26,1,1171544.375,1,48,6,5,0,223.644327685497
4577344,1,1,1,41,4,1600000,1,45,5,1,0,207.756412932239
4577344,1,2,0,27,1,919453,1,36,6,2,1,207.756412932239
4577345,1,1,1,59,4,8e+05,1,48,5,1,1,257.299920885439
4577345,1,2,0,60,4,1500000,1,48,6,1,1,257.299920885439
4577345,1,4,1,32,1,2e+06,1,70,6,5,0,257.299920885439
4577346,1,1,1,48,4,480000,1,50,5,1,1,240.747740860715
4577347,1,1,1,53,4,6500000,1,48,6,5,0,156.524959321255
4577347,1,2,0,53,2,3066666.5,1,50,6,5,0,156.524959321255
4577347,1,3,0,27,1,1615000,1,50,6,4,0,156.524959321255
4577348,1,1,1,53,4,4e+05,1,40,3,1,1,204.044963095641
4577348,1,3,1,21,4,6e+05,1,50,5,1,1,204.044963095641
4577350,1,2,0,40,1,5400000,1,48,6,5,0,207.756412932239
4577351,1,1,1,30,1,6e+05,1,48,3,2,1,189.746622198227
4577351,1,2,0,37,3,550000,1,48,3,1,1,189.746622198227
4577352,1,2,1,19,1,550000,1,30,6,5,1,202.357265440375
4577353,1,1,0,46,5,9e+05,1,90,5,2,1,216.655606337789
4577354,1,3,1,25,1,966153,1,48,6,5,0,229.496336525915
4577354,1,4,1,23,1,3433333.5,1,51,6,5,0,229.496336525915
4577355,1,1,1,58,5,1200000,1,60,6,2,1,331.597505896661
4577355,1,3,1,25,4,2300000,1,60,6,5,0,331.597505896661
4577355,1,4,0,28,1,2185000,1,48,6,5,0,331.597505896661
4577356,1,1,1,61,5,2200000,1,42,5,2,0,194.364449593619
4577356,1,3,0,29,1,5e+05,1,50,6,5,1,194.364449593619
4577357,1,1,1,55,1,959929.4375,1,40,4,2,0,290.185669731495
4577357,1,3,1,24,1,930929.4375,1,48,6,4,0,290.185669731495
4577358,1,1,1,61,4,1500000,1,35,5,1,1,303.925324439863
4577359,1,1,1,30,4,5e+05,1,40,4,1,1,339.608442278205
4577361,1,1,1,41,4,1e+07,1,46,5,1,1,207.756412932239
4577361,1,2,0,35,4,1017000,1,48,6,5,1,207.756412932239
4577362,1,1,0,67,4,135000,1,40,5,1,1,241.993699644573
4577362,1,2,0,20,1,1483333.375,1,48,6,4,0,241.993699644573
4577363,1,2,0,56,5,1500000,1,30,5,2,1,233.207786362513
4577363,1,3,0,28,1,1e+05,1,6,6,2,1,233.207786362513
4577363,1,4,1,25,4,2070000,1,25,6,5,0,233.207786362513
4577365,1,3,0,28,1,2166666.75,1,48,6,5,0,242.106979768063
4577366,1,1,1,38,4,960000,1,72,5,1,1,193.458072034825
4577367,1,1,1,23,1,1286611,1,48,6,5,0,304.911296159676
4577368,1,1,1,53,4,9e+05,1,60,3,1,1,204.044963095641
4577368,1,3,1,22,1,1010929.4375,1,48,5,4,0,204.044963095641
4577371,1,1,1,50,1,858333.3125,1,48,4,3,1,258.52030385151
4577372,1,1,1,19,1,902786.3125,1,48,6,5,0,221.050252471438
4577372,1,2,1,23,1,1298211,1,48,6,5,0,221.050252471438
4577373,1,2,0,31,4,1e+05,1,40,5,1,1,207.756412932239
4577374,1,1,1,27,1,1583333.375,1,45,4,2,1,251.875197575788
4577374,1,2,0,25,4,8e+05,1,48,5,4,1,251.875197575788
4577375,1,1,1,46,4,8e+05,1,60,3,1,1,198.857219526689
4577375,1,2,0,45,4,3e+05,1,40,3,1,1,198.857219526689
4577375,1,3,1,25,1,1500000,1,50,4,2,1,198.857219526689
4577377,1,3,1,38,4,6e+05,1,72,3,3,1,274.078647769808
4577378,1,1,1,25,1,1e+06,1,60,3,4,1,262.480209171392
4577378,1,2,0,33,1,960929.4375,1,40,5,4,0,262.480209171392
4577379,1,3,1,46,1,5500000,1,48,6,5,0,266.199114290989
4577380,1,2,0,35,1,1191666.625,1,48,6,5,0,310.310443651539
4577381,1,1,1,51,2,3270666.75,1,40,6,5,0,226.449399963301
4577382,1,1,1,24,4,850000,1,70,5,2,1,212.944156501191
4577382,1,2,0,22,1,960000,1,63,6,2,1,212.944156501191
4577383,1,1,1,30,1,781242,1,56,5,2,1,251.334631921531
4577383,1,2,0,22,1,881828,1,48,6,4,0,251.334631921531
4577384,1,2,0,53,4,240000,1,40,4,1,1,271.492682700432
4577384,1,3,0,31,1,1005000,1,40,6,5,0,271.492682700432
4577386,1,1,1,35,1,2166666.75,1,48,6,5,0,295.471537099868
4577388,1,1,0,55,1,4500000,1,60,6,5,0,260.799966799126
4577388,1,3,1,59,5,5e+06,1,48,5,2,1,260.799966799126
4577389,1,1,1,61,1,10125000,1,50,6,5,0,337.029932491829
4577391,1,3,1,36,4,1500000,1,84,5,1,1,324.616239831953
4577392,1,1,0,53,1,934453,1,48,3,5,0,270.933996511387
4577392,1,3,0,23,1,788211,1,24,6,5,0,270.933996511387
4577393,1,1,0,42,3,930929.4375,1,40,3,1,0,202.357265440375
4577393,1,2,1,22,1,1604877.625,1,40,6,5,0,202.357265440375
4577395,1,1,1,41,1,1342000,1,48,6,5,0,219.354851530655
4577395,1,2,0,42,1,1660000,1,48,6,5,0,219.354851530655
4577396,1,1,0,44,1,949687.4375,1,48,5,4,0,202.357265440375
4577397,1,1,1,22,1,2145000,1,60,6,4,0,202.357265440375
4577397,1,2,0,34,1,1345411,1,72,5,5,0,202.357265440375
4577398,1,1,1,38,1,1211228.375,1,40,4,5,0,266.173538473202
4577398,1,2,0,36,1,180000,1,5,6,2,1,266.173538473202
4577399,1,2,1,56,4,1e+06,1,48,6,1,0,358.94123084999
4577400,1,1,0,32,1,1259286.25,1,48,5,5,0,276.760429534018
4577400,1,2,1,36,1,4e+05,1,40,4,2,1,276.760429534018
4577401,1,1,1,25,1,961119.6875,1,48,4,5,0,251.893318110576
4577401,1,2,0,34,1,1153600,1,48,5,3,0,251.893318110576
4577402,1,1,1,28,4,7e+05,1,56,5,1,1,266.173538473202
4577402,1,2,0,31,1,866280,1,40,4,5,0,266.173538473202
4577404,1,1,1,65,4,780000,1,48,3,1,1,275.09830769654
4577404,1,2,0,57,4,8e+05,1,90,3,1,1,275.09830769654
4577405,1,1,0,36,1,869454,1,48,6,4,0,202.357265440375
4577407,1,1,1,25,1,1288211,1,48,5,5,0,248.181868273978
4577407,1,2,0,33,1,1e+06,1,60,4,2,1,248.181868273978
4577407,1,3,1,18,1,6e+05,1,60,5,4,1,248.181868273978
4577408,1,1,1,27,4,9e+05,1,84,4,1,0,251.893318110576
4577408,1,2,0,29,4,6e+05,1,54,4,4,1,251.893318110576
4577409,1,1,1,38,1,1842211,1,72,5,5,0,296.030223288913
4577410,1,1,1,55,4,5e+05,1,20,5,1,0,315.965501909686
4577410,1,4,0,24,3,4e+05,1,25,6,1,1,315.965501909686
4577410,1,5,1,26,1,9e+05,1,3,6,5,1,315.965501909686
4577414,1,1,0,43,4,7e+05,1,40,5,3,1,228.254044936205
4577415,1,1,1,29,1,930929.4375,1,66,5,4,0,266.173538473202
4577416,1,1,1,70,4,5e+05,1,30,6,1,0,293.338433379047
4577418,1,1,0,50,1,50000,1,8,4,2,1,216.655606337789
4577419,1,1,0,44,1,504000,1,36,5,2,1,217.897488823885
4577420,1,1,0,56,1,869453,1,40,5,5,0,198.415480655281
4577420,1,2,0,29,1,1088211,1,40,6,4,0,198.415480655281
4577423,1,1,0,58,4,250000,1,36,5,1,1,231.406808583758
4577424,1,3,0,39,1,8e+05,1,48,5,2,0,227.80863887065
4577426,1,3,1,39,1,1061544.375,1,48,5,5,0,233.207786362513
4577426,1,4,0,41,3,250000,1,12,4,1,1,233.207786362513
4577428,1,1,1,40,1,8e+05,1,48,4,3,1,310.310443651539
4577430,1,2,1,36,1,1379877.625,1,48,6,5,0,273.359210403182
4577430,1,3,0,35,1,1002211,1,48,6,5,0,273.359210403182
4577430,1,5,0,29,1,1320211,1,48,6,5,0,273.359210403182
4577431,1,1,1,58,4,6e+05,1,56,4,1,1,315.052781154937
4577431,1,2,0,50,3,930929.4375,1,48,3,1,0,315.052781154937
4577433,1,1,1,47,1,8e+05,1,48,4,3,0,222.507615178207
4577434,1,1,1,27,1,866666.6875,1,70,3,2,0,310.310443651539
4577435,1,1,1,65,4,1500000,1,48,5,1,1,266.199114290989
4577436,1,2,0,27,4,1500000,1,48,6,5,0,242.106979768063
4577439,1,3,0,33,4,9e+05,1,48,6,4,0,269.665881101371
4577440,1,1,1,30,1,2008166.625,1,48,6,5,0,295.584817223358
4577440,1,2,0,33,1,929000,1,48,6,2,0,295.584817223358
4577440,1,4,1,66,4,360000,1,48,3,1,1,295.584817223358
4577442,1,3,0,26,1,898619.6875,1,48,5,4,0,242.106979768063
4577443,1,1,0,44,4,1e+06,1,90,5,1,1,340.949560650766
4577443,2,2,0,64,1,931119.6875,1,48,1,5,0,340.949560650766
4577444,1,2,0,29,1,1533333.375,1,40,6,5,0,184.117139757868
4577445,1,1,1,59,1,1113211,1,72,4,4,0,293.338433379047
4577446,1,1,1,44,1,1010000,1,72,4,2,0,222.507615178207
4577448,1,3,0,31,1,8e+05,1,54,5,2,1,244.240083488884
4577449,1,1,0,36,1,797908.6875,1,70,6,2,0,292.318773452315
4577449,1,2,1,43,5,2800000,1,70,3,2,0,292.318773452315
4577451,1,3,0,48,1,898333.3125,1,48,6,5,0,172.412874074513
4577451,1,4,0,26,1,1966666.625,1,48,6,5,0,172.412874074513
4577451,1,6,0,35,1,1279000,1,48,6,5,0,172.412874074513
4577453,1,3,1,43,4,4e+05,1,66,5,1,1,206.042891456668
4577453,1,4,0,35,1,992476.4375,1,53,5,5,0,206.042891456668
4577453,1,5,1,43,4,5e+05,1,60,5,1,1,206.042891456668
4577455,1,1,0,46,4,350000,1,30,6,1,0,287.131029883363
4577455,1,4,1,44,4,4e+05,1,108,5,1,1,287.131029883363
4577455,1,5,1,50,4,1500000,1,108,3,1,1,287.131029883363
4577456,1,1,1,67,4,2e+05,1,15,3,1,1,238.936095585723
4577456,1,3,0,36,1,1108333.375,1,50,5,4,0,238.936095585723
4577457,1,1,1,37,1,1301544.375,1,48,6,5,0,251.893318110576
4577460,1,2,1,29,1,1442211,1,70,5,5,0,324.590664014165
4577461,1,3,1,34,1,893382,1,48,5,4,0,213.608421772657
4577462,1,1,1,55,2,1900000,1,48,5,5,0,227.355777522095
4577463,1,1,0,61,3,180000,1,40,4,1,0,231.406808583758
4577466,1,1,1,58,4,8e+05,1,84,3,2,1,220.597143120365
4577466,1,3,0,34,1,3e+05,1,24,5,4,1,220.597143120365
4577466,1,6,1,32,5,8e+05,1,60,5,4,1,220.597143120365
4577467,1,1,0,26,4,1780000,1,60,6,5,0,260.792511516126
4577470,1,1,1,32,1,950000,1,66,5,2,1,266.173538473202
4577471,1,1,0,53,1,869453,1,40,5,4,0,207.756412932239
4577471,1,2,1,28,1,4e+05,1,60,6,2,1,207.756412932239
4577472,1,1,0,47,4,420000,1,32,5,1,1,267.667952740344
4577472,1,2,0,21,1,960929.4375,1,44,5,4,0,267.667952740344
4577472,1,4,0,21,1,930929.4375,1,45,6,5,0,267.667952740344
4577473,1,2,1,46,1,1063211,1,48,4,4,0,222.507615178207
4577474,1,1,1,33,1,1150000,1,72,4,3,1,207.756412932239
4577474,1,2,0,33,1,1129000,1,48,5,5,0,207.756412932239
4577475,1,1,1,44,1,974666.6875,1,70,5,5,0,237.594977213162
4577475,1,2,0,32,1,980715.3125,1,48,5,5,0,237.594977213162
4577476,1,1,0,40,1,125833.3359375,1,18,5,2,1,202.357265440375
4577476,1,2,1,22,4,1300000,1,66,5,4,1,202.357265440375
4577477,1,1,0,29,2,2963333.5,1,40,6,5,0,271.379402576942
4577478,1,1,0,26,1,1495200,1,60,4,4,0,266.173538473202
4577478,1,2,1,26,4,1500000,1,48,3,1,1,266.173538473202
4577479,1,1,1,27,1,1141211,1,48,5,5,0,354.447348829876
4577479,1,2,0,26,4,5e+05,1,60,4,3,1,354.447348829876
4577480,1,3,1,25,1,688211,1,48,5,2,0,195.145769690091
4577480,1,4,0,22,1,5e+05,1,50,6,2,0,195.145769690091
4577481,1,1,0,53,1,952786.375,1,48,4,5,0,233.182210544726
4577481,1,2,1,26,1,1188211,1,48,6,5,0,233.182210544726
4577481,1,3,0,28,1,951119.625,1,48,5,4,0,233.182210544726
4577482,1,2,0,43,4,1200000,1,48,6,5,0,237.594977213162
4577484,1,1,0,47,3,1092811,1,40,3,1,0,202.357265440375
4577486,1,1,0,55,1,930929.4375,1,48,3,3,0,241.993699644573
4577487,1,1,1,49,1,1138000,1,48,5,5,0,207.756412932239
4577487,1,2,0,44,1,988211,1,48,6,4,0,207.756412932239
4577488,1,1,1,20,1,320000,1,48,4,2,1,245.935484429667
4577488,1,2,0,18,1,1077548.625,1,48,4,5,0,245.935484429667
4577489,1,1,0,38,1,1268544.375,1,48,6,5,0,212.944156501191
4577489,1,3,0,23,4,780000,1,24,6,2,1,212.944156501191
4577490,1,1,1,27,1,1408877.625,1,48,5,4,0,281.731882391499
4577490,1,2,0,35,1,869453,1,55,5,5,1,281.731882391499
4577491,1,2,1,71,4,7e+05,1,40,4,1,1,275.09830769654
4577492,1,1,1,29,1,965666.6875,1,48,5,5,0,240.747740860715
4577493,1,1,0,45,1,946544.3125,1,48,3,4,0,227.242497398605
4577493,1,2,0,23,1,1271544.375,1,40,6,5,0,227.242497398605
4577496,1,1,1,33,1,1496544.375,1,50,5,4,0,310.310443651539
4577496,1,2,0,30,1,927786.3125,1,48,5,5,0,310.310443651539
4577497,1,1,0,37,1,902718.4375,1,50,5,5,0,237.829388459421
4577498,1,1,1,43,4,8e+05,1,40,5,1,1,284.884646039052
4577499,1,2,1,41,4,1700000,1,48,6,5,0,222.507615178207
4577500,1,1,1,29,1,929453,1,48,5,5,0,296.030223288913
4577500,1,2,0,32,1,990883.9375,1,48,5,5,0,296.030223288913
4577502,1,1,1,38,4,1400000,1,60,5,1,1,267.861236128468
4577503,1,1,1,46,4,2e+06,1,48,5,1,0,240.747740860715
4577504,1,1,1,53,4,7e+05,1,70,5,1,0,179.159731137411
4577504,1,2,0,52,4,2e+05,1,8,4,1,1,179.159731137411
4577504,1,4,1,19,1,869453,1,48,5,5,1,179.159731137411
4577505,1,1,0,32,3,811242,1,50,5,1,0,266.173538473202
4577505,1,2,1,37,1,1344877.625,1,60,6,5,0,266.173538473202
4577507,1,3,0,37,4,2e+05,1,24,3,1,1,340.949560650766
4577508,1,1,0,54,1,930929.4375,1,48,3,4,0,207.756412932239
4577509,1,1,1,53,5,1400000,1,50,4,2,1,199.310080875244
4577509,1,3,1,26,4,7e+05,1,48,6,1,1,199.310080875244
4577509,1,4,1,24,1,5e+05,1,45,5,2,1,199.310080875244
4577510,1,1,1,35,1,916119.6875,1,36,5,5,0,228.930195053871
4577510,1,2,0,38,1,930929.4375,1,48,5,4,0,228.930195053871
4577511,1,1,0,27,1,899053,1,80,5,3,0,266.173538473202
4577511,1,3,1,29,1,1288211,1,48,5,5,0,266.173538473202
4577512,1,1,1,35,4,8e+05,1,66,1,1,1,310.310443651539
4577513,1,1,1,43,4,2500000,1,50,5,1,1,204.044963095641
4577513,1,2,0,36,4,6e+05,1,40,5,1,1,204.044963095641
4577513,1,3,1,18,1,5e+05,1,51,5,2,1,204.044963095641
4577514,1,1,0,38,4,6e+06,1,40,6,5,0,193.458072034825
4577514,1,2,1,52,2,3141666.75,1,40,6,5,0,193.458072034825
4577515,1,1,1,65,4,8e+05,1,72,4,1,1,293.338433379047
4577516,1,1,1,33,1,1255711,1,48,4,5,0,251.893318110576
4577517,1,1,1,54,4,8e+05,1,30,6,2,0,240.747740860715
4577520,1,1,0,61,4,3e+05,1,50,5,1,0,358.8279507265
4577520,1,2,0,23,1,930929.4375,1,48,6,5,0,358.8279507265
4577521,1,1,1,46,5,8e+05,1,50,4,2,1,179.159731137411
4577522,1,1,0,30,1,1040929.4375,1,48,5,5,0,275.072731878752
4577529,1,2,0,38,1,1085211,1,48,5,5,0,228.930195053871
4577529,1,3,0,19,1,1618211,1,40,6,5,0,228.930195053871
4580982,1,1,1,39,1,1120000,1,50,4,4,1,240.747740860715
4580983,1,1,0,43,1,846345.5,1,48,5,5,0,204.044963095641
4580983,1,2,1,41,1,1300000,1,60,5,5,0,204.044963095641
4582987,1,1,1,48,4,781242,1,72,4,2,1,207.756412932239
4582987,1,2,0,50,4,781242,1,24,3,2,1,207.756412932239
4582988,1,1,0,24,1,9e+05,1,50,6,2,0,260.233825327081
4582990,1,1,1,43,1,1300833.375,1,60,5,4,0,266.173538473202
4582990,1,2,0,27,1,1059044.375,1,48,5,5,0,266.173538473202
4584369,1,1,1,43,4,8e+05,1,48,5,1,1,251.875197575788
4584369,1,2,0,30,1,980711,1,48,5,4,0,251.875197575788
4584370,1,1,0,37,1,985719.6875,1,48,6,5,0,193.458072034825
4584370,1,2,1,41,1,1200000,1,60,3,5,1,193.458072034825
4584371,1,7,1,18,1,480000,1,48,5,4,1,307.157680003987
4584371,1,3,0,26,1,905000,1,48,6,5,0,307.157680003987
4584373,1,2,0,51,3,781242,1,40,3,1,1,287.460600718324
4584373,1,3,0,32,1,982794.3125,1,48,5,5,0,287.460600718324
4584373,1,4,1,32,1,1660666.625,1,48,5,4,0,287.460600718324
4584374,1,1,1,43,1,1650166.625,1,48,5,5,0,193.458072034825
4584375,1,2,0,41,4,6e+05,1,48,4,2,1,266.173538473202
4584375,1,1,1,33,1,8e+05,1,48,4,2,0,266.173538473202
4584376,1,1,1,54,4,9e+05,1,48,4,1,1,299.164866401678
4584377,1,2,0,33,1,120000,1,6,3,5,1,266.173538473202
4584377,1,1,1,41,1,930929.4375,1,51,3,4,0,266.173538473202
4584379,1,1,0,61,4,7e+05,1,72,4,1,1,218.9094454651
4584379,2,1,0,41,1,869453,1,48,5,4,0,218.9094454651
4584379,2,2,1,21,1,869453,1,48,6,4,0,218.9094454651
4584380,1,2,1,34,4,6e+05,1,40,6,1,1,189.516287249731
4584381,1,1,0,67,1,3e+05,1,36,3,5,1,231.406808583758
4584382,1,3,0,29,4,30000,1,14,5,1,1,209.115651839587
4584382,1,4,0,26,4,30000,1,6,5,1,1,209.115651839587
4584383,1,1,1,37,1,9e+05,1,48,5,5,0,398.025567819169
4584384,1,1,1,33,4,8e+05,1,50,4,1,1,310.310443651539
4584384,1,2,0,31,4,6e+05,1,20,5,1,1,310.310443651539
4584385,1,1,0,57,3,420000,1,24,3,1,1,231.406808583758
4584386,1,4,1,31,1,5200000,1,48,6,5,0,233.207786362513
4584386,1,1,1,59,1,1.1e+07,1,45,6,5,0,233.207786362513
4584386,1,3,0,30,1,5e+06,1,48,6,5,0,233.207786362513
4584388,1,2,1,24,1,1092211,1,48,5,5,0,296.012102754126
4584388,1,1,1,51,1,1063211,1,48,3,5,0,296.012102754126
4584388,1,3,0,26,1,981119.6875,1,48,5,5,0,296.012102754126
4584389,1,4,1,26,1,1133333.375,1,48,5,4,0,262.462088636604
4584389,1,1,0,46,1,842726.4375,1,48,3,5,0,262.462088636604
4584389,1,3,0,23,1,869453,1,48,5,5,0,262.462088636604
4584390,1,3,0,25,1,869453,1,48,5,5,0,257.194341803018
4584390,1,1,1,61,4,350000,1,35,3,1,1,257.194341803018
4584391,1,2,0,51,4,80000,1,18,3,1,1,179.159731137411
4584391,1,3,1,22,1,1088211,1,45,5,4,0,179.159731137411
4584392,1,1,1,33,4,6e+05,1,70,4,1,1,357.581991942642
4584393,1,2,1,60,2,1260211.125,1,40,6,5,0,275.09830769654
4584394,1,1,1,54,1,1566666.75,1,50,6,5,0,233.094506239023
4584394,1,2,0,57,1,975711,1,48,6,5,0,233.094506239023
4584395,1,2,0,28,4,2e+06,1,48,6,5,0,242.552385833619
4584396,1,1,0,36,1,888211,1,48,5,2,0,193.458072034825
4584396,1,2,1,54,4,7e+05,1,48,4,1,1,193.458072034825
4584397,1,2,0,19,4,4e+05,1,60,5,3,1,329.796528117905
4584397,1,1,0,38,4,7e+05,1,49,5,3,1,329.796528117905
4584398,1,2,0,68,1,3e+05,1,30,3,3,1,266.199114290989
4584399,1,2,0,42,1,842718.4375,1,40,6,4,0,204.044963095641
4584400,1,1,1,33,1,1436211,1,48,6,5,0,237.594977213162
4584400,1,2,0,35,1,1188211,1,56,6,5,0,237.594977213162
4584401,1,2,0,36,1,984877.6875,1,48,3,5,0,219.354851530655
4584401,1,1,1,33,1,1014877.6875,1,48,5,5,0,219.354851530655
4584403,1,5,0,18,1,5e+05,1,20,6,5,1,263.722500761102
4584403,1,3,1,25,1,5e+05,1,20,6,5,1,263.722500761102
4584403,1,6,1,27,1,1833333.375,1,50,5,5,0,263.722500761102
4584405,1,1,0,42,1,961929.4375,1,48,3,2,0,218.343303993055
4584406,1,4,1,19,1,1100000,1,48,5,2,1,189.746622198227
4584406,1,1,1,47,5,1100000,1,60,3,2,1,189.746622198227
4584406,1,3,1,20,4,1500000,1,55,5,2,1,189.746622198227
4584407,1,1,0,45,4,4e+05,1,48,5,1,1,202.357265440375
4584407,1,2,1,23,4,7e+05,1,30,5,2,1,202.357265440375
4584408,1,2,0,41,1,464721,1,24,5,4,0,204.044963095641
4584408,1,1,1,45,4,1200000,1,48,4,1,1,204.044963095641
4584409,1,1,0,37,3,936119.6875,1,40,3,1,1,253.36961184293
4584410,1,2,0,42,4,120000,1,48,5,2,1,193.458072034825
4584410,1,1,1,52,1,1380000,1,48,6,5,0,193.458072034825
4584411,1,1,1,47,4,3e+06,1,48,3,1,1,204.044963095641
4584411,1,2,0,49,3,8e+05,1,48,3,1,0,204.044963095641
4584412,1,1,0,51,4,4e+05,1,84,5,1,1,216.655606337789
4584414,1,1,0,51,4,5e+05,1,37,4,1,1,216.655606337789
4584415,1,1,1,46,1,1021666.6875,1,50,5,5,0,273.067100232208
4584415,1,2,0,41,1,930929.4375,1,48,5,3,0,273.067100232208
4584416,1,1,1,35,1,942211,1,48,5,5,0,237.594977213162
4584416,1,2,0,30,4,4e+05,1,72,3,1,1,237.594977213162
4584417,1,2,0,31,1,869453,1,56,5,5,0,266.173538473202
4584418,1,1,0,61,4,280000,1,16,3,3,0,231.406808583758
4584419,1,1,0,35,1,928333.3125,1,48,6,5,0,306.617114349729
4584420,1,1,1,44,4,1200000,1,72,3,1,1,193.458072034825
4584421,1,1,1,43,1,1203144.375,1,48,5,5,0,218.343303993055
4584421,1,2,0,33,1,1060211,1,48,5,5,0,218.343303993055
4584422,1,1,0,24,1,1298211,1,40,6,5,0,304.370730505418
4584424,1,1,0,27,1,2029000,1,36,6,5,0,260.792511516126
4584427,1,1,1,30,2,1902544.375,1,48,5,5,0,251.893318110576
4584428,1,1,1,69,4,6e+05,1,75,4,1,1,313.357380214153
4584428,1,6,1,28,1,1539000,1,60,5,5,0,313.357380214153
4584428,1,3,0,30,1,1203544.375,1,48,5,4,0,313.357380214153
4584428,1,7,0,25,1,955711,1,45,5,2,0,313.357380214153
4584429,1,1,0,30,1,958929.4375,1,43,5,2,0,227.80118358765
4584430,1,3,0,34,1,1481242,1,48,6,4,0,242.106979768063
4584431,1,1,1,31,5,1500000,1,60,5,2,1,324.590664014165
4584431,1,2,0,38,5,2e+06,1,57,6,2,1,324.590664014165
4584432,1,3,0,25,1,1841666.625,1,48,6,5,0,213.057436624681
4584432,1,1,1,57,1,1508333.375,1,48,5,5,0,213.057436624681
4584432,1,4,1,24,4,1200000,1,54,5,5,0,213.057436624681
4584433,1,2,0,28,4,1200000,1,24,6,5,0,251.893318110576
4584433,1,1,1,27,4,1200000,1,36,6,5,1,251.893318110576
4584434,1,1,0,53,1,930929.4375,1,48,5,5,0,227.242497398605
4584435,1,1,0,61,4,3e+05,1,24,4,1,1,222.507615178207
4584435,1,2,1,31,1,1300000,1,70,6,4,1,222.507615178207
4584437,1,1,0,35,1,1200000,1,36,5,2,1,320.897334712355
4584437,2,1,1,38,1,8e+05,1,70,3,2,1,320.897334712355
4584438,1,1,1,59,4,8e+06,1,77,5,5,1,266.199114290989
4584438,1,3,1,30,1,3787500,1,48,6,5,0,266.199114290989
4584441,1,1,1,44,4,6e+05,1,56,6,1,1,242.435438515981
4584441,1,3,1,27,1,1200000,1,56,5,3,1,242.435438515981
4584442,1,2,0,55,4,850000,1,54,5,2,1,275.09830769654
4584443,1,1,1,60,3,4e+05,1,20,5,1,0,270.933996511387
4584444,1,1,1,44,4,8e+05,1,48,5,1,1,251.334631921531
4584444,1,2,0,21,1,1021119.6875,1,48,4,5,0,251.334631921531
4584447,1,1,0,47,1,3841250,1,50,6,5,0,271.361282042154
4584448,1,1,1,38,1,1393877.625,1,48,4,5,0,240.747740860715
4584449,1,1,1,57,2,5133333,1,48,6,5,0,290.185669731495
4584449,1,2,0,47,1,1833333.375,1,48,5,5,0,290.185669731495
4584450,1,1,0,53,4,360000,1,42,4,1,1,216.655606337789
4584452,1,2,0,54,1,781242,1,48,4,2,0,207.756412932239
4584452,1,1,1,54,1,7e+05,1,60,3,2,1,207.756412932239
4584453,1,1,0,55,5,2e+06,1,48,4,2,1,286.130604822911
4584454,1,1,1,47,4,7e+05,1,80,5,1,1,207.756412932239
4584455,1,1,1,29,1,1776000,1,40,6,5,0,240.747740860715
4584457,1,3,0,48,1,2979166.75,1,48,6,5,0,165.424152726805
4584458,1,1,1,21,1,1088211,1,48,5,5,0,235.348593368851
4584459,1,1,0,50,1,781242,1,45,5,3,0,188.058924542961
4584459,1,2,1,19,4,2e+05,1,4,6,1,1,188.058924542961
4584460,1,1,1,47,1,1792500,1,60,4,4,0,228.930195053871
4584460,1,2,0,41,1,962786.3125,1,48,6,2,0,228.930195053871
4584460,1,3,0,22,1,1341666.625,1,45,6,5,0,228.930195053871
4584461,1,2,1,47,1,2263044.5,1,48,5,5,0,276.760429534018
4584461,1,1,0,34,1,1282877.625,1,48,4,4,0,276.760429534018
4584463,1,3,0,28,1,7e+05,1,60,5,2,1,142.668357295249
4584463,1,1,0,49,4,9e+05,1,60,4,4,1,142.668357295249
4584464,1,2,0,46,1,866666.6875,1,48,6,5,0,180.175354972774
4584465,1,1,1,28,1,899453,1,30,5,5,0,266.173538473202
4584465,1,2,0,26,4,174000,1,20,5,1,1,266.173538473202
4584466,1,1,0,57,3,1150000,1,48,3,1,1,231.406808583758
4584467,1,1,1,28,4,860000,1,70,5,1,1,251.334631921531
4584468,1,1,1,33,1,750000,1,72,5,3,1,266.173538473202
4584468,1,2,0,28,1,5e+05,1,70,6,2,1,266.173538473202
4584471,1,1,0,42,1,2816666.75,1,40,6,4,0,227.242497398605
4584472,1,1,0,37,3,1500000,1,84,6,2,1,202.357265440375
4584473,1,1,1,35,1,9e+05,1,40,6,2,1,251.875197575788
4584473,1,2,0,33,1,2064000,1,52,6,4,0,251.875197575788
4584474,1,2,0,47,1,781242,1,84,3,3,1,273.067100232208
4584474,1,1,1,42,1,1083333.375,1,80,3,5,0,273.067100232208
4584474,1,3,0,23,1,1171544.375,1,48,5,5,0,273.067100232208
4584475,1,2,0,60,4,5e+05,1,40,3,1,1,194.926557218742
4584476,1,2,1,30,1,2400000,1,60,6,5,0,189.516287249731
4584476,1,1,0,66,4,50000,1,2,6,1,1,189.516287249731
4584476,1,3,0,29,1,1825000,1,48,6,5,0,189.516287249731
4584477,1,1,1,28,1,781242,1,84,5,4,1,171.948235387127
4584477,1,2,0,37,1,653333.3125,1,35,4,4,1,171.948235387127
4584477,1,6,1,21,1,8e+05,1,66,4,4,1,171.948235387127
4584478,1,3,0,21,4,1410000,1,24,6,4,0,218.343303993055
4584480,1,2,0,51,4,2500000,1,30,6,1,1,266.173538473202
4584480,1,1,1,50,4,2500000,1,84,5,1,1,266.173538473202
4584482,1,2,0,55,2,5375000,1,48,6,5,0,213.16668290125
4584483,1,1,0,58,3,4e+05,1,20,5,1,0,194.926557218742
4584484,1,2,0,44,1,4050000,1,49,6,5,0,207.756412932239
4584484,1,1,1,42,1,4183333.25,1,48,6,5,0,207.756412932239
4584485,1,3,1,23,1,2e+05,1,35,5,3,1,189.746622198227
4584487,1,1,0,20,1,320000,1,28,6,2,1,251.334631921531
4584487,1,2,1,29,1,930929.4375,1,54,4,4,0,251.334631921531
4584488,1,1,0,55,1,2700000,1,48,6,5,0,241.993699644573
4584489,1,1,1,45,4,7e+05,1,36,5,1,0,193.458072034825
4584491,1,1,0,25,1,2e+06,1,40,5,4,0,216.655606337789
4584492,1,2,0,27,4,1e+06,1,40,6,5,0,207.756412932239
4584492,1,1,1,31,2,4883333,1,105,6,5,0,207.756412932239
4584493,1,3,0,23,1,7e+05,1,50,6,4,1,278.448127189284
4584493,1,1,0,52,4,2e+05,1,10,6,1,1,278.448127189284
4584496,1,1,1,30,4,781242,1,90,5,1,1,310.310443651539
4584497,1,1,0,44,4,7e+05,1,72,5,1,0,260.774390981339
4584498,1,1,1,25,1,869453,1,48,6,5,0,237.036291024117
4584498,1,2,1,23,1,1604877.625,1,91,5,2,1,237.036291024117
4584499,1,1,0,46,1,5416666.5,1,48,6,5,0,202.357265440375
4584500,1,1,1,42,1,1.2e+07,1,48,6,5,0,310.310443651539
4584500,1,2,0,42,1,5708333.5,1,48,6,5,0,310.310443651539
4584501,1,1,1,40,1,1e+06,1,72,3,2,1,310.310443651539
4584501,1,2,0,35,1,781242,1,48,3,2,1,310.310443651539
4584502,1,1,1,38,1,4263333.5,1,45,6,5,0,240.747740860715
4584503,1,1,1,39,1,8e+05,1,40,3,2,1,240.747740860715
4584504,1,1,1,31,4,1200000,1,96,5,1,1,237.036291024117
4584504,2,1,1,21,4,6e+05,1,60,5,4,1,237.036291024117
4584504,2,2,0,21,4,7e+05,1,60,5,3,1,237.036291024117
4584505,1,1,1,49,4,1500000,1,70,3,2,1,204.044963095641
4584505,1,3,0,24,1,1671000,1,40,6,4,0,204.044963095641
4584507,1,1,0,37,1,923333.3125,1,48,5,5,0,257.081061679528
4584508,1,2,0,50,1,2300000,1,48,6,5,0,207.756412932239
4584509,1,2,0,23,1,1054877.625,1,40,6,5,0,380.129057208647
4584509,1,7,0,41,1,763000,1,30,5,5,0,380.129057208647
4584509,1,4,1,19,1,8e+05,1,48,5,2,1,380.129057208647
4584509,1,6,1,27,4,9e+05,1,84,5,1,1,380.129057208647
4584510,1,2,1,48,4,3e+06,1,52,6,5,0,275.540046567947
4584510,1,3,1,26,1,5e+05,1,48,5,3,1,275.540046567947
4584511,1,1,1,44,1,5650000,1,70,5,5,0,193.458072034825
4584511,1,2,0,39,1,927929.4375,1,40,5,5,0,193.458072034825
4584512,1,1,1,24,1,1491544.375,1,72,5,3,0,235.348593368851
4584513,1,2,1,28,1,1333211,1,48,6,5,0,296.030223288913
4584513,1,1,0,29,1,450000,1,63,6,2,1,296.030223288913
4584514,1,2,0,52,1,955286.3125,1,48,3,5,0,184.117139757868
4584514,1,1,0,72,5,480000,1,49,1,2,1,184.117139757868
4584516,1,2,1,63,4,135000,1,40,5,1,0,275.09830769654
4584518,1,1,0,57,1,1561711,1,40,6,4,0,213.16668290125
4584518,1,2,0,61,4,50000,1,4,6,1,0,213.16668290125
4584519,1,2,0,44,1,8e+06,1,40,6,5,0,296.030223288913
4584523,1,2,0,52,3,320000,1,64,5,1,1,231.750423655744
4584523,1,4,1,21,1,950000,1,48,5,2,0,231.750423655744
4584525,1,1,1,34,1,1209877.625,1,72,6,5,0,310.310443651539
4584526,1,1,0,29,4,8e+05,1,30,5,1,1,216.655606337789
4584527,1,3,0,33,1,931119.6875,1,48,3,3,0,330.36266958995
4584527,1,2,1,56,4,2e+06,1,60,6,1,1,330.36266958995
4584528,1,1,0,30,1,1869500,1,45,6,5,0,216.655606337789
4584529,1,2,1,24,1,842718.4375,1,48,6,2,0,217.108467686344
4584531,2,1,1,59,2,1900000,1,40,6,5,0,242.106979768063
4584531,2,2,0,49,1,2708333.25,1,70,6,5,0,242.106979768063
4584532,1,2,0,42,4,550000,1,48,4,2,1,262.462088636604
4584532,1,1,1,48,4,890000,1,48,4,1,0,262.462088636604
4584533,1,1,0,43,1,7e+05,1,45,3,3,1,188.058924542961
4584535,1,2,0,48,1,4366411,1,60,5,3,0,266.173538473202
4584535,1,1,1,46,1,1527744.375,1,60,6,5,0,266.173538473202
4584536,1,2,0,47,1,1950000,1,40,6,5,0,260.347105450571
4584536,1,1,1,61,4,1150000,1,48,6,1,1,260.347105450571
4584537,1,1,1,37,1,1093211,1,48,6,3,0,262.462088636604
4584537,1,2,0,33,1,280000,1,16,6,3,1,262.462088636604
4584538,1,1,1,49,4,3e+06,1,50,6,1,0,204.044963095641
4584538,1,2,0,45,2,5383333.5,1,48,6,5,0,204.044963095641
4584541,1,1,0,66,4,5e+05,1,84,1,1,1,231.406808583758
4584542,1,2,0,36,3,930929.4375,1,54,3,1,0,246.048764553157
4584542,1,1,1,55,4,1e+06,1,72,5,1,1,246.048764553157
4584543,1,1,1,33,4,2e+06,1,70,5,2,1,324.590664014165
4584545,1,1,1,52,4,4e+06,1,60,6,5,0,207.756412932239
4584545,1,2,0,47,2,4300000,1,30,6,5,0,207.756412932239
4584546,1,3,1,56,4,4e+05,1,40,5,1,1,209.115651839587
4584548,1,1,0,42,1,869453,1,48,3,5,0,212.944156501191
4584550,1,1,0,50,2,2175000,1,46,5,5,0,198.415480655281
4584551,1,1,0,48,4,360000,1,40,3,1,1,227.242497398605
4584553,1,2,0,40,1,7258333.5,1,45,6,5,0,237.594977213162
4584555,1,1,1,28,1,2166666.75,1,48,6,5,0,242.435438515981
4584555,1,2,0,24,1,1300000,1,48,6,4,0,242.435438515981
4584556,1,1,1,35,1,896119.6875,1,48,5,5,0,207.756412932239
4584556,1,2,0,30,1,894453,1,48,5,5,0,207.756412932239
4584557,1,1,0,46,4,450000,1,40,6,1,1,216.655606337789
4584559,1,1,1,72,4,5e+05,1,42,3,1,1,293.338433379047
4584563,1,2,0,44,1,4333333.5,1,48,6,5,0,198.857219526689
4584563,1,1,1,46,1,2754877.75,1,56,6,5,0,198.857219526689
4584563,1,3,1,25,4,1e+06,1,38,6,1,0,198.857219526689
4588437,1,1,1,56,4,6e+05,1,70,5,1,1,226.196485564383
4588438,1,3,1,26,1,1400000,1,70,6,4,0,208.32665139193
4588439,1,2,1,33,1,1916666.625,1,70,5,5,0,293.102653973758
4588439,1,4,1,26,1,989453,1,56,5,5,0,293.102653973758
4588440,1,1,1,24,1,8e+05,1,72,5,1,1,287.862979934664
4588441,1,1,1,44,1,4333333.5,1,48,5,5,0,210.162223206895
4588441,1,2,0,40,1,1550000,1,48,6,4,0,210.162223206895
4588444,1,2,0,34,4,6e+05,1,20,6,1,1,243.242242671865
4588445,1,1,0,44,1,2816666.75,1,40,6,5,0,262.978226505298
4588445,1,2,1,24,1,1298000,1,40,6,5,0,262.978226505298
4588447,1,1,0,61,1,8e+05,1,48,4,2,1,234.191205230789
4588447,1,2,1,31,1,7e+05,1,48,5,2,1,234.191205230789
4588448,1,1,1,50,4,750000,1,48,3,1,0,176.882379344823
4588449,1,2,0,38,1,1203476.375,1,53,5,5,0,283.056417412056
4588449,2,1,0,26,1,899453,1,45,6,5,0,283.056417412056
4588449,3,1,0,34,4,2e+06,1,66,5,2,0,283.056417412056
4588449,3,2,1,31,1,781242,1,40,6,5,1,283.056417412056
4588450,1,1,0,40,1,1070666.625,1,60,5,4,0,242.699415344725
4588451,1,1,1,37,1,1314877.625,1,48,5,5,0,346.885190897971
4588452,1,1,0,42,4,4e+05,1,48,5,2,1,243.442067068967
4588453,1,2,0,52,3,833333.3125,1,48,3,1,0,243.442067068967
4588453,1,1,1,40,2,1900000,1,48,6,4,0,243.442067068967
4588454,1,3,1,29,1,781242,1,48,5,5,0,175.046807529858
4588455,1,1,0,46,1,560000,1,48,3,2,1,245.019775265773
4588456,1,1,0,28,2,1462500,1,60,5,5,0,240.379055423676
4588457,1,2,0,60,4,1e+06,1,48,5,1,1,210.195347767753
4588458,1,1,0,54,1,1113687.375,1,48,5,5,0,126.03051970162
4588458,1,2,0,25,1,1733333.375,1,40,6,5,0,126.03051970162
4588458,1,3,0,24,1,1659044.375,1,48,6,5,0,126.03051970162
4588458,1,5,0,19,1,988211,1,48,5,5,0,126.03051970162
4588459,1,1,1,53,1,902786.3125,1,48,4,5,0,210.162223206895
4588459,1,2,0,50,1,930929.4375,1,48,4,4,0,210.162223206895
4588459,1,3,0,21,1,360000,1,16,6,5,0,210.162223206895
4588460,1,1,0,33,1,1656544.375,1,48,6,4,0,318.822463875688
4588461,1,1,1,35,1,1500000,1,48,6,5,0,290.039642328467
4588462,1,1,0,53,4,4e+05,1,48,5,1,1,198.480239227331
4588462,1,2,1,35,1,896119.6875,1,48,5,4,0,198.480239227331
4588462,1,3,0,31,1,921786.3125,1,48,5,5,0,198.480239227331
4588463,1,1,1,65,4,120000,1,30,3,1,1,226.196485564383
4588464,1,2,1,47,4,1e+06,1,25,6,1,0,234.191205230789
4588465,1,1,1,24,1,1169453,1,48,5,3,0,367.740399056236
4588466,1,3,0,23,1,1417211,1,40,6,5,0,317.957625413821
4588466,1,1,1,56,1,1100000,1,40,4,2,1,317.957625413821
4588468,1,1,0,50,2,1824866.75,1,48,6,5,0,279.244007600391
4588468,1,4,1,34,2,1462500,1,60,5,5,0,279.244007600391
4588469,1,1,1,36,1,1100000,1,50,5,4,0,243.442067068967
4588469,1,2,0,30,3,628333.3125,1,48,5,1,1,243.442067068967
4588470,1,1,0,44,1,240000,1,27,5,2,1,186.16636574386
4588471,1,1,0,39,5,5e+05,1,10,5,2,1,414.532964621906
4588471,1,2,1,34,5,6e+05,1,32,5,2,1,414.532964621906
4588471,1,7,0,18,1,450000,1,37,6,5,1,414.532964621906
4588471,1,6,1,18,1,3e+05,1,16,5,2,1,414.532964621906
4588471,1,3,0,21,1,906119.6875,1,48,5,5,0,414.532964621906
4588473,1,2,1,60,1,2e+06,1,63,4,3,1,200.331931725524
4588474,1,3,1,22,1,4e+05,1,48,5,2,1,261.998426095806
4588474,1,2,0,53,4,5e+05,1,48,4,2,1,261.998426095806
4588474,1,1,1,59,4,5e+05,1,63,4,2,1,261.998426095806
4588475,1,2,1,43,1,1631666.625,1,72,4,2,0,259.080158387443
4588475,1,5,1,23,1,1012140,1,48,4,5,0,259.080158387443
4588476,1,1,1,65,4,9e+05,1,48,3,2,1,272.025064219086
4588476,1,2,0,56,4,1e+05,1,5,4,1,1,272.025064219086
4588476,1,3,0,32,1,1093211,1,40,5,4,0,272.025064219086
4588477,1,1,1,83,1,890000,1,48,3,4,1,226.196485564383
4588478,1,1,1,52,1,1059929.375,1,48,3,4,0,321.885475520979
4588479,1,3,0,20,1,8e+05,1,70,5,2,1,218.869812608241
4588479,1,4,1,23,4,2e+05,1,6,5,2,1,218.869812608241
4588480,1,4,0,27,1,1038211,1,48,6,5,0,154.421646937908
4588481,1,1,0,27,4,5e+05,1,30,5,1,1,240.379055423676
4588482,1,1,1,32,1,929453,1,72,5,5,0,290.039642328467
4588483,1,1,1,54,1,420000,1,60,5,3,1,257.444410969581
4588486,1,2,1,25,1,1500000,1,20,6,3,0,157.621667405171
4588486,1,1,0,54,5,2e+06,1,40,6,2,0,157.621667405171
4588487,1,2,1,40,4,7e+05,1,48,3,1,1,245.762426990016
4588487,1,1,0,47,1,899453,1,48,3,5,0,245.762426990016
4588489,1,2,0,40,1,80000,1,8,6,2,1,188.486725664909
4588489,1,1,0,59,1,750000,1,48,3,2,1,188.486725664909
4588489,1,4,1,23,1,9e+05,1,36,6,5,0,188.486725664909
4588491,1,3,1,30,4,780000,1,48,5,1,1,208.32665139193
4588491,1,2,0,60,4,4e+05,1,40,5,1,0,208.32665139193
4588492,1,1,0,49,1,869453,1,48,4,2,0,207.099211561604
4588492,1,2,0,20,1,8e+05,1,12,6,3,1,207.099211561604
4588493,1,2,0,42,3,6e+05,1,40,3,1,1,243.442067068967
4588493,1,1,1,48,1,820000,1,50,3,2,1,243.442067068967
4588494,1,1,1,35,4,6e+05,1,60,5,2,1,221.84420718646
4588495,1,1,1,33,4,8e+05,1,48,5,1,1,288.605631658907
4588495,1,2,0,31,4,8e+05,1,50,6,1,1,288.605631658907
4588496,1,3,0,30,1,829000,1,48,6,4,1,180.13442326993
4588497,1,2,1,44,2,3e+06,1,48,6,5,0,166.881915938418
4588498,1,4,0,57,2,4500000,1,30,6,5,0,141.365044248682
4588498,1,1,0,54,2,1625000,1,30,6,5,0,141.365044248682
4588499,1,1,1,23,1,908211,1,48,6,5,0,221.101555462217
4588500,1,2,1,23,1,980000,1,50,6,2,1,259.764770890629
4588500,1,3,1,20,1,4e+05,1,20,5,2,1,259.764770890629
4588500,1,1,1,45,1,1e+06,1,50,5,2,1,259.764770890629
4588501,1,2,0,42,4,750000,1,48,5,1,1,321.885475520979
4588501,1,1,1,45,1,927619.6875,1,60,5,5,0,321.885475520979
4588503,1,2,0,37,4,960000,1,54,4,1,1,228.697071444111
4588503,1,1,0,33,1,931953,1,48,5,5,0,228.697071444111
4588504,1,3,1,22,1,980000,1,45,6,5,1,186.651153849944
4588504,1,2,0,56,4,1e+06,1,84,6,1,0,186.651153849944
4588505,1,1,0,34,5,8e+05,1,72,3,2,1,321.142823796736
4588506,1,1,0,57,4,6e+05,1,55,6,1,1,204.809429486571
4588507,1,1,0,53,4,8e+05,1,70,3,2,1,318.822463875688
4588508,1,2,0,46,4,140000,1,46,5,1,1,221.766569526981
4588510,1,1,1,39,1,930929.4375,1,50,3,3,0,288.605631658907
4588510,1,2,0,37,4,120000,1,10,5,1,1,288.605631658907
4588511,1,1,0,62,1,7e+05,1,30,4,2,1,222.509221251224
4588511,1,3,0,36,5,2e+06,1,70,6,2,1,222.509221251224
4588513,1,2,1,34,1,781242,1,48,5,2,1,234.191205230789
4588514,1,1,0,25,1,720000,1,54,5,2,1,318.822463875688
4588516,1,2,1,56,4,320000,1,75,4,1,0,210.647011312979
4588516,1,4,1,54,1,1084000,1,48,4,5,0,210.647011312979
4588517,1,1,1,50,1,1089044.375,1,48,3,5,0,176.882379344823
4588517,1,2,0,51,4,5e+05,1,20,3,1,1,176.882379344823
4588517,1,3,0,20,1,869453,1,40,5,5,0,176.882379344823
4588518,1,3,1,21,4,70000,1,10,6,2,1,183.555017643794
4588518,1,1,1,57,4,750000,1,66,3,2,1,183.555017643794
4588518,1,4,0,19,1,270000,1,15,6,2,1,183.555017643794
4588520,1,1,1,30,1,899053,1,48,3,5,0,243.442067068967
4588521,1,2,0,49,4,150000,1,10,4,1,1,245.762426990016
4588521,1,3,1,20,1,919453,1,70,6,5,0,245.762426990016
4588522,1,2,0,30,4,450000,1,70,3,1,1,324.94848716627
4588522,1,4,1,29,4,8e+05,1,56,4,1,1,324.94848716627
4588522,1,1,1,26,1,1e+06,1,77,3,2,1,324.94848716627
4588524,1,1,1,51,1,1288211,1,40,5,5,0,246.505078714259
4588524,1,2,0,54,1,869453,1,40,3,5,0,246.505078714259
4588525,1,3,0,24,1,5e+06,1,48,6,5,0,141.766963667786
4588525,1,4,1,34,1,3200000,1,48,6,5,0,141.766963667786
4588526,1,1,1,57,2,10750000,1,48,6,5,0,171.983795884567
4588526,1,3,0,24,1,3500000,1,48,6,5,0,171.983795884567
4588527,1,1,1,42,1,1200000,1,48,3,4,0,245.762426990016
4588527,1,3,1,22,1,1e+06,1,48,6,5,0,245.762426990016
4588528,1,1,0,71,4,5e+05,1,15,3,2,1,205.263639746639
4588529,1,1,0,56,1,50000,1,8,1,2,1,233.448553506546
4588530,1,1,0,59,3,80000,1,8,3,1,1,200.168709644474
4588531,1,3,1,26,1,869453,1,48,6,5,0,296.020921682121
4588531,1,1,1,55,4,7e+05,1,48,5,1,1,296.020921682121
4588533,1,1,1,45,1,720833.3125,1,42,3,2,1,321.885475520979
4588533,1,2,0,40,4,4e+05,1,48,3,1,1,321.885475520979
4588534,1,1,1,38,4,5e+05,1,40,3,1,1,400.328883972991
4588534,1,2,0,31,2,1146211,1,48,6,5,0,400.328883972991
4588535,1,1,0,51,1,842718.4375,1,48,5,5,0,216.834861505866
4588535,1,2,1,56,1,910000,1,66,3,3,1,216.834861505866
4588535,1,3,1,20,4,2e+05,1,74,5,1,1,216.834861505866
4588536,1,1,1,38,4,3500000,1,48,4,1,0,321.885475520979
4588536,1,2,0,41,4,2200000,1,48,5,1,0,321.885475520979
4588541,1,1,0,54,4,6e+05,1,84,3,2,1,243.442067068967
4588541,1,2,1,48,4,6e+05,1,84,3,2,1,243.442067068967
4588542,1,1,0,28,4,781242,1,48,6,2,1,228.697071444111
4588543,1,1,1,42,1,1950000,1,48,6,5,0,321.885475520979
4588544,1,1,0,38,1,1409877.625,1,40,6,5,0,321.142823796736
4588545,1,2,0,49,4,4e+05,1,48,5,3,1,231.760083089403
4588545,1,3,0,34,1,720000,1,60,5,2,1,231.760083089403
4588546,1,1,0,38,1,2359166.75,1,48,6,5,0,245.019775265773
4588546,1,2,1,21,4,150000,1,10,6,1,1,245.019775265773
4588547,1,1,1,21,1,672000,1,48,5,2,1,209.419571482652
4588547,1,3,0,47,4,2e+05,1,54,5,1,1,209.419571482652
4588548,1,1,0,58,4,250000,1,30,5,1,1,237.25421687608
4588548,1,2,1,29,1,983119.6875,1,48,5,4,0,237.25421687608
4588548,1,3,1,37,1,983119.6875,1,48,4,3,0,237.25421687608
4588549,1,1,1,33,4,3e+05,1,48,4,1,1,255.124051048532
4588550,1,1,1,50,4,7e+05,1,48,3,1,1,255.124051048532
4588551,1,1,0,34,3,560000,1,32,6,1,1,321.142823796736
4588552,1,1,1,51,1,1870666.625,1,63,5,5,0,158.721556993354
4588552,1,2,0,48,5,1e+06,1,90,5,2,1,158.721556993354
4588552,1,3,1,29,1,781242,1,53,6,2,1,158.721556993354
4588552,1,6,1,24,4,8e+05,1,72,5,1,1,158.721556993354
4588552,1,7,0,19,1,781242,1,40,6,5,1,158.721556993354
4588553,1,1,0,33,1,5e+05,1,40,6,2,0,128.008573371076
4588553,1,4,1,23,1,930929.4375,1,48,6,4,0,128.008573371076
4588554,1,3,1,26,4,8e+05,1,50,5,1,1,144.545209882495
4588555,1,1,1,57,4,7e+05,1,48,3,1,1,129.839033087379
4588555,1,2,0,52,4,4e+05,1,40,4,1,1,129.839033087379
4588556,1,1,1,25,4,8e+05,1,30,5,1,0,368.483050780479
4588557,1,3,0,25,1,1059044.375,1,48,5,5,0,189.229377389152
4588558,1,1,1,42,4,8e+05,1,42,3,1,1,255.124051048532
4588559,1,2,1,55,1,930929.4375,1,48,4,5,0,119.372610178507
4588560,1,1,0,28,4,9e+05,1,48,3,1,1,333.574205942675
4588561,1,8,0,59,4,150000,1,30,3,1,1,125.361196121442
4588561,1,1,0,39,1,869453,1,48,4,3,0,125.361196121442
4588561,1,2,0,23,1,781242,1,48,4,3,1,125.361196121442
4588562,1,5,1,28,1,1248211,1,48,6,5,0,474.220189649977
4588562,1,4,0,30,1,3588211,1,48,6,5,0,474.220189649977
4588563,1,3,1,57,4,6e+05,1,48,4,1,1,217.577513230109
4588563,1,2,0,36,1,250000,1,9,6,2,0,217.577513230109
4588563,1,1,1,30,4,6e+05,1,48,6,1,1,217.577513230109
4588564,1,1,1,28,1,1675000,1,30,6,5,0,234.191205230789
4588565,1,1,1,28,1,1112333.375,1,48,6,5,0,321.885475520979
4588565,1,2,0,28,4,8e+05,1,20,6,2,1,321.885475520979
4588566,1,1,1,41,4,4e+05,1,35,6,1,1,255.124051048532
4588567,1,1,0,55,4,150000,1,50,3,1,1,269.106796510723
4588567,1,3,0,27,4,680000,1,42,3,1,1,269.106796510723
4588567,1,2,1,33,1,899453,1,40,3,5,0,269.106796510723
4588568,1,1,1,31,1,2310000,1,48,6,5,0,243.442067068967
4588568,1,2,0,30,1,1835833.375,1,40,6,5,0,243.442067068967
4588569,1,1,1,26,1,1044000,1,48,5,5,0,268.44178244596
4588570,1,1,1,68,4,4e+05,1,30,5,1,0,229.259497209674
4588571,1,1,0,51,5,250000,1,84,3,2,1,228.697071444111
4588572,1,3,0,31,4,8e+05,1,28,6,2,1,193.581655767074
4588573,1,4,0,26,1,1300000,1,45,6,4,0,291.591005644719
4588573,1,3,1,19,1,80000,1,4,6,2,1,291.591005644719
4588573,1,2,1,48,1,927786.3125,1,60,6,3,0,291.591005644719
4588573,1,1,0,45,1,1063333.375,1,66,6,5,0,291.591005644719
4588574,1,1,0,28,4,9e+05,1,70,5,1,1,286.976630683175
4588575,1,2,0,57,3,846345.5,1,60,3,1,0,210.195347767753
4588577,1,1,1,38,4,7e+05,1,36,4,5,0,314.270361100663
4588579,1,5,1,29,1,1293211,1,60,5,5,0,262.143170032735
4588579,1,2,0,32,4,80000,1,30,5,1,1,262.143170032735
4588579,1,1,1,42,1,1864877.625,1,66,3,5,0,262.143170032735
4588579,1,6,0,24,1,480000,1,25,6,2,1,262.143170032735
4588580,1,3,1,55,1,5e+05,1,60,3,2,1,179.399085907781
4588580,1,1,0,66,4,2e+05,1,8,3,1,1,179.399085907781
4588580,1,2,1,60,4,6e+05,1,48,4,1,1,179.399085907781
4588581,1,3,1,23,1,937500,1,48,6,4,0,207.583999667688
4588581,1,1,1,64,4,8e+05,1,70,4,2,1,207.583999667688
4588581,1,2,0,59,4,8e+05,1,70,5,2,1,207.583999667688
4588583,1,1,0,24,4,3e+05,1,84,6,1,1,197.848349723425
4588583,2,1,0,57,1,918211,1,48,5,5,0,197.848349723425
4588584,1,1,0,39,1,3666666.75,1,40,6,4,0,207.099211561604
4588585,1,1,1,46,4,3e+06,1,60,6,1,1,210.162223206895
4588585,1,2,0,44,1,1751266.75,1,48,6,5,0,210.162223206895
4588587,1,1,1,82,4,6e+05,1,40,3,1,1,205.263639746639
4588588,1,3,1,35,1,1050000,1,66,5,4,0,208.32665139193
4588588,1,2,0,56,4,170000,1,50,4,1,1,208.32665139193
4588588,1,1,1,56,4,1280000,1,48,3,5,0,208.32665139193
4588589,1,1,0,34,1,3333333.25,1,60,6,5,0,365.420039135187
4588591,1,2,0,24,1,1988000,1,45,6,5,0,181.234657722746
4588593,1,1,1,27,1,8e+05,1,48,5,5,1,292.360002249516
4588593,1,2,0,29,1,898453,1,36,5,5,0,292.360002249516
4588594,1,1,1,48,1,781242,1,54,3,3,1,255.124051048532
4588596,1,1,0,65,4,4e+05,1,48,5,1,1,171.983795884567
4588596,1,3,0,20,1,1183333.375,1,48,5,5,0,171.983795884567
4588597,1,2,1,24,4,7e+05,1,40,4,1,1,311.659013000597
4588597,1,7,0,20,4,4e+05,1,8,4,1,1,311.659013000597
4588597,1,5,1,52,1,4e+05,1,48,5,2,1,311.659013000597
4588598,1,1,1,47,1,1101666.625,1,48,3,4,0,326.526195363076
4588598,1,4,1,19,1,380000,1,48,6,4,1,326.526195363076
4588601,1,2,0,26,1,2500000,1,48,6,4,0,219.446209605932
4588603,1,2,1,27,1,1454044.375,1,46,6,5,0,234.191205230789
4588604,1,2,1,30,4,2e+06,1,48,6,2,0,236.511565151837
4588605,1,5,1,65,4,8e+05,1,72,3,1,1,230.895244627537
4588605,1,1,0,30,3,910000,1,48,6,1,0,230.895244627537
4588605,1,2,1,32,1,1409877.625,1,48,5,5,0,230.895244627537
4588606,1,1,1,62,4,850000,1,60,3,1,0,113.098242782191
4588607,1,1,1,33,1,1160929.375,1,48,4,5,0,255.124051048532
4588608,1,2,0,58,4,6e+05,1,74,3,1,1,233.448553506546
4588608,1,1,1,20,1,1150000,1,48,5,2,0,233.448553506546
4588609,1,3,0,37,4,5e+05,1,50,6,2,1,274.490168077063
4588609,1,4,1,45,4,5e+05,1,50,6,2,1,274.490168077063
4588610,1,4,1,29,1,866242,1,48,5,3,0,192.431896911599
4588610,1,2,0,22,1,837742,1,48,5,5,0,192.431896911599
4588610,1,1,1,28,4,8e+05,1,48,4,1,1,192.431896911599
4588610,1,5,0,27,1,806242,1,48,5,5,0,192.431896911599
4588611,1,2,0,48,1,781242,1,48,5,5,0,181.234657722746
4588613,1,1,0,44,1,930929.4375,1,48,6,5,0,240.379055423676
4588614,1,1,1,53,5,6e+05,1,24,3,2,0,236.511565151837
4588614,1,2,0,57,5,6e+05,1,24,5,2,1,236.511565151837
4588614,1,3,1,20,1,480000,1,24,5,2,1,236.511565151837
4588615,1,1,0,42,1,1e+06,1,40,3,2,1,286.976630683175
4588616,1,1,0,25,3,1257333.375,1,90,6,2,0,243.442067068967
4588616,1,2,1,27,1,580000,1,48,3,2,1,243.442067068967
4588617,1,3,1,22,1,933119.6875,1,48,6,4,1,290.925991579955
4588617,1,1,0,47,1,988929.4375,1,55,5,4,0,290.925991579955
4588619,1,1,0,48,3,844825.3125,1,50,5,1,1,286.976630683175
4588621,1,1,1,54,4,3e+06,1,40,6,1,1,219.270001687137
4588621,1,2,0,41,1,4433333.5,1,40,6,5,0,219.270001687137
4588622,1,2,0,45,1,1240544.375,1,50,4,4,0,245.762426990016
4588622,1,1,1,45,1,433333.34375,1,27,5,2,1,245.762426990016
4588624,1,1,1,37,1,949461,1,48,5,4,0,296.020921682121
4588624,1,4,1,61,1,843742,1,48,4,4,0,296.020921682121
4588624,1,2,0,36,1,1018211,1,48,6,4,0,296.020921682121
4588625,1,1,0,51,4,4e+05,1,48,3,1,1,240.379055423676
4588626,1,1,0,40,1,1200544.375,1,48,6,5,0,286.976630683175
4588627,1,1,0,39,1,948333.3125,1,48,5,5,0,240.379055423676
4588628,1,1,1,74,4,6e+05,1,42,3,1,1,226.196485564383
4588629,1,2,0,39,1,1123211,1,48,6,5,0,288.605631658907
4588629,1,1,1,43,1,1064877.625,1,48,6,5,0,288.605631658907
4588631,1,2,1,52,4,6e+05,1,60,5,3,0,234.191205230789
4588632,1,1,1,41,1,1174877.625,1,48,4,3,0,324.205835442028
4588633,1,3,1,27,1,869453,1,48,5,5,0,272.169808156015
4588633,1,2,0,57,4,3e+05,1,20,4,1,0,272.169808156015
4588633,1,4,0,26,1,869453,1,48,6,5,0,272.169808156015
4588634,1,1,0,31,4,6e+05,1,45,4,1,1,288.605631658907
4588635,1,2,0,25,1,970929.4375,1,48,5,5,0,310.203491541414
4588635,1,1,1,28,1,2068211,1,48,5,5,0,310.203491541414
4588635,1,4,0,30,1,964929.4375,1,48,4,5,0,310.203491541414
4588636,1,2,1,41,4,2200000,1,93,5,2,0,290.039642328467
4588637,1,1,0,37,3,660000,1,44,3,1,1,207.099211561604
4588638,1,3,0,20,1,790063,1,48,5,5,0,212.482583127944
4588638,1,2,1,26,1,869453,1,48,5,4,0,212.482583127944
4588640,1,1,1,65,4,5e+06,1,60,4,1,1,228.516845485431
4588641,1,1,1,60,4,7e+05,1,72,3,1,1,226.196485564383
4588642,1,1,0,25,1,5e+05,1,50,5,2,1,415.080626039978
4588642,1,2,1,28,1,862484,1,48,6,4,0,415.080626039978
4588644,1,2,0,40,1,948211,1,48,6,5,0,371.401318488841
4588645,1,2,0,53,4,1e+06,1,56,4,2,1,219.155221426915
4588645,1,1,1,58,4,1e+06,1,77,3,2,1,219.155221426915
4588645,1,3,1,23,1,988211,1,48,6,5,0,219.155221426915
4588646,1,1,0,49,3,930929.4375,1,50,4,1,1,240.379055423676
4588648,1,1,1,61,1,1758000,1,48,4,5,0,226.196485564383
4588649,1,4,1,29,1,3033333.25,1,40,6,5,0,296.16566561905
4588649,1,3,1,33,1,4820833.5,1,40,6,5,0,296.16566561905
4588650,1,2,0,34,1,1068211,1,48,5,5,0,290.039642328467
4588650,1,1,1,35,1,1318211,1,48,5,5,0,290.039642328467
4588652,1,1,1,53,4,6e+05,1,40,5,1,0,231.760083089403
4588652,1,3,0,26,1,1213211,1,48,6,3,0,231.760083089403
4591075,1,2,1,59,4,1e+06,1,60,5,1,1,179.399085907781
4591075,1,3,0,58,1,1200000,1,45,6,5,0,179.399085907781
4591940,1,2,0,52,1,1488211,1,60,6,5,0,411.700281335116
4591940,1,5,0,32,4,4e+05,1,12,6,1,0,411.700281335116
4591940,1,4,1,21,1,4e+05,1,6,6,3,1,411.700281335116
4591940,1,1,1,56,1,2425000,1,60,6,2,0,411.700281335116
4591943,1,1,1,29,1,1950000,1,50,6,5,0,221.84420718646
4593365,1,3,1,30,1,781242,1,48,5,5,0,245.762426990016
4593367,1,2,1,29,1,8e+05,1,84,5,3,0,425.993613414746
4593367,1,3,0,32,1,1039687.4375,1,48,5,5,0,425.993613414746
4593369,1,1,0,38,4,4e+05,1,48,4,1,1,183.555017643794
4593369,1,4,1,64,4,4e+05,1,48,3,1,1,183.555017643794
4593370,1,3,1,27,1,2376666.75,1,48,6,5,0,208.32665139193
4593371,1,2,1,43,4,40000,1,2,6,1,1,234.191205230789
4593372,1,2,1,41,4,8e+05,1,98,3,1,1,234.191205230789
4593374,1,1,0,26,1,180000,1,30,6,2,1,240.379055423676
4593375,1,2,0,33,1,3280000,1,50,6,5,0,271.427156431772
4593375,1,4,1,23,1,1040000,1,53,5,5,0,271.427156431772
4593375,1,5,1,29,1,1210929.375,1,48,5,5,0,271.427156431772
4593376,1,1,1,53,1,1e+06,1,45,5,3,1,243.442067068967
4593376,1,2,0,44,3,488083.34375,1,24,3,1,1,243.442067068967
4593377,1,3,0,48,4,2e+05,1,10,6,1,1,193.581655767074
4593378,1,1,1,27,1,869453,1,48,6,5,0,300.287615638472
4593379,1,1,0,42,1,1237211,1,48,3,5,0,450.882566571401
4593379,1,2,1,44,4,1e+06,1,60,4,1,0,450.882566571401
4593379,1,3,0,22,1,869453,1,48,6,5,0,450.882566571401
4593379,1,6,0,39,1,929453,1,48,3,5,0,450.882566571401
4593380,1,1,0,26,4,3e+05,1,35,3,2,1,328.018245253693
4593380,1,2,1,29,4,3e+05,1,35,4,2,1,328.018245253693
4593380,1,4,1,25,1,9e+05,1,60,4,2,1,328.018245253693
4593381,1,1,1,41,4,4e+06,1,40,6,5,0,321.885475520979
4593381,1,2,0,31,2,1841500,1,40,6,5,0,321.885475520979
4593383,1,3,0,38,4,3e+06,1,48,6,1,1,265.726451805861
4593383,1,4,1,21,1,3e+05,1,6,6,3,0,265.726451805861
4593383,1,5,1,33,5,1300000,1,50,6,2,1,265.726451805861
4593384,1,1,1,45,1,869453,1,48,3,5,0,243.442067068967
4593384,1,2,0,51,3,869453,1,54,3,1,1,243.442067068967
4593386,1,1,1,57,4,7e+05,1,60,6,2,1,243.242242671865
4593386,1,2,0,53,4,6e+05,1,45,5,1,1,243.242242671865
4593386,1,3,1,27,1,1928000,1,52,5,4,0,243.242242671865
4593390,1,2,1,44,1,939453,1,48,4,5,0,243.442067068967
4593392,1,2,0,54,2,4500000,1,48,6,5,0,222.509221251224
4593392,1,3,1,47,2,4e+06,1,48,6,5,0,222.509221251224
4593393,1,1,1,47,4,1400000,1,55,3,1,0,312.6346136828
4593395,1,1,1,47,1,4e+06,1,50,6,4,0,179.202739265872
4593395,1,2,0,38,1,2e+06,1,48,5,4,0,179.202739265872
4593399,1,1,0,34,1,959929.4375,1,48,5,5,0,286.976630683175
4593400,1,1,0,39,4,781000,1,72,5,1,1,363.986028465627
4593401,1,1,1,63,4,4e+05,1,30,3,1,1,226.196485564383
4593403,1,1,1,64,4,9e+05,1,60,5,1,1,174.304155805615
4593403,1,2,0,55,1,959929.4375,1,48,5,5,0,174.304155805615
4593404,1,1,0,55,1,1200000,1,80,6,4,0,221.766569526981
4593404,1,2,0,26,4,5e+05,1,48,6,1,1,221.766569526981
4593404,1,3,1,24,1,1593761,1,48,6,5,0,221.766569526981
4593405,1,1,0,55,4,6e+05,1,36,4,2,1,174.304155805615
4593406,1,1,1,31,2,1936000,1,48,5,5,0,321.885475520979
4593406,1,2,0,27,5,781242,1,98,6,2,1,321.885475520979
4593409,1,1,0,57,4,2e+05,1,20,4,2,1,132.40533960927
4593409,1,2,1,69,4,2e+05,1,20,4,2,1,132.40533960927
4593409,1,3,0,38,1,931953,1,48,4,5,0,132.40533960927
4593409,1,4,1,23,4,150000,1,30,5,2,1,132.40533960927
4593410,1,2,1,28,1,888211,1,48,4,4,0,169.951877427693
4593410,1,3,1,20,1,781242,1,48,4,2,1,169.951877427693
4593410,1,4,0,18,4,50000,1,8,4,1,1,169.951877427693
4593411,1,1,1,47,1,898453,1,48,6,4,0,212.482583127944
4593411,1,2,0,47,1,2414333.25,1,40,6,5,0,212.482583127944
4593411,1,3,1,22,1,750000,1,48,6,5,1,212.482583127944
4593412,1,1,1,33,2,2330000,1,63,6,5,0,368.483050780479
4593413,1,3,0,35,1,2538333.25,1,40,6,5,0,205.895529250544
4593413,1,4,1,29,1,2041666.625,1,48,5,5,0,205.895529250544
4593415,1,1,1,46,1,1071544.375,1,48,5,4,0,255.124051048532
4593416,1,2,0,27,4,2300000,1,40,6,5,0,290.039642328467
4593418,1,1,0,72,4,8e+05,1,40,3,1,1,186.16636574386
4593418,1,2,0,50,3,9e+05,1,40,4,1,0,186.16636574386
4593419,1,4,1,29,1,1417211,1,48,5,5,0,394.77966972614
4593420,1,1,1,58,1,1500000,1,48,6,5,0,216.834861505866
4593420,1,3,1,22,1,988211,1,48,6,4,0,216.834861505866
4593421,1,1,0,44,4,450000,1,40,5,1,1,209.419571482652
4593424,1,1,1,29,4,1200000,1,102,5,1,1,368.483050780479
4593424,1,2,0,29,1,1421211,1,55,5,5,0,368.483050780479
4593426,1,2,0,43,4,610000,1,40,5,5,0,211.797970624758
4593426,1,3,0,25,1,1500000,1,48,6,5,0,211.797970624758
4593426,1,4,0,18,1,1008211,1,45,6,5,0,211.797970624758
4593426,1,5,0,20,1,1039044.3125,1,36,6,5,0,211.797970624758
4593427,1,1,1,20,4,1e+06,1,70,4,4,1,320.27798533487
4593427,1,5,1,56,4,3e+05,1,70,3,1,1,320.27798533487
4593428,1,2,0,28,1,1634877.625,1,40,6,5,0,300.952629703235
4593428,1,3,1,29,1,1384877.625,1,48,6,5,0,300.952629703235
4593429,1,1,1,26,4,7e+05,1,66,3,1,1,268.44178244596
4593430,1,1,1,46,1,815000,1,48,3,3,0,333.769196248846
4593431,1,4,1,19,1,8e+05,1,55,5,2,1,222.73730288008
4593431,1,5,0,20,1,781242,1,48,6,5,1,222.73730288008
4593432,1,1,1,55,1,869453,1,70,4,5,1,182.462097553072
4593432,1,3,1,30,1,1283333.375,1,48,5,4,0,182.462097553072
4593433,1,3,0,24,1,869453,1,48,6,5,0,171.983795884567
4593434,1,3,0,57,1,1115687.375,1,48,5,5,0,154.778975776878
4593434,1,4,0,54,1,930929.4375,1,48,6,5,0,154.778975776878
4593434,1,5,1,25,1,1053333.375,1,45,6,5,0,154.778975776878
4593434,1,6,1,68,4,4e+05,1,28,5,2,1,154.778975776878
4593435,1,4,1,54,4,1200000,1,50,6,1,1,237.686281982883
4593435,1,5,1,30,1,1061666.625,1,32,6,5,0,237.686281982883
4593435,1,7,0,43,1,862333.3125,1,56,6,4,0,237.686281982883
4593436,1,1,0,62,4,750000,1,70,3,2,1,235.768913427594
4593437,1,1,1,18,4,5e+05,1,60,3,2,1,346.142539173728
4593438,1,4,1,23,1,5e+05,1,45,5,2,1,153.371309987872
4593438,1,5,0,19,1,869453,1,48,4,3,0,153.371309987872
4593439,1,1,0,59,1,1163211,1,48,5,5,0,219.446209605932
4593439,1,2,0,33,1,1351544.375,1,40,6,3,0,219.446209605932
4593440,1,1,1,20,4,7e+05,1,42,3,1,1,221.101555462217
4593440,1,2,0,23,4,7e+05,1,42,5,1,1,221.101555462217
4593441,1,1,1,38,1,1103044.375,1,47,5,5,0,143.602535482751
4593441,1,4,0,19,1,375000,1,27,5,3,1,143.602535482751
4593442,2,1,1,31,1,4074311.5,1,108,5,5,0,295.423013894807
4593442,3,1,1,40,1,1149687.375,1,60,5,3,0,295.423013894807
4593444,1,1,1,45,1,1301544.375,1,48,3,5,0,255.124051048532
4593445,1,1,0,69,4,250000,1,30,4,2,1,318.01798524914
4593446,1,1,1,36,1,931242,1,72,5,5,0,335.203206918406
4593446,1,2,0,32,1,1020286.3125,1,60,5,4,0,335.203206918406
4593449,1,1,0,41,4,3500000,1,48,6,5,0,248.825438635308
4593449,1,2,1,39,4,2500000,1,48,6,1,1,248.825438635308
4593449,1,3,1,23,1,1075000,1,48,6,4,0,248.825438635308
4593449,1,4,1,37,4,3500000,1,49,6,1,0,248.825438635308
4593450,1,1,0,53,1,931953,1,43,5,5,0,212.482583127944
4593450,1,2,1,53,1,1363211,1,48,5,4,0,212.482583127944
4593450,1,3,1,20,1,340000,1,24,5,3,1,212.482583127944
4593451,1,1,1,24,1,2254877.75,1,40,6,5,0,325.783543638833
4593451,1,2,0,29,1,950703,1,48,6,5,0,325.783543638833
4593451,1,4,1,22,1,781242,1,48,5,5,1,325.783543638833
4593451,1,5,1,21,1,1038211,1,48,5,5,0,325.783543638833
4593452,1,1,0,56,1,869453,1,48,4,3,0,271.427156431772
4593452,1,2,1,34,4,1800000,1,48,6,5,0,271.427156431772
4593452,1,4,0,30,1,2149000,1,48,6,5,0,271.427156431772
4593453,1,1,1,36,1,1329000,1,48,6,4,0,292.360002249516
4593453,1,2,0,37,1,960929.4375,1,48,5,5,0,292.360002249516
4593454,1,1,1,23,1,1413211,1,48,5,5,0,221.101555462217
4593454,1,2,0,20,1,1197377.625,1,56,5,5,0,221.101555462217
4593455,1,1,0,53,1,840000,1,48,4,3,1,245.762426990016
4593455,1,2,1,42,4,7e+05,1,60,3,1,1,245.762426990016
4593456,1,1,1,43,2,3741666.75,1,104,5,5,0,303.357373725894
4593456,1,2,0,37,1,1460000,1,48,6,5,0,303.357373725894
4593457,1,1,1,34,1,8e+05,1,60,3,2,1,255.124051048532
4593458,1,1,1,45,1,842718.4375,1,48,3,5,0,211.389663037222
4593459,1,2,1,25,1,1250000,1,48,5,5,0,304.986374701626
4593459,1,3,0,23,1,758166.6875,1,42,5,5,0,304.986374701626
4593459,1,6,1,26,4,1e+06,1,69,5,3,1,304.986374701626
4593460,1,2,1,28,1,954877.6875,1,48,5,4,1,398.103887561146
4593460,1,10,1,18,4,450000,1,48,5,4,1,398.103887561146
4593461,1,2,0,37,4,6e+05,1,8,5,1,1,337.523566839455
4593468,1,2,0,29,1,979687.4375,1,40,5,5,0,219.446209605932
4593469,1,1,0,35,1,930929.4375,1,48,3,5,0,290.039642328467
4593469,1,2,1,26,1,930929.4375,1,48,5,5,0,290.039642328467
4593470,1,1,1,74,4,140000,1,18,3,1,1,226.196485564383
4593471,1,1,1,64,1,833333.3125,1,60,3,2,1,265.752796686415
4593471,1,2,0,44,1,445666.65625,1,24,5,2,0,265.752796686415
4593473,1,1,1,49,1,1413333.375,1,48,5,4,0,255.325787796835
4593473,1,2,0,37,4,1e+05,1,25,4,1,1,255.325787796835
4593473,1,3,0,18,4,1e+05,1,4,5,1,1,255.325787796835
4593475,1,2,0,28,1,2038211,1,48,6,4,0,219.446209605932
4593476,1,1,1,58,1,7e+06,1,48,6,5,0,183.555017643794
4593476,1,2,0,53,1,2491666.75,1,42,6,5,0,183.555017643794
4593476,1,3,1,24,1,1356877.625,1,24,6,5,0,183.555017643794
4593477,1,1,1,28,4,9e+05,1,50,4,1,1,336.637217587966
4593477,1,2,0,27,1,1009687.4375,1,48,5,5,0,336.637217587966
4593478,1,1,1,48,1,1360929.375,1,48,5,5,0,321.885475520979
4593479,1,1,1,47,1,930934.4375,1,48,5,5,0,259.080158387443
4593479,1,2,0,52,4,9e+05,1,30,3,1,1,259.080158387443
4593482,1,1,0,32,3,781242,1,72,4,2,0,243.442067068967
4593482,1,2,1,49,1,931953,1,48,3,2,0,243.442067068967
4593483,1,1,1,35,1,7e+05,1,66,3,2,1,213.225234852187
4593483,1,2,0,33,1,1e+05,1,18,5,2,1,213.225234852187
4593484,1,1,1,35,4,6e+06,1,35,6,1,0,255.124051048532
4593485,1,1,0,52,1,869453,1,60,5,3,0,230.955604462855
4593485,1,3,1,27,1,575000,1,25,6,5,1,230.955604462855
4593485,1,5,1,28,1,1300000,1,48,5,3,0,230.955604462855
4593486,1,1,0,58,1,10833333,1,55,6,5,0,205.263639746639
4593487,1,1,1,62,1,8e+06,1,48,6,5,0,205.263639746639
4593488,1,2,1,30,2,1941000,1,66,5,5,0,243.442067068967
4593489,1,1,1,26,1,960000,1,48,5,5,0,255.124051048532
4593490,1,1,1,27,1,1100711,1,56,5,5,0,221.84420718646
4593490,1,2,0,24,1,1098211,1,48,5,5,0,221.84420718646
4593491,1,1,1,55,4,6e+06,1,40,6,5,0,183.555017643794
4593491,1,2,0,47,1,8e+06,1,40,6,5,0,183.555017643794
4593492,1,1,1,49,1,2126666.75,1,56,6,2,0,388.646899993426
4593492,1,5,0,36,1,1500000,1,40,6,5,0,388.646899993426
4593495,1,1,1,40,4,1200000,1,49,5,4,0,371.54606242577
4593495,1,2,0,29,4,6e+05,1,48,5,1,1,371.54606242577
4593496,1,1,1,59,1,1639083.375,1,48,4,5,0,171.983795884567
4593496,1,2,0,57,4,7e+05,1,78,4,1,1,171.983795884567
4593497,1,1,1,56,1,1150000,1,48,5,5,0,261.112076844317
4593497,1,2,0,29,1,957786.3125,1,48,5,4,0,261.112076844317
4593498,1,1,1,52,1,1013333.3125,1,48,5,3,0,243.442067068967
4593498,1,2,0,47,1,833333.3125,1,48,4,4,0,243.442067068967
4593499,1,2,0,34,2,2085166.75,1,48,6,5,0,243.442067068967
4593500,1,1,1,23,4,1e+06,1,50,6,1,1,224.164567107509
4593500,1,2,0,22,1,1500000,1,48,6,3,0,224.164567107509
4593500,1,3,1,32,1,9e+05,1,108,3,2,1,224.164567107509
4593502,1,1,0,56,4,90000,1,48,3,1,1,233.448553506546
4593504,1,1,1,56,5,6e+06,1,40,6,2,0,275.114420744931
4593505,1,2,0,54,1,1.3e+07,1,40,6,5,0,216.834861505866
4593506,1,1,0,51,1,4e+05,1,32,5,2,1,245.762426990016
4593506,1,2,1,32,1,2383333.25,1,40,6,5,0,245.762426990016
4593507,1,1,0,35,4,3e+06,1,40,6,5,0,228.697071444111
4593507,1,2,0,29,4,4700000,1,40,6,5,0,228.697071444111
4593508,1,1,1,39,1,8e+06,1,52,6,5,0,245.762426990016
4593508,1,2,0,35,1,3800000,1,52,6,5,0,245.762426990016
4593509,1,3,0,24,4,840000,1,48,5,4,1,138.703952022495
4593510,1,1,0,45,4,5e+05,1,30,3,1,1,246.505078714259
4593510,1,2,1,51,4,7e+05,1,40,3,1,1,246.505078714259
4593510,1,3,1,47,4,1300000,1,40,6,1,1,246.505078714259
4593511,1,1,0,39,1,833333.3125,1,48,5,5,0,242.699415344725
4593511,1,2,1,19,1,833333.3125,1,48,6,4,0,242.699415344725
4593512,1,1,1,41,1,1084877.625,1,48,3,5,0,210.162223206895
4593513,1,1,1,51,1,930929.4375,1,48,3,4,0,184.297669368037
4593513,1,3,0,20,1,930929.4375,1,48,5,4,0,184.297669368037
4593514,1,2,0,52,1,931953,1,48,5,5,0,245.762426990016
4593517,1,2,1,58,1,1079166.625,1,20,6,2,0,147.954813860673
4593518,1,1,1,33,1,2798333.25,1,50,5,5,0,368.483050780479
4593518,1,2,0,33,1,930929.4375,1,48,5,3,0,368.483050780479
4593519,1,1,0,27,4,450000,1,14,5,1,1,290.039642328467
4593519,1,2,1,28,1,930929.4375,1,48,3,3,0,290.039642328467
4593520,1,1,0,36,1,1592500,1,40,6,5,0,212.482583127944
4593520,1,2,1,40,1,921119.6875,1,50,5,3,0,212.482583127944
4593521,1,1,1,45,1,1181953,1,56,3,5,0,251.145798556356
4593521,1,2,0,49,4,950000,1,40,3,1,1,251.145798556356
4593521,1,3,1,28,1,931953,1,48,5,4,0,251.145798556356
4593521,1,4,1,21,1,908211,1,40,6,5,1,251.145798556356
4593522,1,1,0,28,1,2366666.75,1,52,6,5,0,324.94848716627
4593522,1,2,1,32,4,1800000,1,48,6,1,1,324.94848716627
4593522,1,4,1,37,1,1588211,1,48,5,5,0,324.94848716627
4593523,1,2,1,22,1,869453,1,48,3,4,0,287.862979934664
4593523,1,3,0,19,1,898461,1,48,5,5,0,287.862979934664
4593524,1,1,0,22,1,8e+05,1,48,5,4,0,221.84420718646
4593524,1,2,1,41,1,865000,1,70,5,5,0,221.84420718646
4593525,1,1,1,28,4,9e+05,1,60,4,2,1,290.039642328467
4593526,1,1,0,56,1,930929.4375,1,51,3,5,0,224.08692944803
4593526,1,3,0,29,1,1858333.375,1,40,6,5,0,224.08692944803
4593527,1,1,0,36,1,1020929.4375,1,48,5,5,0,338.214925784772
4593528,1,1,0,42,1,931953,1,48,1,4,0,209.419571482652
4593529,1,1,1,43,4,8e+05,1,48,5,1,1,223.479954604323
4593529,1,3,0,19,1,898619.6875,1,48,6,5,0,223.479954604323
4593531,1,2,0,49,1,6e+05,1,35,4,3,1,214.514501584818
4593532,1,1,1,53,3,1e+06,1,60,3,1,1,321.885475520979
4593532,1,2,0,39,2,4007000,1,49,6,5,0,321.885475520979
4593533,1,1,1,46,1,2068211,1,44,6,5,0,212.482583127944
4593533,1,3,1,24,1,921544.3125,1,33,6,5,0,212.482583127944
4593534,1,1,1,25,4,4e+05,1,60,3,2,1,368.483050780479
4593534,1,2,0,27,4,4e+05,1,60,5,2,1,368.483050780479
4593535,1,1,1,86,1,8e+05,1,32,5,3,0,205.263639746639
4593536,1,1,1,54,4,2e+06,1,40,3,1,1,271.504794091251
4593536,1,2,1,25,1,1168544.375,1,40,5,5,0,271.504794091251
4593539,1,1,1,33,1,1105000,1,48,5,5,0,257.444410969581
4593541,1,1,0,29,1,3525000,1,40,6,5,0,242.699415344725
4593542,1,1,1,25,4,5500000,1,45,6,5,1,255.124051048532
4593543,1,1,1,36,1,2500000,1,40,6,3,0,290.039642328467
4593543,1,2,0,36,1,4e+06,1,40,6,5,0,290.039642328467
4593544,1,1,1,20,1,9e+05,1,60,5,5,1,242.699415344725
4593546,1,3,0,50,4,350000,1,25,6,5,1,210.827237271659
4593546,1,4,1,40,4,1200000,1,55,5,1,1,210.827237271659
4593547,1,1,1,61,1,931953,1,48,5,5,0,274.345424140134
4593547,1,2,0,56,3,961953,1,46,3,2,0,274.345424140134
4593548,1,1,0,41,4,3e+06,1,40,6,1,0,219.446209605932
4593549,1,1,1,52,1,921544.3125,1,48,3,5,0,255.124051048532
4593550,1,1,1,41,5,3e+06,1,48,6,3,1,243.442067068967
4593550,1,2,0,44,1,2e+06,1,60,6,4,0,243.442067068967
4593551,1,1,1,25,4,781242,1,63,5,2,1,260.507422614872
4593551,1,2,1,39,4,450000,1,63,4,2,1,260.507422614872
4593551,1,3,1,22,1,781242,1,50,5,4,1,260.507422614872
4593552,1,3,0,40,1,1900000,1,48,6,5,0,193.581655767074
4593553,1,1,1,36,1,9641667,1,50,6,5,0,290.039642328467
4593553,1,2,0,34,4,3500000,1,50,6,5,0,290.039642328467
4593554,1,1,1,24,1,960929.4375,1,48,4,4,0,289.296990604224
4593554,1,2,0,25,1,960929.4375,1,48,6,5,0,289.296990604224
4593555,1,1,1,32,1,990929.4375,1,48,5,4,0,336.637217587966
4593556,1,1,1,56,5,2e+06,1,48,6,2,0,229.259497209674
4593556,1,2,1,25,4,2e+06,1,40,6,5,0,229.259497209674
4593557,1,1,1,36,1,1048544.3125,1,48,5,5,0,368.483050780479
4593557,1,2,0,32,1,1155711,1,48,5,5,0,368.483050780479
4593559,1,1,0,46,1,1929877.625,1,40,5,5,0,207.099211561604
4593560,1,1,1,65,1,930929.4375,1,50,4,5,0,257.244586572479
4593560,1,2,0,63,1,930929.4375,1,48,4,4,0,257.244586572479
4593560,1,3,1,41,4,8e+05,1,48,6,2,1,257.244586572479
4593561,1,1,0,24,1,368000,1,20,6,3,1,218.781195541169
4593562,1,1,0,43,1,750000,1,48,5,2,1,209.419571482652
4593562,1,2,1,22,1,869453,1,48,6,4,0,209.419571482652
4593563,1,1,0,58,4,780000,1,48,3,1,1,233.448553506546
4593564,1,1,1,38,4,1e+06,1,63,4,1,1,255.124051048532
4593565,1,1,1,41,1,899453,1,48,4,2,0,221.84420718646
4593566,1,1,0,38,1,440000,1,36,5,2,1,143.602535482751
4593566,1,2,0,19,1,1271544.375,1,40,6,5,0,143.602535482751
4593566,1,3,0,18,1,6e+05,1,45,5,2,1,143.602535482751
4593566,1,5,1,45,1,1331953,1,72,5,5,0,143.602535482751
4593567,1,1,0,58,1,930929.4375,1,48,5,5,0,234.191205230789
4593567,1,2,1,29,4,1e+06,1,60,5,1,1,234.191205230789
4593569,1,1,1,32,1,1447211,1,48,6,5,0,368.483050780479
4593569,1,2,0,29,1,1147211,1,48,6,5,0,368.483050780479
4593570,1,1,0,42,4,8e+05,1,60,3,1,1,242.699415344725
4593572,1,1,1,38,1,1350211,1,48,5,5,0,255.124051048532
4593573,1,1,0,21,1,989453,1,54,5,5,0,375.668012445192
4593574,1,1,1,24,1,1554166.625,1,48,6,5,0,254.381399324289
4593576,1,1,1,40,4,8e+05,1,72,5,1,1,321.885475520979
4593576,1,2,0,32,1,869453,1,48,5,5,0,321.885475520979
4593577,1,1,1,28,1,1596211,1,48,5,5,0,255.124051048532
4593578,1,1,1,39,1,833333.3125,1,48,4,5,0,221.84420718646
4593579,1,1,1,44,3,1826666.625,1,48,5,2,0,243.442067068967
4593579,1,2,0,39,3,955119.6875,1,48,5,1,0,243.442067068967
4593583,1,1,1,32,4,4500000,1,40,6,5,0,290.039642328467
4593583,1,2,0,35,4,3120000,1,48,6,5,0,290.039642328467
4593586,1,1,1,44,1,781242,1,60,5,3,1,255.124051048532
4593587,1,1,0,28,1,1054877.75,1,56,6,5,0,242.699415344725
4593588,1,1,0,53,1,960000,1,48,4,2,0,205.895529250544
4593588,1,3,1,26,1,781242,1,48,5,2,1,205.895529250544
4593588,1,4,1,55,1,781242,1,48,3,2,1,205.895529250544
4593589,1,1,0,34,2,3500000,1,40,6,5,0,240.379055423676
4593590,1,1,1,29,4,1200000,1,60,5,1,1,402.649243894039
4593590,1,2,0,29,1,869453,1,48,5,5,0,402.649243894039
4593591,1,1,1,53,5,8e+05,1,84,4,2,1,311.889415243715
4593591,1,2,1,22,4,6e+05,1,60,5,2,1,311.889415243715
4593591,1,4,1,19,4,3e+05,1,48,4,2,1,311.889415243715
4593591,1,6,1,24,1,869453,1,96,5,4,0,311.889415243715
4593591,1,7,0,22,1,899453,1,28,6,5,0,311.889415243715
4593594,1,2,0,37,5,1200000,1,64,4,2,1,295.423013894807
4593594,1,5,1,26,1,4e+05,1,40,4,2,1,295.423013894807
4593595,1,1,0,53,1,574877.625,1,30,5,5,0,240.379055423676
4593597,1,1,0,59,1,906953,1,48,5,4,0,231.128193585497
4593599,1,1,1,24,1,1200000,1,60,3,2,1,254.381399324289
4593602,1,1,1,22,1,880000,1,60,5,2,1,254.381399324289
4596225,1,1,0,40,4,1100000,1,48,6,1,1,253.696786821103
4596226,1,1,1,40,1,2018211,1,60,6,5,0,321.885475520979
4596226,1,2,0,37,4,2200000,1,20,6,4,0,321.885475520979
4597356,1,2,0,43,1,5316666.5,1,45,6,5,0,335.86822098317
4597356,1,5,0,29,1,1950000,1,48,6,5,0,335.86822098317
4597357,1,1,1,44,4,1200000,1,56,5,1,1,130.918605940429
4597357,2,1,1,58,1,840000,1,48,3,4,1,130.918605940429
4597357,2,2,0,54,1,480000,1,48,3,2,1,130.918605940429
4597359,1,1,0,65,4,1e+05,1,20,3,1,0,205.263639746639
4597359,1,2,1,60,4,4e+05,1,40,3,1,1,205.263639746639
4597361,1,1,0,45,2,2166666.75,1,30,6,5,0,240.379055423676
4597362,1,1,0,49,1,936000,1,48,6,5,0,242.699415344725
4597362,1,2,1,24,1,3793333.5,1,48,6,5,0,242.699415344725
4599032,1,1,1,55,4,1500000,1,15,5,2,1,228.516845485431
4599034,1,1,1,42,1,2350833.25,1,48,4,5,0,288.605631658907
4599035,1,2,0,54,1,6e+05,1,66,1,2,1,214.514501584818
4599036,1,1,0,50,1,1300000,1,84,3,2,1,356.801066800914
4599036,1,3,0,28,1,1251666.625,1,48,5,4,0,356.801066800914
4599037,1,1,1,39,1,1143333.375,1,48,4,4,0,292.360002249516
4599039,1,1,0,58,4,2e+05,1,30,4,1,1,234.191205230789
4599039,1,2,1,31,1,1625000,1,40,6,5,0,234.191205230789
4599040,1,1,1,66,4,1e+06,1,20,5,5,0,229.259497209674
4599041,1,3,0,27,1,992500,1,48,5,5,0,278.357658348902
4599041,1,2,1,25,1,1163000,1,48,5,5,0,278.357658348902
4599042,1,2,0,54,4,781242,1,40,6,5,1,245.762426990016
4599043,1,1,1,70,4,7e+05,1,48,4,1,1,226.196485564383
4599044,1,2,1,43,1,930929.4375,1,72,6,5,0,219.897873151158
4599044,1,1,0,42,3,350000,1,25,3,1,1,219.897873151158
4599045,1,3,0,29,1,8e+05,1,48,6,3,1,242.499590947622
4599047,1,1,1,37,1,2e+06,1,91,3,2,1,446.92645923249
4599048,1,4,0,32,3,6e+05,1,56,4,1,1,288.605631658907
4599048,1,1,1,26,4,8e+05,1,84,5,2,1,288.605631658907
4599048,1,2,0,20,1,1100000,1,48,4,3,1,288.605631658907
4599049,1,1,0,40,1,450000,1,30,5,2,1,256.017146742152
4599049,2,1,0,20,1,3e+05,1,40,6,2,0,256.017146742152
4599050,1,2,1,36,4,6e+05,1,9,6,1,1,234.191205230789
4599051,1,2,0,33,1,1300000,1,40,6,4,0,290.039642328467
4599051,1,1,1,38,1,1113333.375,1,40,6,4,0,290.039642328467
4599053,1,1,1,45,1,2166666.75,1,48,6,5,0,400.328883972991
4599054,1,2,1,65,2,4666667,1,58,6,5,0,205.263639746639
4599055,1,2,1,57,4,781242,1,30,6,1,0,208.32665139193
4599056,1,1,1,48,4,8e+05,1,42,5,1,0,333.567459500544
4599057,1,1,1,40,1,990929.4375,1,48,5,5,0,176.882379344823
4599057,1,2,0,40,1,1231544.375,1,45,6,4,0,176.882379344823
4599058,1,1,1,49,1,994211,1,48,4,5,0,231.579857130723
4599059,1,3,1,42,2,2833333.5,1,48,6,5,0,211.389663037222
4599059,1,4,1,38,4,2800000,1,48,6,5,0,211.389663037222
4599060,1,1,1,54,4,850000,1,15,6,1,1,255.124051048532
4599061,1,1,0,37,1,990929.4375,1,51,3,5,0,176.13972762058
4599061,1,2,0,19,1,120000,1,9,6,2,1,176.13972762058
4599062,1,1,1,32,1,10100000,1,45,6,5,0,292.360002249516
4599062,1,2,0,31,1,3662500,1,45,6,5,0,292.360002249516
4599063,1,2,0,55,1,8066667,1,48,6,5,0,160.301811905002
4599063,1,3,0,28,2,4999999.5,1,40,6,5,0,160.301811905002
4599063,1,1,1,65,1,1500000,1,42,6,2,1,160.301811905002
4599064,1,1,1,52,1,1733333.375,1,72,3,2,1,255.124051048532
4599065,1,1,1,58,1,10333333,1,40,6,5,0,219.897873151158
4599065,1,2,0,51,1,4941667,1,41,6,5,0,219.897873151158
4599065,1,3,1,25,1,2700000,1,84,6,5,0,219.897873151158
4599066,1,1,1,53,1,1700000,1,48,5,4,0,255.124051048532
4599067,1,2,0,53,1,4333333.5,1,48,6,2,0,169.552673743181
4599067,1,3,0,27,1,2500000,1,48,6,5,0,169.552673743181
4599070,1,1,1,27,1,1888211,1,72,5,5,0,288.605631658907
4599070,1,2,0,36,1,1793333.375,1,48,6,5,0,288.605631658907
4599072,1,2,0,48,1,1014877.6875,1,48,5,3,0,245.762426990016
4599072,1,1,1,46,1,1e+06,1,45,3,2,1,245.762426990016
4599073,1,2,0,42,1,7212500,1,40,6,5,0,267.672785841163
4599073,1,1,1,44,1,1e+07,1,40,6,5,0,267.672785841163
4599074,1,2,0,34,1,1200000,1,60,6,2,0,256.759798466395
4599074,1,4,0,23,3,781242,1,55,6,1,1,256.759798466395
4599074,1,1,1,46,5,1200000,1,60,6,2,0,256.759798466395
4599075,1,1,1,49,1,2125000,1,48,5,3,0,212.482583127944
4599075,1,2,0,48,4,2e+06,1,30,6,3,0,212.482583127944
4599076,1,1,1,23,1,1015211,1,72,4,4,0,381.051384011532
4599076,1,5,1,53,4,7e+05,1,42,4,1,1,381.051384011532
4599077,1,1,0,73,4,6e+05,1,30,3,1,1,231.128193585497
4599081,1,4,0,27,1,6e+05,1,72,5,2,1,163.287185890814
4599082,1,1,1,53,4,9e+05,1,60,3,1,1,234.191205230789
4599083,1,4,1,60,1,1e+06,1,48,5,2,1,126.03051970162
4599083,1,2,1,62,4,1200000,1,48,5,4,1,126.03051970162
4599083,1,3,0,63,4,120000,1,6,4,1,1,126.03051970162
4599084,1,1,1,45,5,2e+06,1,60,5,3,0,234.392941979091
4599084,1,2,0,56,5,2e+06,1,48,4,3,1,234.392941979091
4599084,1,6,0,34,3,8e+05,1,70,6,1,1,234.392941979091
4599088,1,3,1,32,4,2e+06,1,64,6,1,0,126.03051970162
4599088,1,4,1,35,1,869453,1,60,6,2,1,126.03051970162
4599088,1,5,0,36,1,781242,1,50,6,2,1,126.03051970162
4599089,1,3,0,37,1,1300000,1,40,6,4,0,193.581655767074
4599091,1,1,0,36,4,781242,1,48,3,2,1,176.13972762058
4599092,1,1,1,50,4,1500000,1,60,4,1,1,417.400985961027
4599093,1,1,1,23,4,6e+05,1,72,5,1,1,299.544963914229
4599094,1,2,0,64,4,2e+05,1,21,6,1,1,193.581655767074
4599095,1,1,1,29,1,1330000,1,48,6,4,0,346.885190897971
4599095,1,2,0,22,1,744044.3125,1,50,5,4,0,346.885190897971
4599096,1,1,1,30,1,959929.4375,1,48,6,3,0,290.039642328467
4599099,1,1,1,55,4,5e+05,1,60,3,1,1,226.196485564383
4599100,1,1,1,30,4,2e+05,1,40,4,1,1,336.637217587966
4599102,1,2,0,72,3,781242,1,48,3,1,1,205.263639746639
4599104,1,1,1,58,1,888211,1,48,1,4,0,181.234657722746
4599105,1,1,1,29,1,869453,1,48,5,5,0,243.442067068967
4599105,1,2,0,25,1,904453,1,40,6,5,0,243.442067068967
4599107,1,1,1,40,4,2500000,1,40,5,5,0,370.803410701527
4599107,1,2,0,40,4,5e+06,1,48,6,5,0,370.803410701527
4599108,1,2,0,64,4,1200000,1,35,6,1,1,208.32665139193
4599108,1,1,1,68,4,1400000,1,30,6,1,1,208.32665139193
4599108,1,3,1,31,1,2491666.75,1,48,6,5,0,208.32665139193
4599110,1,1,1,52,4,8e+05,1,91,3,1,1,255.124051048532
4599113,1,4,0,57,1,938211,1,48,6,5,0,151.715964131587
4599113,1,3,1,58,4,5e+05,1,40,6,1,1,151.715964131587
4599114,1,1,1,60,4,9e+05,1,60,6,1,1,252.493104510044
4599114,1,4,0,46,4,6e+05,1,40,4,1,1,252.493104510044
4599114,1,2,0,25,4,20000,1,20,6,1,1,252.493104510044
4599114,1,5,1,32,1,850000,1,48,3,3,1,252.493104510044
4599115,1,1,1,68,1,781242,1,27,3,2,1,226.196485564383
4599116,1,3,1,26,1,869453,1,48,6,3,0,208.32665139193
4599117,1,3,1,27,1,5e+06,1,4,6,5,0,175.046807529858
4599117,1,2,1,63,1,1200000,1,21,6,5,0,175.046807529858
4599118,1,1,0,30,1,990929.4375,1,48,4,2,0,230.895244627537
4599118,1,5,1,38,1,1471544.375,1,48,5,5,1,230.895244627537
4599119,1,2,1,31,1,1281544.375,1,48,5,5,0,210.162223206895
4599119,1,3,0,24,1,931953,1,54,5,5,0,210.162223206895
4599120,1,1,0,27,1,1588211,1,40,6,5,0,240.379055423676
4599121,1,1,1,51,4,7e+05,1,60,5,1,1,321.885475520979
4599122,1,2,1,53,1,930929.4375,1,48,3,4,0,243.442067068967
4599122,1,1,0,47,4,6e+05,1,84,3,2,1,243.442067068967
4599123,1,1,1,36,1,1390000,1,55,6,4,1,335.203206918406
4599123,1,2,0,42,1,1300000,1,40,6,4,1,335.203206918406
4599124,1,1,1,27,1,1159453,1,48,6,4,0,290.039642328467
4599124,1,2,0,26,1,968211,1,48,6,3,0,290.039642328467
4599125,1,3,0,29,2,3645833.25,1,48,6,5,0,208.396115130273
4599125,1,1,1,50,4,7e+05,1,48,5,1,0,208.396115130273
4599125,1,4,0,26,1,5958333.5,1,56,6,5,0,208.396115130273
4599126,1,1,0,50,1,2166666.75,1,48,6,5,0,176.882379344823
4599127,1,1,1,41,4,2500000,1,40,6,4,0,255.124051048532
4599128,1,1,1,64,4,1500000,1,60,4,1,1,226.196485564383
4599129,1,2,0,24,1,930929.4375,1,48,6,4,0,199.484097141288
4599129,1,1,0,41,4,2500000,1,60,6,1,0,199.484097141288
4599130,1,1,1,57,1,2254877.75,1,48,5,3,0,207.583999667688
4599132,1,3,0,30,2,2029166.625,1,30,6,5,0,157.870689763616
4599132,1,5,0,36,2,2362500,1,80,6,5,0,157.870689763616
4599133,1,2,1,31,1,928453,1,56,6,5,0,373.866422346819
4599133,1,5,1,29,1,840000,1,48,5,5,0,373.866422346819
4599134,1,2,0,39,1,1500000,1,50,6,4,0,265.274788260635
4599139,1,5,1,20,4,1e+05,1,6,6,1,1,200.800599148379
4599140,1,1,1,35,1,1036000,1,60,3,2,0,324.205835442028
4599140,1,2,0,38,1,449000,1,24,4,2,1,324.205835442028
4599141,1,1,1,33,1,1588211,1,45,6,3,0,243.442067068967
4599141,1,2,0,28,1,3e+06,1,60,6,5,0,243.442067068967
4599142,1,1,0,58,2,4250000,1,30,6,5,0,233.448553506546
4599143,1,3,1,21,1,1388211,1,40,6,4,0,207.583999667688
4599143,1,2,1,60,5,1e+06,1,54,3,2,0,207.583999667688
4599145,1,1,1,57,1,2700000,1,48,6,5,0,217.577513230109
4599146,1,1,1,63,4,6e+05,1,40,4,2,0,160.301811905002
4599146,1,4,0,23,1,1288211,1,40,6,5,0,160.301811905002
4599148,1,1,1,32,1,931786.3125,1,48,5,5,0,290.039642328467
4599150,1,1,1,53,4,3e+06,1,70,3,1,1,243.442067068967
4599151,1,1,0,57,1,1143211,1,48,4,5,0,205.263639746639
4599152,1,1,1,51,1,2166666.75,1,60,6,5,0,290.039642328467
4599153,1,3,0,23,1,781242,1,45,6,5,1,203.231721289765
4599153,1,4,1,21,1,4e+05,1,30,5,2,1,203.231721289765
4599153,1,1,0,57,4,750000,1,48,3,2,1,203.231721289765
4599153,1,2,1,52,4,750000,1,48,3,2,0,203.231721289765
4599154,1,1,1,29,1,1530000,1,36,5,5,0,321.885475520979
4599155,1,2,0,21,4,1e+06,1,44,6,5,0,209.419571482652
4599155,1,1,0,39,1,1128553,1,48,5,5,0,209.419571482652
4599157,1,2,0,22,1,8e+05,1,48,6,5,1,197.848349723425
4599159,1,4,1,25,1,1488211,1,48,5,2,0,248.825438635308
4599159,1,2,0,43,4,6e+05,1,60,5,1,1,248.825438635308
4599163,1,2,0,30,1,954877.6875,1,48,6,5,0,219.446209605932
4599164,1,1,1,32,1,1298044.375,1,57,3,3,0,368.483050780479
4599165,1,2,0,49,1,1841666.625,1,50,6,4,0,222.509221251224
4599166,1,1,1,29,4,1200000,1,48,4,2,1,400.328883972991
4599166,1,2,0,38,1,850000,1,48,5,3,1,400.328883972991
4599167,1,2,0,45,4,120000,1,36,3,1,1,219.155221426915
4599167,1,1,1,56,1,960929.4375,1,72,3,2,0,219.155221426915
4599169,1,1,0,40,3,540000,1,24,3,1,1,209.419571482652
4599169,1,2,0,20,1,240000,1,12,6,3,1,209.419571482652
4599170,1,1,0,72,4,1e+05,1,4,4,1,0,231.128193585497
4599171,1,1,0,52,1,781242,1,48,5,2,1,219.897873151158
4599171,1,3,1,27,1,6e+05,1,32,5,2,1,219.897873151158
4599172,1,2,1,37,1,936119.6875,1,48,6,5,0,243.242242671865
4599172,1,1,0,34,1,2e+06,1,40,6,5,0,243.242242671865
4599173,1,1,1,36,4,1500000,1,50,6,2,1,243.442067068967
4599173,1,2,0,33,1,1600711,1,42,6,5,0,243.442067068967
4599174,1,3,0,39,1,1920211,1,40,6,5,0,306.94065549902
4599174,1,5,0,37,1,2254666.75,1,45,6,5,0,306.94065549902
4599175,1,1,0,59,4,2e+06,1,25,3,2,1,211.389663037222
4599175,1,3,1,36,4,1e+06,1,48,6,1,1,211.389663037222
4599175,1,2,1,65,5,1e+06,1,68,6,2,1,211.389663037222
4599175,1,4,1,34,1,480000,1,15,5,2,1,211.389663037222
4599176,1,1,1,65,1,1400000,1,60,4,5,0,184.962683432801
4599176,1,4,1,30,1,1058211,1,60,5,5,0,184.962683432801
4599176,1,5,0,27,1,1116666.75,1,48,5,5,0,184.962683432801
4599177,1,1,1,59,1,1512500,1,60,5,5,0,208.32665139193
4599177,1,2,0,55,1,930929.4375,1,40,3,3,0,208.32665139193
4599177,1,3,1,34,1,930929.4375,1,48,6,5,0,208.32665139193
4599178,1,1,1,69,5,1e+06,1,48,5,2,1,193.581655767074
4599178,1,3,0,33,1,7e+05,1,48,6,2,1,193.581655767074
4599179,1,1,1,61,1,827075.3125,1,48,3,4,0,205.263639746639
4599179,1,2,0,56,1,827075.3125,1,48,3,4,0,205.263639746639
4599181,1,1,1,18,1,9e+05,1,54,5,2,1,299.544963914229
4599181,1,2,0,20,1,899453,1,45,5,5,0,299.544963914229
4599183,1,1,1,34,1,1500000,1,60,3,4,0,292.360002249516
4599183,1,2,0,34,1,781242,1,48,6,5,1,292.360002249516
4599184,1,1,1,61,1,1.2e+07,1,48,6,5,0,228.516845485431
4599185,1,1,0,37,1,899453,1,48,4,4,0,210.162223206895
4599185,1,2,1,38,4,9e+05,1,66,5,1,1,210.162223206895
4599186,1,1,1,53,1,7e+05,1,42,5,2,1,255.124051048532
4599187,1,1,0,62,1,6e+05,1,40,5,2,0,231.128193585497
4599189,1,1,1,59,4,1.6e+07,1,30,6,5,1,138.703952022495
4599190,1,3,1,40,1,1120000,1,48,3,4,0,211.389663037222
4599190,1,1,1,57,1,1120000,1,48,3,4,1,211.389663037222
4599191,1,1,1,38,1,1983333.375,1,50,6,5,0,400.328883972991
4599191,1,2,0,36,1,3500000,1,48,6,5,0,400.328883972991
4599192,1,1,0,35,1,2350000,1,48,6,5,0,243.442067068967
4599192,1,2,1,36,1,5625000,1,46,6,5,0,243.442067068967
4599193,1,1,1,49,1,919453,1,60,5,3,0,288.605631658907
4599194,1,2,0,42,3,320000,1,14,3,1,1,217.123302970041
4599194,1,4,1,19,1,889453,1,48,5,5,0,217.123302970041
4599194,1,3,1,22,1,1109044.375,1,48,5,3,0,217.123302970041
4599194,1,1,1,44,4,1300000,1,72,5,1,1,217.123302970041
4599195,1,1,1,53,1,930929.4375,1,48,6,3,0,222.509221251224
4599195,1,2,0,51,1,90000,1,12,4,2,1,222.509221251224
4599196,1,1,0,63,2,3375000,1,40,5,5,0,231.128193585497
4599197,1,1,1,37,1,2038211,1,48,6,5,0,234.191205230789
4599198,1,1,1,48,1,842908.6875,1,48,3,2,0,321.885475520979
4599200,1,1,0,77,1,930929.4375,1,48,5,2,0,219.446209605932
4599200,1,2,0,42,1,930929.4375,1,48,6,2,0,219.446209605932
4599202,1,1,1,59,1,650000,1,48,3,2,1,271.360050154322
4599203,1,1,1,30,1,959929.4375,1,48,5,5,0,290.039642328467
4599204,1,2,0,24,1,930929.4375,1,48,5,2,0,221.101555462217
4599205,1,2,0,31,1,871718.4375,1,40,6,4,0,321.885475520979
4599205,1,1,1,39,1,998211,1,48,5,5,0,321.885475520979
4599207,1,1,1,23,1,1088211,1,50,5,5,0,221.101555462217
4599207,1,2,0,20,1,1016666.6875,1,40,6,4,1,221.101555462217
4599209,1,1,1,48,4,750000,1,40,6,1,0,243.442067068967
4599210,1,1,0,34,1,1054877.625,1,48,5,5,0,245.762426990016
4599210,1,2,1,42,4,1e+06,1,72,5,1,1,245.762426990016
4599211,1,5,0,20,4,6e+05,1,40,5,1,1,200.800599148379
4599211,1,3,0,28,1,1500000,1,55,6,3,1,200.800599148379
4599211,1,1,1,54,4,5e+05,1,40,5,1,1,200.800599148379
4599211,1,2,0,51,4,5e+05,1,30,5,1,1,200.800599148379
4599211,1,4,1,22,4,8e+05,1,28,6,1,1,200.800599148379
4599212,1,1,1,32,5,2e+06,1,48,3,2,1,274.423061799613
4599213,1,1,0,42,4,8e+05,1,72,3,1,1,288.605631658907
4599213,1,2,1,43,4,8e+05,1,50,3,1,1,288.605631658907
4599214,1,1,0,37,1,871242,1,48,4,4,0,290.039642328467
4599214,1,2,1,39,1,9e+05,1,104,3,2,1,290.039642328467
4599215,1,1,1,25,1,1404877.625,1,48,5,5,0,255.124051048532
4599216,1,1,1,50,5,6e+06,1,30,6,2,0,179.202739265872
4599216,1,4,0,23,1,1561242,1,49,6,5,1,179.202739265872
4599216,1,2,0,52,5,4e+06,1,35,6,2,0,179.202739265872
4599216,1,3,1,24,1,4875000,1,40,6,5,0,179.202739265872
4599217,1,4,0,37,4,2e+06,1,48,6,5,0,254.361800885867
4599218,1,1,0,42,2,1966666.625,1,48,6,5,0,207.099211561604
4599218,1,2,0,19,4,30000,1,2,5,1,1,207.099211561604
4599219,1,1,1,58,4,1e+06,1,60,3,1,1,240.179231026574
4599219,1,3,0,32,1,959929.4375,1,48,5,5,0,240.179231026574
4599220,1,1,1,35,4,1200000,1,48,5,1,0,300.287615638472
4599220,1,2,0,24,4,8e+05,1,72,5,1,1,300.287615638472
4599221,1,1,0,45,4,3e+05,1,24,4,1,1,242.699415344725
4599221,1,2,1,24,1,1420833.375,1,48,5,2,1,242.699415344725
4599222,1,2,0,43,4,1500000,1,10,6,3,0,234.080443010451
4599222,1,3,0,25,1,1588211,1,48,6,5,0,234.080443010451
4599223,1,1,0,51,3,8e+05,1,48,5,1,1,176.13972762058
4599224,1,2,1,35,1,6e+05,1,55,6,3,1,221.84420718646
4599227,1,2,0,34,1,1671544.375,1,45,6,3,0,245.762426990016
4599227,1,1,1,37,5,1200000,1,44,3,2,1,245.762426990016
4599228,1,1,0,30,4,3e+05,1,70,6,1,1,243.442067068967
4599228,1,2,1,27,1,5e+05,1,90,4,3,1,243.442067068967
4599229,1,2,1,26,1,2400000,1,45,6,5,0,245.762426990016
4599230,1,3,1,29,5,3e+06,1,40,6,3,0,222.960884796449
4599231,1,1,1,31,1,1103908.625,1,40,5,5,0,243.442067068967
4599231,1,2,0,31,1,990000,1,48,6,5,0,243.442067068967
4599233,1,2,0,49,1,5416666.5,1,48,6,5,0,217.577513230109
4599233,1,3,1,29,1,5e+05,1,4,6,4,0,217.577513230109
4599234,1,2,0,22,1,101200,1,10,6,3,1,268.44178244596
4599235,1,1,0,47,3,869453,1,40,5,1,1,243.442067068967
4599235,1,2,1,28,1,930929.4375,1,48,5,5,0,243.442067068967
4599236,1,1,0,61,1,1793333.375,1,40,5,5,0,231.128193585497
4599237,1,3,1,21,1,1100000,1,48,5,5,0,245.019775265773
4599237,1,1,1,23,1,930929.4375,1,72,5,4,0,245.019775265773
4599237,1,2,0,33,1,890286.3125,1,48,6,2,0,245.019775265773
4599238,1,2,0,44,1,430000,1,28,5,5,0,219.446209605932
4599239,1,3,1,47,5,2e+06,1,80,5,2,0,199.145253292094
4599239,1,2,0,51,4,1800000,1,48,6,2,1,199.145253292094
4599239,1,5,0,29,1,8e+05,1,48,5,2,1,199.145253292094
4599239,1,4,0,38,4,9e+05,1,48,6,2,1,199.145253292094
4599240,1,1,1,62,4,1e+07,1,30,6,1,0,141.766963667786
4599240,1,2,0,58,4,6e+06,1,48,6,5,0,141.766963667786
4599241,1,2,0,60,4,150000,1,30,3,1,1,205.263639746639
4599242,1,1,1,34,4,2e+06,1,85,6,2,1,256.759798466395
4599243,1,2,0,65,4,5e+05,1,40,3,2,1,205.263639746639
4599244,1,5,0,38,2,2783333.25,1,48,6,5,0,280.471447430717
4599244,1,3,1,52,4,6e+05,1,35,6,1,1,280.471447430717
4599244,1,4,1,38,2,5706667,1,130,6,5,0,280.471447430717
4599245,1,2,1,59,5,1500000,1,72,3,3,1,256.553227627161
4599245,1,5,0,23,1,842718.4375,1,48,6,3,0,256.553227627161
4599247,1,1,0,51,1,880869.6875,1,47,5,5,0,198.965027333414
4599247,1,2,1,58,4,1200000,1,40,4,5,0,198.965027333414
4599247,1,4,1,32,1,3400000,1,45,6,5,0,198.965027333414
4599248,1,1,1,31,1,869453,1,48,6,5,0,221.84420718646
4599249,1,4,0,22,1,1778211,1,48,6,5,0,189.229377389152
4599249,1,1,1,48,4,1e+06,1,56,5,2,1,189.229377389152
4599249,1,2,0,56,4,1e+06,1,62,5,2,1,189.229377389152
4599249,1,3,0,28,2,2040000,1,48,6,5,0,189.229377389152
4599250,1,2,0,51,4,4e+06,1,72,6,2,1,188.64994774596
4599250,1,1,1,62,4,4e+06,1,72,6,2,1,188.64994774596
4599250,2,1,1,67,4,6e+05,1,15,6,1,1,188.64994774596
4599251,1,1,0,57,4,3e+05,1,24,3,1,1,234.191205230789
4599251,1,2,1,38,1,1421377.625,1,48,5,5,0,234.191205230789
4599252,1,1,1,55,1,1588211,1,48,4,3,0,205.263639746639
4599253,1,1,1,22,1,5e+05,1,32,6,2,1,254.381399324289
4599256,1,1,0,48,1,2701666.75,1,48,6,4,0,240.379055423676
4599257,1,2,0,47,4,440000,1,72,4,2,1,201.465613213143
4599257,1,4,1,24,1,1600000,1,40,6,5,0,201.465613213143
4599257,1,1,1,52,1,1700000,1,69,4,5,0,201.465613213143
4599257,1,3,0,26,1,1408333.375,1,40,6,5,0,201.465613213143
4599257,1,6,0,26,4,6e+05,1,28,5,1,1,201.465613213143
4599258,1,1,1,40,1,1200000,1,72,3,2,1,313.605347035899
4599269,1,4,0,26,1,1083333.375,1,48,5,5,0,310.203491541414
4599269,1,1,1,30,1,1232333.375,1,48,5,5,0,310.203491541414
4599269,1,2,0,26,1,955109.6875,1,48,6,5,0,310.203491541414
4602072,1,1,0,59,4,380000,1,50,5,1,0,200.911361368716
4602072,1,2,0,20,1,683333.3125,1,56,6,2,1,200.911361368716
4602072,1,3,1,25,4,3e+06,1,48,6,5,0,200.911361368716
4604672,1,1,0,54,3,781242,1,60,5,1,1,240.379055423676
4607523,1,3,1,59,4,8e+05,1,48,3,1,1,232.322508854965
4607523,1,1,1,29,1,1008211,1,48,3,4,0,232.322508854965
4607523,1,2,1,36,4,8e+05,1,50,3,1,1,232.322508854965
4607524,1,1,1,63,1,4e+05,1,25,3,2,1,226.196485564383
4607525,1,2,1,31,1,1083333.375,1,48,3,4,0,210.162223206895
4607525,1,1,0,54,1,120000,1,12,3,2,1,210.162223206895
4607526,1,4,0,31,1,954877.6875,1,48,6,5,0,181.899671787509
4607527,1,1,0,51,1,1128619.625,1,60,5,5,0,195.417227582039
4607527,1,2,0,25,1,1083333.375,1,45,6,4,0,195.417227582039
4607529,1,1,1,28,2,3288333.25,1,112,5,5,0,292.360002249516
4607530,1,2,1,26,1,1063211,1,48,5,5,0,234.191205230789
4607531,1,1,1,34,4,750000,1,72,5,1,1,255.124051048532
4607532,1,2,0,62,1,2566666.75,1,40,6,5,0,207.583999667688
4607537,1,2,1,34,4,5e+05,1,17,6,5,0,321.885475520979
4607538,1,1,1,26,1,1421877.625,1,48,6,5,0,368.483050780479
4607539,1,6,0,26,1,8e+05,1,48,5,2,1,252.038894249976
4607539,1,2,0,46,1,4e+05,1,28,4,3,1,252.038894249976
4607539,1,3,1,19,1,850000,1,48,6,4,1,252.038894249976
4607539,1,7,1,18,1,1200000,1,48,5,3,1,252.038894249976
4607540,1,1,1,47,4,450000,1,50,3,1,0,210.162223206895
4607542,1,3,0,20,1,869453,1,40,6,4,0,178.518126762686
4607542,1,6,0,27,1,473333.34375,1,48,6,5,1,178.518126762686
4607542,1,1,1,52,4,7e+05,1,60,3,1,1,178.518126762686
4607545,1,1,1,56,4,8e+06,1,48,6,4,0,228.516845485431
4607546,1,5,0,23,1,1288211,1,48,6,5,0,235.101555317249
4607546,1,3,1,37,1,960829.4375,1,48,5,5,0,235.101555317249
4607546,2,1,1,47,1,979587.4375,1,48,4,5,0,235.101555317249
4607546,2,2,0,49,4,6e+05,1,48,5,1,1,235.101555317249
4607547,1,1,0,32,4,70000,1,12,6,1,1,400.328883972991
4607547,1,2,1,38,1,1431544.375,1,40,6,4,0,400.328883972991
4607548,1,1,0,53,4,4e+06,1,84,6,5,0,231.01743136516
4607548,1,3,0,25,1,1300000,1,84,6,5,0,231.01743136516
4607549,1,1,0,59,4,6e+05,1,45,5,1,1,203.056154463607
4607549,1,2,1,58,4,6e+05,1,72,3,1,0,203.056154463607
4607549,1,3,1,26,1,1625000,1,45,6,5,0,203.056154463607
4607549,1,6,1,20,1,2e+05,1,22,6,2,1,203.056154463607
4607549,1,5,1,21,1,869453,1,48,5,5,0,203.056154463607
4607549,1,4,1,27,4,5e+05,1,72,6,1,1,203.056154463607
4607550,1,2,0,48,4,3e+05,1,30,3,1,1,213.225234852187
4607550,1,1,1,53,4,7e+05,1,48,4,1,1,213.225234852187
4607550,1,4,0,19,1,869453,1,48,5,5,1,213.225234852187
4607551,1,2,1,40,1,1200000,1,49,6,2,1,368.483050780479
4607551,1,1,0,31,1,1426011,1,48,5,5,0,368.483050780479
4607552,1,1,1,52,1,7e+05,1,48,3,2,1,262.741077820049
4607553,1,1,1,54,2,4291666.5,1,40,6,5,0,234.191205230789
4607554,1,1,0,36,4,6e+05,1,58,4,1,1,404.428920517363
4607555,1,1,1,29,1,866666.6875,1,48,5,5,0,255.124051048532
4607556,1,2,1,39,4,8e+05,1,66,5,1,1,248.082786911065
4607559,1,1,0,36,1,888212,1,48,5,4,0,253.696786821103
4607560,1,1,1,42,4,8e+05,1,48,4,1,1,362.806883736751
4607563,1,1,1,46,4,8e+05,1,60,3,2,1,245.762426990016
4607563,1,2,0,44,1,935333.3125,1,48,3,5,0,245.762426990016
4607564,1,1,0,49,4,550000,1,30,5,1,1,247.398174407879
4607564,2,1,1,52,4,1e+06,1,48,5,1,1,247.398174407879
4607564,2,2,0,28,1,4333333.5,1,55,6,4,0,247.398174407879
4607565,1,2,0,29,4,1600000,1,48,6,5,0,290.039642328467
4607565,1,1,1,40,2,2025100,1,120,5,5,0,290.039642328467
4607566,1,3,1,25,1,1883333.375,1,48,6,5,0,219.897873151158
4607566,1,2,0,49,1,1539333.375,1,36,5,4,0,219.897873151158
4607566,1,4,1,21,1,1046544.3125,1,48,6,5,0,219.897873151158
4607567,1,1,0,42,1,1509166.625,1,84,5,5,0,248.082786911065
4607567,1,2,1,43,4,3e+06,1,45,6,5,0,248.082786911065
4607568,1,2,0,33,1,960929.4375,1,40,5,5,0,321.885475520979
4607569,1,1,1,25,2,1227500,1,72,5,5,0,221.84420718646
4607570,1,1,1,35,4,1500000,1,48,5,1,1,290.039642328467
4607571,1,2,1,42,1,6500000,1,48,6,5,0,290.039642328467
4607571,1,1,0,40,1,2908333.25,1,48,6,5,0,290.039642328467
4607573,1,1,0,55,4,4e+05,1,10,5,1,1,234.191205230789
4607574,1,2,1,35,4,8e+05,1,56,5,1,1,409.425611978309
4607574,1,1,0,29,1,1588211,1,91,5,4,1,409.425611978309
4607575,1,1,1,25,1,2020833.25,1,36,6,5,0,243.442067068967
4607577,1,1,0,57,3,930929.4375,1,70,4,1,1,205.263639746639
4607578,1,1,0,56,4,7e+05,1,70,3,2,1,260.212450256431
4607578,1,2,1,52,4,7e+05,1,70,5,2,1,260.212450256431
4607579,1,4,0,25,1,1158333.375,1,40,6,4,0,201.543250872622
4607580,1,1,0,57,4,1e+06,1,56,6,2,0,205.263639746639
4607580,1,2,1,61,4,1e+06,1,70,6,2,1,205.263639746639
4607581,1,1,0,53,4,3e+05,1,40,5,1,1,254.993690389773
4607581,1,3,0,27,1,731711,1,36,5,5,0,254.993690389773
4607581,1,2,1,50,3,1371544.375,1,84,5,2,0,254.993690389773
4607584,1,2,0,33,4,7e+05,1,42,5,1,1,221.766569526981
4607585,1,1,1,60,4,7e+05,1,48,5,1,1,181.234657722746
4607586,1,1,0,46,3,1400000,1,54,3,1,0,253.696786821103
4607586,1,2,0,24,1,1279877.625,1,48,6,5,0,253.696786821103
4607587,1,1,0,29,4,40000,1,3,5,1,1,318.822463875688
4607588,1,1,1,49,1,2166666.75,1,48,6,5,0,279.909021665154
4607588,1,3,0,54,1,960119.6875,1,48,5,5,0,279.909021665154
4607588,1,6,0,25,1,2166666.75,1,48,6,4,0,279.909021665154
4607588,1,4,0,33,1,1291211,1,52,5,5,0,279.909021665154
4607589,1,1,1,31,1,869453,1,54,5,4,0,255.124051048532
4607590,1,1,1,56,4,1e+06,1,98,3,2,0,216.834861505866
4607590,1,3,1,20,4,4e+05,1,48,5,2,1,216.834861505866
4607591,1,1,1,30,1,931953,1,48,5,3,0,243.442067068967
4607591,1,2,0,26,4,1340000,1,48,5,5,0,243.442067068967
4607592,1,1,0,20,1,9e+05,1,48,5,3,1,186.90647075326
4607592,1,6,0,26,1,8e+05,1,72,6,2,1,186.90647075326
4607592,1,2,1,21,1,869453,1,48,5,4,0,186.90647075326
4607592,1,5,1,27,5,1500000,1,48,5,2,1,186.90647075326
4607592,1,4,1,32,1,1388211,1,48,5,4,0,186.90647075326
4607592,1,7,1,21,4,6e+05,1,70,5,2,1,186.90647075326
4607592,1,3,1,21,4,250000,1,50,5,3,1,186.90647075326
4607596,1,3,0,24,4,8e+05,1,60,6,2,1,291.668643304198
4607596,1,5,1,36,4,8e+05,1,60,5,2,0,291.668643304198
4607596,1,2,0,46,5,1e+06,1,60,5,2,0,291.668643304198
4607599,1,1,0,52,2,8866666,1,40,6,5,0,240.379055423676
4607600,1,1,1,52,1,850000,1,55,3,2,1,129.540079193722
4607601,1,2,0,27,4,4500000,1,74,6,5,0,228.697071444111
4607601,1,1,0,52,4,2e+05,1,20,5,1,1,228.697071444111
4607603,1,2,1,30,2,1938211,1,30,6,5,0,187.845469119412
4607603,1,1,1,60,4,1300000,1,45,4,5,1,187.845469119412
4607604,1,1,0,58,4,50000,1,10,3,1,1,277.408435785426
4607604,1,5,0,37,1,1110929.375,1,48,5,5,0,277.408435785426
4607604,1,3,1,30,4,3e+05,1,12,6,2,1,277.408435785426
4607604,1,2,1,65,1,2e+05,1,48,3,2,1,277.408435785426
4607606,1,2,0,26,1,4666667,1,48,6,5,0,228.697071444111
4607606,1,1,0,50,4,2e+06,1,35,6,5,0,228.697071444111
4607607,1,2,1,34,1,2e+06,1,40,6,3,0,234.191205230789
4607608,1,5,0,77,3,781242,1,70,1,1,0,137.533394272293
4607608,1,3,0,57,1,6766666.5,1,60,6,2,0,137.533394272293
4607609,1,1,0,38,4,6240000,1,50,6,5,0,240.379055423676
4607610,1,1,1,54,1,3e+07,1,32,6,5,0,243.442067068967
4607611,1,1,1,33,1,9e+05,1,72,1,2,1,196.741383078735
4607614,1,2,0,53,4,3800000,1,48,6,5,0,221.475581347964
4607615,1,1,1,29,4,1200000,1,80,6,1,1,169.95098299078
4607615,1,5,0,41,4,150000,1,54,4,1,1,169.95098299078
4607615,1,8,0,40,4,3e+05,1,75,4,1,1,169.95098299078
4607615,1,9,1,29,4,8e+05,1,70,4,1,1,169.95098299078
4607616,1,2,0,31,3,1567000,1,50,5,2,0,297.889618057944
4607619,1,2,0,26,1,781242,1,48,5,2,1,289.839817931365
4607619,1,6,0,56,1,2e+05,1,20,3,2,1,289.839817931365
4607619,1,1,1,27,1,781242,1,48,5,2,1,289.839817931365
4607620,1,2,0,54,1,4681250,1,48,6,5,0,185.875377564843
4607620,1,3,1,24,1,2166666.75,1,48,6,5,0,185.875377564843
4607622,1,3,1,25,1,2141666.75,1,48,6,5,0,208.32665139193
4607623,1,4,0,36,3,1280000,1,60,4,1,0,148.619827925437
4607623,1,3,0,26,4,5e+05,1,40,6,1,1,148.619827925437
4607624,1,1,1,23,1,1058211,1,48,5,5,0,267.699130721717
4607625,1,1,1,48,4,3764000,1,48,6,5,0,257.444410969581
4607626,1,1,1,33,1,7500000,1,40,6,5,0,243.442067068967
4607627,1,1,1,38,4,3e+06,1,20,6,5,0,255.124051048532
4607628,1,2,1,30,1,240000,1,24,5,2,1,258.187062693824
4607628,1,1,1,28,2,2008333.375,1,30,6,5,0,258.187062693824
4607629,1,2,1,35,1,931953,1,48,4,5,0,234.191205230789
4607630,1,1,1,30,1,1e+07,1,34,6,5,0,243.442067068967
4607633,1,1,0,35,4,620000,1,40,4,1,1,245.762426990016
4607633,1,3,1,30,1,930286.3125,1,48,5,5,0,245.762426990016
4607636,1,1,0,42,1,927786.3125,1,48,5,3,0,240.379055423676
4607637,1,1,0,37,1,1100000,1,48,6,4,0,210.162223206895
4607639,1,1,0,25,1,869453,1,40,6,3,1,240.379055423676
4607642,1,1,1,36,4,3500000,1,68,6,2,0,255.124051048532
4607643,1,1,0,52,4,1e+06,1,48,6,1,0,181.234657722746
4607644,1,1,1,27,1,2196666.75,1,54,5,2,0,321.885475520979
4607644,1,2,0,25,1,1743211,1,48,6,3,0,321.885475520979
4607646,1,1,1,55,1,1050000,1,50,4,3,0,150.275173781722
4607646,1,5,1,22,1,840000,1,60,5,2,1,150.275173781722
4607647,1,1,0,42,1,2708333.25,1,48,6,5,0,318.822463875688
4607648,1,2,1,37,1,1101666.625,1,48,6,5,0,229.259497209674
4607650,1,1,0,21,4,3e+05,1,20,5,1,1,218.781195541169
4607651,1,1,1,62,1,8e+05,1,48,3,2,0,226.196485564383
4607652,1,1,0,50,2,2000000.125,1,40,6,5,0,240.379055423676
4607653,1,1,1,28,1,8600000,1,68,6,3,0,274.423061799613
4607654,1,4,0,22,1,8e+05,1,56,4,2,1,221.644382789358
4607654,1,1,1,60,4,40000,1,40,4,1,1,221.644382789358
4607654,1,3,1,28,1,750000,1,48,5,2,1,221.644382789358
4607655,1,1,1,31,4,7e+05,1,45,4,1,1,221.84420718646
4607656,1,1,1,28,2,1415000,1,90,6,5,0,246.505078714259
4607656,2,2,0,29,4,3e+05,1,40,5,4,1,246.505078714259
4607656,2,1,1,27,4,6e+05,1,36,5,1,1,246.505078714259
4607657,1,1,1,34,4,850000,1,48,4,1,1,333.567459500544
4607659,1,2,1,18,1,9e+05,1,66,4,3,1,176.13972762058
4607659,1,1,0,37,4,6e+05,1,40,6,1,1,176.13972762058
4607660,1,1,0,50,1,9e+05,1,60,5,2,1,240.379055423676
4607661,1,1,1,63,4,1e+05,1,24,3,1,1,226.196485564383
4607662,1,3,0,35,1,440000,1,50,6,2,1,231.760083089403
4607662,1,1,1,34,1,8e+05,1,60,6,4,1,231.760083089403
4607663,1,1,1,51,1,900453,1,48,3,5,0,221.84420718646
4607665,1,1,1,46,1,1088211,1,48,3,5,0,255.124051048532
4607666,1,2,0,35,3,833333.3125,1,48,5,1,1,321.885475520979
4607666,1,1,1,41,1,8e+05,1,48,6,2,0,321.885475520979
4607667,1,1,1,35,1,1e+06,1,48,5,4,0,255.124051048532
4607668,1,3,1,50,1,1009044.3125,1,50,5,4,0,208.32665139193
4607670,1,1,0,46,1,959929.4375,1,50,6,5,0,242.699415344725
4607671,1,1,1,49,4,2e+06,1,30,4,1,1,234.823094734694
4607671,1,2,0,53,4,2300000,1,40,4,1,1,234.823094734694
4607672,1,1,1,51,1,1029583.3125,1,48,5,5,0,277.781261351211
4607672,1,2,0,47,1,833333.3125,1,48,5,4,0,277.781261351211
4607672,1,5,1,32,1,950000,1,60,6,2,0,277.781261351211
4607672,1,4,1,22,1,833333.3125,1,48,5,5,0,277.781261351211
4607672,2,1,1,21,1,9e+05,1,60,5,2,0,277.781261351211
4607672,2,2,0,21,1,893333.3125,1,48,6,3,0,277.781261351211
4607673,1,2,0,36,1,948453,1,48,5,5,0,243.442067068967
4607673,1,1,1,27,1,902786.3125,1,48,5,5,0,243.442067068967
4607674,1,1,0,42,4,170000,1,40,3,1,1,207.099211561604
4607675,1,1,1,42,1,888211,1,48,3,2,1,203.231721289765
4607676,1,1,1,52,4,8e+05,1,40,5,1,1,234.191205230789
4607677,1,1,1,28,4,750000,1,40,6,1,1,321.885475520979
4607678,1,1,1,22,1,987500,1,48,6,5,0,254.381399324289
4607679,1,1,0,19,1,342000,1,16,6,5,0,185.501351679096
4607680,1,2,1,48,2,2748333.25,1,40,6,5,0,179.978515550973
4607681,1,2,1,31,1,1365833.375,1,66,5,5,0,258.187062693824
4607681,1,1,1,26,1,2066666.625,1,55,6,5,0,258.187062693824
4607682,1,1,1,31,1,1519611,1,48,4,5,0,290.039642328467
4607682,1,2,0,32,1,1019611,1,48,5,4,0,290.039642328467
4607683,1,2,0,36,3,5e+05,1,24,5,1,1,288.605631658907
4607683,1,1,1,35,1,2738333.5,1,72,5,5,0,288.605631658907
4607684,1,1,1,44,4,1200000,1,60,4,2,1,210.162223206895
4607685,1,2,0,46,1,2033333.375,1,42,6,3,0,212.482583127944
4607685,1,1,1,52,4,1100000,1,70,6,1,1,212.482583127944
4607685,1,3,0,23,1,869453,1,40,6,5,0,212.482583127944
4607685,1,4,1,19,1,1e+06,1,48,5,5,0,212.482583127944
4607686,1,2,0,25,3,150000,1,55,5,1,1,289.296990604224
4607687,1,1,0,18,1,25000,1,9,5,2,1,218.781195541169
4607688,1,1,0,35,2,2046666.625,1,40,6,5,0,289.296990604224
4607689,1,1,0,40,1,1525000,1,40,6,5,0,188.486725664909
4607690,1,1,1,57,1,1200000,1,70,3,4,0,241.808232002305
4607690,1,2,0,55,4,3e+05,1,35,5,1,1,241.808232002305
4607690,1,5,1,29,1,1011087.4375,1,48,5,5,0,241.808232002305
4607692,1,1,0,55,1,4e+05,1,60,3,2,1,231.128193585497
4607693,1,1,0,47,1,1000711,1,48,3,2,0,210.162223206895
4607693,1,3,1,31,1,1771544.375,1,48,5,5,0,210.162223206895
4607696,1,2,1,47,1,1295833.375,1,48,4,4,0,215.545594773235
4607696,1,1,0,45,3,1050000,1,40,4,2,0,215.545594773235
4607696,1,4,1,21,1,250000,1,40,4,2,1,215.545594773235
4607698,1,2,1,48,1,930929.4375,1,48,4,4,0,243.442067068967
4607698,1,1,0,27,1,930929.4375,1,48,5,4,0,243.442067068967
4607699,1,2,0,36,1,2816666.75,1,48,6,5,0,210.162223206895
4607699,1,3,0,23,1,869453,1,48,6,5,1,210.162223206895
4607700,1,1,0,39,1,6250000,1,48,6,5,0,286.976630683175
4607701,1,4,1,21,1,160000,1,24,6,2,1,293.246351501004
4607701,1,3,1,24,1,320000,1,16,6,5,1,293.246351501004
4607701,1,2,0,50,4,1e+06,1,21,6,1,1,293.246351501004
4607702,1,3,1,26,1,1208333.375,1,48,6,5,0,201.57637543348
4607702,1,2,0,32,1,1039166.6875,1,48,6,5,0,201.57637543348
4607702,1,1,0,55,4,4e+05,1,48,4,1,1,201.57637543348
4607704,1,2,0,29,1,869453,1,64,5,4,0,212.482583127944
4607705,1,1,1,27,4,9e+05,1,84,6,1,0,322.266269253852
4607705,1,2,0,25,1,842718.4375,1,72,6,2,1,322.266269253852
4607707,1,1,0,49,1,936119.6875,1,54,3,2,0,242.699415344725
4607708,1,1,0,24,1,420000,1,40,5,2,1,299.544963914229
4607708,1,2,1,20,1,1099453,1,48,4,4,0,299.544963914229
4607709,1,1,0,35,2,3358333.25,1,55,6,5,0,321.885475520979
4607709,1,2,1,28,2,1954044.25,1,55,6,5,0,321.885475520979
4607710,1,3,1,19,1,869453,1,60,6,5,0,209.419571482652
4607710,1,2,0,21,1,869453,1,48,6,5,0,209.419571482652
4607710,1,1,0,47,4,1800000,1,48,6,1,0,209.419571482652
4607711,1,1,0,47,1,930929.4375,1,45,6,5,0,209.419571482652
4607712,1,1,0,40,1,1452211,1,48,6,5,0,209.419571482652
4607713,1,1,0,27,1,959929.4375,1,48,5,5,0,370.638006602972
4607715,1,1,1,27,1,1288211,1,72,5,5,0,368.483050780479
4607715,1,2,0,27,4,2e+05,1,36,5,1,1,368.483050780479
4607717,1,1,0,45,1,1e+07,1,66,6,5,0,368.483050780479
4607717,1,2,1,46,1,1e+07,1,45,6,5,0,368.483050780479
4607718,1,1,1,60,4,8e+05,1,24,3,1,1,226.196485564383
4607719,1,1,0,38,3,838211,1,48,4,1,1,240.379055423676
4607720,1,1,0,22,4,1e+05,1,10,5,1,1,265.378770800668
4607721,1,5,0,39,1,898453,1,40,5,5,0,233.880618613349
4607721,1,7,1,33,4,1e+06,1,50,5,1,1,233.880618613349
4607722,1,2,0,43,4,3e+05,1,32,4,1,0,245.762426990016
4607722,1,1,1,40,1,8e+05,1,48,4,3,0,245.762426990016
4607723,1,2,1,31,4,1200000,1,40,6,1,1,321.885475520979
4607723,1,1,0,27,1,886119.6875,1,48,5,5,0,321.885475520979
4607724,1,1,1,33,4,1e+06,1,70,3,2,1,321.885475520979
4607725,1,2,0,22,1,781242,1,60,4,2,0,332.140195273115
4607726,1,1,0,65,4,3e+05,1,72,3,1,0,234.191205230789
4607730,1,1,0,29,3,9e+05,1,48,5,1,1,335.203206918406
4607730,1,5,0,18,1,869453,1,48,6,4,0,335.203206918406
4607731,1,1,0,26,1,2704166.75,1,48,6,5,0,240.379055423676
4607732,1,1,0,59,3,833333.3125,1,48,3,1,0,231.128193585497
4607733,1,1,1,27,1,9e+05,1,50,5,5,1,127.562025524266
4607734,1,1,0,48,4,1e+05,1,84,3,1,1,107.257250792409
4607734,1,2,1,55,1,930929.4375,1,48,1,5,0,107.257250792409
4607735,1,1,0,63,4,6e+05,1,48,3,1,1,294.764779510348
4607736,1,1,1,42,4,1e+06,1,60,5,1,1,176.882379344823
4607736,1,3,0,19,1,1288211,1,48,6,5,0,176.882379344823
4607737,1,1,1,32,4,9e+06,1,39,6,5,0,255.124051048532
4607739,1,3,1,42,1,1901666.625,1,45,6,5,0,106.612617426093
4607739,1,1,0,54,4,8e+05,1,40,5,1,1,106.612617426093
4607739,1,2,0,21,1,919453,1,48,6,5,0,106.612617426093
4607739,1,4,1,33,1,1369453,1,50,4,5,0,106.612617426093
4607740,1,3,0,29,1,1063211,1,48,6,5,0,231.760083089403
4607740,1,1,1,51,4,1200000,1,72,4,2,1,231.760083089403
4607740,1,2,0,52,4,5e+05,1,72,5,2,1,231.760083089403
4607741,1,2,0,50,3,983333.3125,1,48,5,1,0,214.514501584818
4607742,1,1,0,29,1,959929.4375,1,48,5,5,0,143.488315341588
4607743,1,3,1,25,1,9e+05,1,48,5,3,1,130.253711307436
4607743,1,1,1,29,1,2779000,1,96,5,3,0,130.253711307436
4607743,1,2,1,24,1,350000,1,24,4,2,1,130.253711307436
4607744,1,1,0,46,1,8e+05,1,48,5,5,1,240.379055423676
4607745,1,1,1,24,4,1200000,1,50,5,4,1,254.381399324289
4607746,1,1,0,29,4,5e+05,1,40,5,1,1,286.976630683175
4607747,1,2,0,34,1,954877.6875,1,48,5,5,0,210.162223206895
4607747,1,1,1,30,1,1887333.375,1,40,6,5,0,210.162223206895
4607748,1,1,1,37,1,1138211,1,72,3,4,0,243.442067068967
4607748,1,2,0,26,1,781242,1,48,4,4,1,243.442067068967
4607749,1,1,1,25,1,8e+05,1,63,3,3,1,255.124051048532
4609875,1,1,0,45,1,1666211,1,48,6,5,0,207.099211561604
4609876,1,2,0,38,3,580000,1,54,3,1,1,275.294646703611
4609925,1,1,1,36,1,1331544.375,1,48,5,4,0,368.483050780479
4609925,1,2,0,27,1,931119.6875,1,48,5,4,0,368.483050780479
4609926,1,1,0,36,1,979453,1,48,5,2,0,292.360002249516
4609926,1,4,1,31,1,1234044.375,1,60,5,5,0,292.360002249516
4610159,1,2,0,29,1,460000,1,10,6,3,1,193.403914905826
4610161,1,1,1,35,1,1349687.375,1,72,6,5,0,296.315392036928
4610161,1,2,0,37,1,1089687.375,1,48,6,5,0,296.315392036928
4612200,1,3,1,31,1,865833.3125,1,48,6,3,0,240.599325205592
4612200,1,1,1,62,1,865833.3125,1,36,6,5,0,240.599325205592
4612203,1,4,0,66,1,781242,1,38,3,5,0,278.665262801864
4612204,1,1,1,50,5,1e+06,1,50,6,2,1,200.826573317656
4612205,1,3,1,34,4,1e+06,1,72,5,1,0,244.56158708823
4612205,1,4,1,39,4,1100000,1,72,5,1,0,244.56158708823
4612206,1,2,1,47,4,1200000,1,60,5,1,1,261.230895096819
4612206,1,3,1,46,4,1e+06,1,20,4,1,1,261.230895096819
4612206,1,4,1,36,1,1742211,1,40,6,4,0,261.230895096819
4612208,1,1,1,55,1,3450000,1,60,5,5,0,206.380442215653
4612208,1,3,1,27,1,2708333.25,1,48,6,5,0,206.380442215653
4612208,1,4,0,32,1,2384166.75,1,40,6,5,0,206.380442215653
4612208,1,2,0,52,4,250000,1,16,5,1,0,206.380442215653
4612209,1,1,0,42,3,3e+05,1,16,5,1,1,241.431827209559
4612210,1,1,1,61,4,4e+05,1,40,5,1,0,220.73015183343
4612210,1,3,0,24,1,869453,1,48,6,5,0,220.73015183343
4612212,1,1,1,61,1,1166000,1,66,3,2,0,271.040668989277
4612212,1,4,1,27,4,1e+06,1,66,5,1,1,271.040668989277
4612213,1,1,1,30,1,1126666.625,1,48,4,5,0,223.049750224243
4612216,1,1,1,37,4,5400000,1,48,6,5,0,287.12435354427
4612216,1,2,0,36,1,3238333.25,1,48,6,5,0,287.12435354427
4612217,1,1,1,39,4,1e+06,1,50,5,2,1,287.12435354427
4612218,1,2,1,37,1,954877.6875,1,48,3,4,0,200.24094986406
4612218,1,1,0,43,4,2e+05,1,31,6,1,1,200.24094986406
4612218,1,4,0,25,1,1530000,1,30,6,5,0,200.24094986406
4612219,1,1,1,61,4,1400000,1,60,4,5,0,221.967282532238
4612219,1,3,1,21,1,938211,1,40,5,5,0,221.967282532238
4612220,1,1,0,49,5,8e+05,1,60,5,2,1,211.130262952644
4612220,1,2,0,30,1,1976000,1,40,6,5,0,211.130262952644
4612220,1,5,0,65,3,2e+05,1,53,4,1,1,211.130262952644
4612220,1,3,1,33,1,2614333.25,1,40,6,5,0,211.130262952644
4612221,1,1,1,41,4,1200000,1,90,5,1,0,212.556727120353
4612221,1,2,0,48,4,3e+05,1,88,5,1,1,212.556727120353
4612222,1,1,1,47,1,1123211,1,40,5,4,0,296.315392036928
4612223,1,1,0,57,5,3e+06,1,60,5,2,1,223.446040208937
4612223,1,2,1,30,4,2e+06,1,40,6,1,0,223.446040208937
4612223,1,3,0,25,1,1183333.375,1,48,6,4,0,223.446040208937
4612224,1,1,1,46,2,4150000,1,40,6,5,0,200.826573317656
4612224,1,2,0,43,1,1437211,1,48,5,4,0,200.826573317656
4612225,1,2,1,22,1,950000,1,48,6,5,0,190.544728422846
4612225,1,4,0,42,4,750000,1,40,5,2,1,190.544728422846
4612226,1,1,1,73,4,8e+05,1,48,4,4,0,232.460305636127
4612227,1,1,1,37,1,951544.3125,1,48,6,5,0,275.394199741573
4612228,1,1,1,29,1,120000,1,24,4,2,1,223.049750224243
4612228,1,2,0,25,1,781242,1,48,5,4,1,223.049750224243
4612230,1,1,1,60,4,1600000,1,84,5,1,1,210.953489887176
4612230,1,3,0,34,1,1100000,1,30,5,5,1,210.953489887176
4612230,1,2,0,59,4,8e+05,1,60,4,1,1,210.953489887176
4612231,1,2,0,43,1,930929.4375,1,40,6,2,0,223.446040208937
4612231,1,1,1,43,1,1240000,1,48,6,5,0,223.446040208937
4612232,1,2,1,23,1,880000,1,42,6,5,0,182.194530644301
4612232,1,1,0,38,1,1704877.625,1,48,6,5,0,182.194530644301
4612232,1,3,1,19,4,1e+05,1,5,6,1,1,182.194530644301
4612233,1,3,1,19,1,2e+05,1,48,5,3,1,212.556727120353
4612233,1,2,1,46,1,1211544.375,1,48,5,5,0,212.556727120353
4612233,1,1,0,42,1,930929.4375,1,48,4,5,0,212.556727120353
4612234,1,2,0,55,4,7e+05,1,72,5,1,1,242.598852423464
4612234,1,3,1,27,1,2916666.75,1,48,6,5,0,242.598852423464
4612234,1,4,1,19,4,60000,1,8,6,5,1,242.598852423464
4612235,1,3,0,21,1,930929.4375,1,48,6,3,0,208.780481111507
4612235,1,1,1,45,1,1024666.6875,1,48,5,5,0,208.780481111507
4612236,1,2,0,35,4,4e+05,1,8,5,1,1,215.307020639472
4612237,1,1,0,48,1,6e+06,1,48,6,5,0,200.826573317656
4612238,1,1,0,38,1,1093211,1,48,6,5,0,224.101769147436
4612240,1,1,0,42,2,3053333.5,1,30,6,5,0,191.570680912574
4612240,1,3,1,19,4,4e+05,1,12,6,1,1,191.570680912574
4612240,1,2,1,50,1,1171544.375,1,48,5,5,0,191.570680912574
4612242,1,2,0,33,1,3250000,1,40,6,5,0,223.049750224243
4612243,1,1,0,29,1,866666.6875,1,48,5,4,1,233.292807640094
4612244,1,1,1,37,1,1168242,1,54,3,5,0,221.747765613011
4612245,1,2,0,42,5,3e+06,1,50,6,2,1,199.589442618848
4612245,1,1,1,44,1,4116666.75,1,50,6,5,0,199.589442618848
4612246,1,2,0,42,1,2625000,1,36,6,5,0,223.049750224243
4612246,1,1,1,51,1,1500000,1,48,5,3,1,223.049750224243
4612247,1,1,0,53,4,1e+05,1,31,4,1,1,188.334022995895
4612247,1,2,1,20,1,210000,1,30,6,4,1,188.334022995895
4612247,1,3,0,18,4,2e+05,1,15,6,2,1,188.334022995895
4612249,1,1,0,30,1,928453,1,48,6,4,0,233.292807640094
4612250,1,1,0,31,1,928453,1,48,6,4,0,212.371615344738
4612251,1,1,1,21,1,1200000,1,48,5,5,0,225.92452329984
4612253,1,1,1,64,1,1625000,1,40,3,4,0,219.092509456641
4612253,1,3,0,27,4,2e+06,1,36,6,4,0,219.092509456641
4612256,1,3,1,37,4,5e+05,1,35,5,1,1,198.106463248862
4612256,1,2,1,70,4,3e+05,1,40,3,2,1,198.106463248862
4612256,1,1,0,64,4,3e+05,1,40,3,2,1,198.106463248862
4612257,1,2,1,67,4,4e+05,1,48,5,1,1,232.460305636127
4612258,1,1,1,50,1,2583333.25,1,48,5,5,0,212.556727120353
4612260,1,1,0,69,1,862500,1,48,4,2,0,244.952855957889
4612260,1,2,1,35,1,930929.4375,1,40,6,4,0,244.952855957889
4612261,1,1,0,75,4,5e+05,1,14,5,1,1,225.083682585726
4612264,1,2,0,33,4,1e+06,1,30,5,1,0,215.307020639472
4612266,1,1,0,29,1,8e+05,1,50,5,3,1,241.431827209559
4612266,1,2,1,34,1,8e+05,1,50,4,3,1,241.431827209559
4612267,1,2,0,46,1,954877.6875,1,56,4,3,1,397.654092199568
4612268,1,2,0,26,1,4575000,1,48,6,5,0,215.307020639472
4612269,1,2,0,18,1,869453,1,20,6,3,0,223.921477501264
4612269,1,3,0,40,1,6e+05,1,24,6,5,1,223.921477501264
4612270,1,1,1,41,1,8e+06,1,48,6,5,0,241.431827209559
4612271,1,3,0,26,1,949687.4375,1,48,6,3,0,201.542934475291
4612273,1,2,0,35,3,1e+06,1,40,6,1,1,211.319596421545
4612273,1,1,1,35,4,2500000,1,40,6,1,0,211.319596421545
4612276,1,2,0,43,1,1129000,1,40,5,4,0,438.917231982022
4612276,1,1,1,51,4,8e+05,1,40,3,1,1,438.917231982022
4612276,1,4,1,26,1,1212500,1,50,5,3,1,438.917231982022
4612277,1,1,0,35,1,1604877.625,1,48,6,5,0,276.631330440381
4612277,1,2,1,33,1,5826666.5,1,48,6,5,0,276.631330440381
4612278,1,2,0,47,4,3e+05,1,20,3,1,1,201.222863302351
4612278,1,1,1,47,4,1200000,1,50,3,1,0,201.222863302351
4612279,1,2,1,55,1,8e+05,1,48,4,2,0,232.460305636127
4612280,1,1,1,40,1,4500000,1,40,6,5,0,244.556565973194
4612281,1,1,1,53,4,1100000,1,15,5,2,1,210.202723585929
4612281,1,4,1,23,4,1300000,1,60,5,5,0,210.202723585929
4612281,1,2,0,52,1,1188211,1,48,6,5,0,210.202723585929
4612282,1,1,1,45,1,3750000,1,60,6,5,0,178.60339641107
4612284,1,2,0,26,1,1108000,1,54,6,5,0,482.863654419118
4612284,1,1,1,29,1,1974666.625,1,48,6,5,0,482.863654419118
4612285,1,1,1,26,2,1916666.625,1,54,5,5,0,465.652824340994
4612286,1,3,1,29,4,1200000,1,60,5,1,1,434.78846972143
4612286,1,1,1,56,1,1171544.375,1,40,5,5,0,434.78846972143
4612286,1,2,0,44,4,3500000,1,40,6,5,0,434.78846972143
4612289,1,1,1,74,4,1e+05,1,8,5,2,0,210.557199902481
4612290,1,2,0,52,5,8e+05,1,5,5,3,0,206.966065669249
4612290,1,3,1,26,1,1e+06,1,65,6,5,1,206.966065669249
4612290,1,1,1,58,5,6500000,1,45,6,3,0,206.966065669249
4612293,1,2,1,40,4,3e+05,1,28,3,1,1,296.315392036928
4612293,1,1,0,35,1,9e+05,1,58,5,2,1,296.315392036928
4612294,1,1,1,63,4,8e+05,1,48,6,1,1,283.822841715167
4612296,1,2,1,44,1,12500000,1,48,6,5,0,223.049750224243
4612297,1,1,0,27,1,4333333.5,1,40,6,5,0,223.049750224243
4612297,1,2,1,28,1,6416666.5,1,48,6,5,0,223.049750224243
4612300,1,1,0,46,1,720000,1,60,3,3,1,422.639192843091
4612300,1,2,1,36,1,1308211,1,48,5,5,0,422.639192843091
4612301,1,1,1,51,4,5e+05,1,40,4,2,1,207.327950510332
4612301,1,2,0,46,4,4e+05,1,20,5,2,1,207.327950510332
4612301,1,3,1,28,1,1729877.625,1,48,6,5,0,207.327950510332
4612301,1,5,1,25,1,1454877.625,1,48,6,5,0,207.327950510332
4612302,1,3,1,44,1,1625000,1,48,6,3,0,207.362355653944
4612302,1,4,0,38,2,4e+06,1,50,6,5,0,207.362355653944
4612303,1,1,1,56,1,4291666.5,1,48,6,4,0,227.710484899136
4612303,1,2,1,58,1,16250000,1,60,6,4,0,227.710484899136
4612304,1,2,0,19,1,900711,1,48,5,5,0,283.424326347177
4612304,2,3,0,23,1,8e+05,1,48,5,2,1,283.424326347177
4612305,1,1,1,48,1,2.4e+07,1,48,6,5,1,244.556565973194
4612306,1,1,1,31,4,1.6e+07,1,48,6,1,0,232.240788716901
4612306,1,2,0,31,1,3041666.75,1,48,6,5,0,232.240788716901
4612307,1,1,0,34,1,1200000,1,48,6,4,1,287.12435354427
4612308,1,1,0,32,1,1231369.375,1,40,6,5,0,296.315392036928
4612308,1,2,1,29,1,1200000,1,66,6,2,1,296.315392036928
4612309,1,1,1,46,1,1829000,1,48,3,5,0,446.099500448485
4612309,1,2,0,45,1,1171666.625,1,60,3,4,0,446.099500448485
4612310,1,1,1,33,1,896544.3125,1,48,6,5,0,341.102223745102
4612310,1,2,0,32,1,919453,1,48,6,5,0,341.102223745102
4612311,1,1,0,58,5,5500000,1,66,6,2,1,225.083682585726
4612313,1,1,1,58,1,10833333,1,48,6,5,0,232.064015651433
4612315,1,1,0,29,1,1388211,1,68,6,5,0,279.381623959499
4612316,1,1,0,36,1,1192211,1,48,5,5,0,192.687553748191
4612318,1,2,0,38,4,6e+05,1,66,4,2,1,212.556727120353
4612318,1,1,1,32,1,1400000,1,48,4,3,1,212.556727120353
4612320,1,1,1,40,4,250000,1,6,6,1,1,252.695585542659
4612321,1,4,0,44,4,4e+06,1,48,6,5,0,231.585059778402
4612321,1,3,1,45,4,2e+05,1,96,6,2,1,231.585059778402
4612322,1,1,1,35,1,1260000,1,48,3,5,0,202.063704016464
4612322,1,2,0,33,3,990929.4375,1,50,3,1,0,202.063704016464
4612323,1,1,0,40,3,5e+05,1,18,3,1,1,342.361475998479
4612323,1,3,0,19,4,8e+05,1,48,5,5,1,342.361475998479
4612323,1,2,0,25,4,1300000,1,56,5,4,1,342.361475998479
4612324,1,2,0,45,1,1644000,1,30,5,5,0,276.631330440381
4612325,1,1,1,26,1,1088211,1,48,5,3,0,223.049750224243
4612326,1,1,0,24,4,1e+06,1,48,6,5,0,224.687392601032
4612327,1,2,0,39,4,6e+05,1,48,5,1,1,208.780481111507
4612329,1,2,0,42,1,1268211,1,48,3,5,0,275.394199741573
4612330,1,1,0,55,4,3e+06,1,55,6,5,0,226.717103269228
4612331,1,2,0,29,1,1518211,1,40,6,5,0,210.557199902481
4612333,1,1,1,31,4,1500000,1,72,5,1,1,227.887257964605
4612335,1,1,1,43,1,1178908.625,1,48,5,4,0,189.812780672594
4612335,1,4,0,20,1,1002500,1,45,5,3,0,189.812780672594
4612335,1,2,0,46,1,847908.6875,1,45,4,4,0,189.812780672594
4612335,1,3,0,40,1,907575.3125,1,48,5,4,0,189.812780672594
4612336,1,1,0,54,4,640000,1,44,5,1,1,204.417707550888
4612337,1,2,0,29,1,1288211,1,40,6,4,0,193.80020489052
4612337,1,3,0,27,1,1338211,1,48,6,4,0,193.80020489052
4612337,1,1,0,57,3,781242,1,48,3,1,1,193.80020489052
4612338,1,1,1,37,1,1317211,1,48,4,3,0,223.049750224243
4612338,1,2,0,40,1,984377.6875,1,48,5,4,0,223.049750224243
4612339,1,2,0,43,4,650000,1,48,5,1,1,231.335094090364
4612339,1,6,0,71,4,5e+05,1,50,3,1,1,231.335094090364
4612339,1,1,1,47,4,6e+05,1,70,5,1,1,231.335094090364
4612340,1,2,1,21,1,1058211,1,48,5,5,0,214.194369497142
4612340,1,1,0,22,1,1188211,1,48,6,5,0,214.194369497142
4612341,1,1,1,20,1,1388211,1,48,6,5,0,225.92452329984
4612342,1,2,1,59,1,1200000,1,65,3,2,1,228.106774883831
4612342,1,3,1,55,4,50000,1,24,5,1,1,228.106774883831
4612344,1,1,1,37,1,2497500,1,48,6,5,0,296.315392036928
4612345,1,3,1,57,4,3e+06,1,48,5,1,1,221.967282532238
4612345,1,2,1,24,1,1e+06,1,48,5,4,0,221.967282532238
4612346,1,1,0,52,1,929269.6875,1,48,6,4,0,206.203669150185
4612346,1,2,1,55,4,1200000,1,48,4,1,1,206.203669150185
4612347,1,2,1,47,4,8e+05,1,48,5,1,1,253.091875527354
4612347,1,3,1,35,1,4500000,1,48,6,5,0,253.091875527354
4612348,1,1,1,34,1,1227000,1,48,6,5,0,277.027620425075
4612348,1,3,1,18,1,812908.6875,1,44,6,5,0,277.027620425075
4612348,1,2,0,32,1,1017666.6875,1,40,5,5,0,277.027620425075
4612349,1,2,0,29,1,1582211,1,48,6,5,0,351.198956864297
4612350,1,1,0,54,1,3233333.25,1,78,6,5,0,200.064176798592
4612350,1,2,1,63,2,5600000,1,48,6,5,0,200.064176798592
4612351,1,1,1,33,1,1131953,1,63,5,2,0,244.556565973194
4612352,1,2,0,33,1,1012786.3125,1,48,5,5,0,296.315392036928
4612352,1,1,1,34,1,991953,1,48,5,5,0,296.315392036928
4612354,1,1,1,39,1,3241666.75,1,48,6,5,0,275.394199741573
4612354,1,2,0,41,1,3325000,1,48,6,5,0,275.394199741573
4612356,1,1,1,48,1,2700000,1,48,6,5,0,212.556727120353
4612358,1,1,1,60,4,3e+06,1,8,6,1,0,232.064015651433
4612359,1,2,1,77,4,2e+05,1,40,3,2,1,232.460305636127
4612361,1,1,0,31,2,3833333.25,1,40,6,5,0,214.910730654777
4612362,1,2,1,27,1,1e+06,1,48,5,3,1,199.589442618848
4612363,1,1,0,33,1,1071544.375,1,48,6,3,0,211.785991891142
4612364,1,1,1,32,1,930929.4375,1,48,5,5,0,223.049750224243
4612364,1,2,0,28,1,930929.4375,1,40,6,5,0,223.049750224243
4612366,1,3,0,20,1,938211,1,48,6,4,0,213.749818767724
4612366,1,4,0,18,3,260000,1,15,6,1,1,213.749818767724
4612366,1,2,0,66,3,550833.3125,1,48,3,1,0,213.749818767724
4612367,1,1,0,47,4,2e+06,1,70,5,1,1,223.049750224243
4612368,1,1,0,40,1,988211,1,48,5,4,0,204.417707550888
4612373,1,1,1,46,1,4875000,1,48,6,5,0,252.695585542659
4614163,1,1,1,50,1,1006000,1,48,3,4,0,234.063542869305
4615333,1,3,1,61,1,1e+06,1,48,5,2,1,240.995615190287
4615334,1,1,1,40,1,3125000,1,48,6,5,0,221.747765613011
4615334,1,2,0,40,2,3975000,1,40,6,5,0,221.747765613011
4615335,1,3,1,29,1,8e+05,1,55,5,5,0,223.446040208937
4615339,1,1,1,45,1,1e+06,1,48,5,3,0,212.556727120353
4615339,1,2,0,45,4,8e+05,1,40,4,2,1,212.556727120353
4615340,1,3,0,36,4,3e+06,1,40,6,5,0,210.953489887176
4615341,1,1,1,39,4,3500000,1,48,6,5,0,232.240788716901
4615341,1,2,0,35,1,1688833.375,1,48,6,5,0,232.240788716901
4615342,1,1,0,29,1,2200000,1,48,6,5,0,224.101769147436
4615343,1,1,1,36,1,1050929.375,1,48,4,3,0,199.524588706425
4615343,1,2,0,37,1,930929.4375,1,48,3,5,0,199.524588706425
4615344,1,1,0,41,1,990929.4375,1,48,4,4,0,264.901176637684
4615344,1,4,0,22,1,930929.4375,1,48,5,5,0,264.901176637684
4615344,1,5,1,29,4,850000,1,60,5,1,0,264.901176637684
4615345,1,1,0,69,4,3e+05,1,40,3,1,1,210.237128729541
4615348,1,2,1,30,4,1500000,1,66,5,1,1,242.017450663155
4615349,1,1,0,44,1,2428713.25,1,74,5,4,0,256.762157068218
4615349,1,2,1,22,1,833333.3125,1,48,5,5,0,256.762157068218
4615349,1,3,0,20,1,8e+05,1,48,6,5,0,256.762157068218
4615351,1,1,1,34,1,1350000,1,55,6,3,1,221.0962583678
4615352,1,1,1,60,4,2e+06,1,48,5,2,1,200.064176798592
4615353,1,1,1,52,4,1200000,1,30,3,4,0,201.542934475291
4615353,1,2,0,53,1,930929.4375,1,48,5,4,0,201.542934475291
4615353,1,3,0,28,4,2900000,1,48,6,5,0,201.542934475291
4615354,1,1,1,29,2,4116666.5,1,42,6,5,0,232.240788716901
4615354,1,2,0,31,4,4e+05,1,20,6,1,0,232.240788716901
4615355,1,1,1,30,1,1171544.375,1,72,5,4,0,232.240788716901
4615356,1,2,0,48,1,4e+05,1,30,3,3,1,200.826573317656
4615357,1,1,1,57,1,8e+05,1,8,4,2,0,200.460466783286
4615357,1,3,1,23,1,1562500,1,60,5,4,0,200.460466783286
4615359,1,1,1,60,2,4250000,1,48,5,5,0,232.460305636127
4615362,1,1,0,40,1,1625000,1,105,6,2,0,268.88860085561
4615362,1,4,0,68,5,2e+06,1,12,3,2,0,268.88860085561
4615364,1,1,1,35,4,1500000,1,70,5,1,1,212.556727120353
4615364,1,2,0,29,1,5e+05,1,15,6,4,0,212.556727120353
4615366,1,1,1,32,4,1200000,1,58,5,1,1,340.705933760408
4615366,1,2,0,35,2,2745000,1,40,6,5,0,340.705933760408
4615368,1,1,1,41,1,2629000,1,60,5,5,0,221.747765613011
4615368,1,3,1,19,1,930929.4375,1,48,6,4,0,221.747765613011
4615369,1,3,1,59,1,1620833.375,1,48,6,4,0,221.967282532238
4615370,1,1,1,54,5,8e+05,1,48,3,2,1,234.063542869305
4615372,1,2,0,53,4,150000,1,31,4,1,1,259.962022431791
4615372,1,3,1,23,1,1154877.625,1,50,6,4,0,259.962022431791
4615372,2,1,1,39,1,1030000,1,45,6,5,0,259.962022431791
4615372,2,2,0,35,1,1160929.375,1,55,5,5,0,259.962022431791
4615373,1,1,1,49,4,5e+05,1,48,3,3,1,208.780481111507
4615374,1,1,0,50,4,1e+06,1,40,6,1,0,215.307020639472
4615376,1,1,1,29,1,1e+06,1,48,3,2,1,369.581033849614
4615377,1,1,1,32,1,950000,1,80,4,2,1,296.315392036928
4615378,1,1,1,28,4,4e+05,1,48,6,1,1,252.695585542659
4615378,1,2,1,28,1,781242,1,48,5,4,0,252.695585542659
4615379,1,1,0,51,1,5375000,1,48,6,2,0,223.049750224243
4615379,1,2,1,25,2,7437500,1,50,6,5,0,223.049750224243
4615380,1,1,1,58,4,1e+06,1,60,4,2,1,200.064176798592
4615381,1,1,0,45,3,968211,1,48,5,1,0,218.872992537414
4615381,1,4,0,47,3,938211,1,48,6,1,0,218.872992537414
4615381,1,5,1,27,1,1050000,1,55,3,5,0,218.872992537414
4615383,1,1,0,29,1,1018333.3125,1,55,5,4,0,223.049750224243
4615384,1,1,0,23,1,928619.6875,1,48,5,5,0,224.687392601032
4615386,1,4,1,25,1,1188211,1,48,6,5,0,238.641611655863
4615387,1,2,1,29,1,783000,1,48,5,5,0,240.526132583022
4615388,2,1,1,37,4,1e+06,1,80,4,1,1,237.474586441957
4615388,2,2,0,30,1,869453,1,48,6,5,0,237.474586441957
4615389,1,1,0,22,1,850000,1,55,5,2,1,288.761995921059
4615390,1,1,0,26,3,952619.6875,1,48,5,1,0,276.631330440381
4615391,1,1,1,67,5,4e+06,1,30,6,2,0,232.460305636127
4615391,1,2,0,58,1,1500000,1,30,5,2,1,232.460305636127
4615392,1,1,0,34,1,2266666.75,1,35,6,5,0,181.673761103129
4615392,1,2,0,33,1,2800000,1,9,6,5,0,181.673761103129
4615393,1,1,1,51,1,1153333.375,1,48,4,5,0,212.556727120353
4615393,1,2,0,50,1,930929.4375,1,48,5,5,0,212.556727120353
4615394,1,1,0,23,1,6e+05,1,21,5,4,1,282.631746377789
4615394,2,2,1,34,5,1e+06,1,40,3,2,1,282.631746377789
4615395,1,3,1,26,1,1496544.375,1,48,6,5,0,219.458615991011
4615396,1,1,1,24,1,930929.4375,1,48,5,5,0,214.194369497142
4615397,1,1,1,38,2,2937472,1,55,5,5,0,275.394199741573
4615398,1,1,0,26,1,1363211,1,50,6,4,0,223.049750224243
4615398,1,2,1,28,1,2e+06,1,50,5,4,0,223.049750224243
4615399,1,2,0,24,1,1575000,1,48,6,5,0,212.767905329433
4615403,1,1,0,29,2,2406666.5,1,40,6,5,0,278.985333974805
4615404,1,1,1,52,4,5e+05,1,40,4,4,1,223.049750224243
4615405,1,1,1,22,1,1e+06,1,78,4,2,1,225.92452329984
4615406,1,1,1,45,4,3e+06,1,50,6,2,0,306.092053983183
4615407,1,1,1,23,1,1200000,1,60,4,2,1,223.385407989801
4615408,1,1,0,40,1,960953,1,48,3,4,0,265.953195560877
4615408,1,3,0,21,1,938453,1,48,5,5,0,265.953195560877
4615408,1,4,1,23,1,1211544.375,1,48,5,5,0,265.953195560877
4615409,1,1,1,34,1,4333333.5,1,44,5,4,0,223.049750224243
4615409,1,2,0,32,1,1253476.375,1,48,6,4,0,223.049750224243
4615412,1,1,0,57,4,7e+05,1,90,6,1,1,215.307020639472
4615413,1,2,0,52,4,4e+06,1,20,6,1,0,274.631803222508
4615414,1,1,1,49,4,1e+05,1,30,6,1,1,229.701673406862
4615414,1,2,0,33,1,1408333.375,1,48,6,4,0,229.701673406862
4615416,1,2,0,51,4,4e+06,1,40,6,5,0,212.556727120353
4615417,1,3,0,26,1,1304544.375,1,48,6,5,0,305.902720514281
4615419,1,1,1,44,1,10416667,1,48,6,5,0,287.12435354427
4615419,1,2,0,39,4,5e+06,1,35,6,5,0,287.12435354427
4615420,1,2,0,47,1,950286.3125,1,48,6,5,0,191.261089580481
4615420,1,3,0,27,1,1500000,1,48,6,5,0,191.261089580481
4615421,1,3,0,29,1,3150000,1,48,6,5,0,210.953489887176
4615422,1,1,1,53,4,6e+05,1,48,4,1,1,285.822368933039
4615422,1,4,1,20,1,879000,1,48,5,4,0,285.822368933039
4615423,1,2,1,63,4,1400000,1,40,3,2,0,209.25521529125
4615424,1,1,1,36,1,1713211,1,48,5,3,1,232.637078701595
4615425,1,1,1,59,4,6e+05,1,60,4,2,1,216.303428458564
4615425,1,2,0,55,4,6e+05,1,45,3,2,0,216.303428458564
4615425,1,3,0,24,1,750000,1,55,6,2,1,216.303428458564
4615425,1,5,0,32,1,1071666.625,1,48,6,5,0,216.303428458564
4615426,1,1,1,42,4,5e+05,1,16,6,1,1,287.12435354427
4615427,1,1,1,47,1,2250711,1,48,5,4,0,351.198956864297
4615427,1,2,0,30,1,1438211,1,42,6,4,0,351.198956864297
4615428,1,1,1,52,4,1e+06,1,48,4,1,1,223.049750224243
4615429,1,2,0,37,1,725000,1,16,5,4,1,223.049750224243
4615430,1,1,0,54,4,2e+06,1,70,3,1,1,211.319596421545
4615430,1,2,1,25,1,1200000,1,42,5,4,1,211.319596421545
4615431,1,1,0,61,4,350000,1,38,3,2,0,234.274721078384
4615432,1,1,0,29,4,7e+05,1,35,5,1,1,288.176372467463
4615433,1,1,0,28,1,1130000,1,66,5,3,0,256.762157068218
4615433,1,3,1,24,1,2600000,1,72,6,5,0,256.762157068218
4615433,1,4,0,20,1,840000,1,56,5,3,1,256.762157068218
4615434,1,1,0,41,4,750000,1,48,4,1,1,212.371615344738
4615435,1,1,1,36,4,1e+06,1,60,4,4,1,232.240788716901
4615435,1,2,0,35,4,6e+05,1,20,6,1,1,232.240788716901
4615436,1,2,0,58,1,949877.6875,1,48,3,5,0,244.952855957889
4615438,1,1,0,68,3,50000,1,6,1,1,1,244.952855957889
4615440,1,1,1,48,1,1600000,1,78,5,3,0,234.063542869305
4615441,1,1,0,37,1,916953,1,48,5,5,0,212.371615344738
4615442,1,1,1,54,1,833333.3125,1,70,5,4,0,191.049911371402
4615442,1,2,0,52,1,1562500,1,48,6,4,0,191.049911371402
4615442,1,3,0,29,1,1860833.375,1,48,6,5,0,191.049911371402
4615443,1,1,1,49,4,8e+05,1,66,5,1,0,200.826573317656
4615443,1,2,0,47,4,150000,1,36,4,1,1,200.826573317656
4615444,1,1,1,32,1,932453,1,48,5,3,0,221.747765613011
4615444,1,2,0,34,1,843742,1,48,5,2,1,221.747765613011
4615445,1,3,1,24,1,8e+05,1,40,6,2,1,221.967282532238
4615446,1,1,1,26,4,8e+05,1,66,5,2,1,232.826412170497
4615447,1,1,1,41,1,1075000,1,48,5,2,1,211.319596421545
4615447,1,2,0,41,1,957500,1,48,5,2,0,211.319596421545
4615448,1,1,1,38,1,1375211,1,48,5,5,0,339.4688030616
4615449,1,1,1,51,4,8e+05,1,48,4,1,1,220.510634914204
4615449,1,4,0,44,3,6e+05,1,72,3,1,1,220.510634914204
4615450,1,1,0,70,4,3e+05,1,30,3,2,0,236.813836388423
4615453,1,2,1,50,4,5e+06,1,48,6,1,0,244.952855957889
4615455,1,1,0,45,4,4500000,1,48,6,5,0,192.101930294595
4615455,1,4,0,52,3,5e+05,1,60,5,1,1,192.101930294595
4615456,1,1,1,46,4,1500000,1,96,3,1,1,232.240788716901
4615456,1,2,0,27,4,250000,1,8,6,1,1,232.240788716901
4615457,1,1,1,46,1,5366666.5,1,48,6,5,0,199.589442618848
4615457,1,2,0,43,4,8e+05,1,30,6,2,0,199.589442618848
4615458,1,2,0,37,1,4716666.5,1,48,6,4,0,241.431827209559
4615459,1,1,0,22,1,996544.3125,1,48,6,4,0,224.687392601032
4615461,1,1,1,61,1,3358333.25,1,48,6,4,0,198.827046099784
4615463,1,2,0,29,3,852000,1,58,5,1,0,220.44578100178
4615464,1,1,1,48,4,7e+05,1,40,4,1,1,221.747765613011
4615465,1,1,0,37,1,3500000,1,48,6,5,0,224.101769147436
4615466,1,1,1,37,1,12291667,1,46,6,5,0,242.017450663155
4615467,1,1,0,32,1,2141666.75,1,40,6,5,0,287.12435354427
4615469,1,1,1,55,4,180000,1,40,3,1,1,240.599325205592
4615470,1,1,1,48,1,962429.4375,1,48,6,5,0,212.556727120353
4615470,1,2,0,37,1,930928.4375,1,48,6,5,0,212.556727120353
4615472,1,1,1,65,1,4333333.5,1,60,6,5,0,232.064015651433
4615473,1,1,1,47,4,7e+05,1,70,3,1,1,245.152261128712
4615473,1,4,1,19,2,536544.3125,1,72,5,5,0,245.152261128712
4615474,1,1,1,44,5,1500000,1,48,4,2,1,340.705933760408
4615474,1,2,0,41,1,1308333.375,1,84,3,2,1,340.705933760408
4615476,1,1,0,62,3,368333.34375,1,24,1,1,1,236.813836388423
4615477,1,1,1,41,4,3605000,1,48,6,5,0,275.394199741573
4615477,1,2,0,46,2,2630000,1,48,6,5,0,275.394199741573
4615478,1,1,0,55,4,1200000,1,20,5,1,1,210.953489887176
4615478,1,3,0,27,1,912353,1,48,6,5,0,210.953489887176
4615481,1,5,1,29,1,3908333.25,1,50,6,5,0,185.505285281727
4615481,1,7,0,22,1,2e+06,1,60,6,2,0,185.505285281727
4615482,1,1,1,29,4,9e+05,1,40,6,2,1,232.240788716901
4615483,1,2,1,20,1,899453,1,48,5,5,0,278.26897281717
4615484,1,1,0,31,1,4966666.5,1,48,6,5,0,223.049750224243
4615484,1,2,1,31,1,3250000,1,48,6,5,0,223.049750224243
4615485,1,1,1,60,4,1e+06,1,40,3,1,1,198.827046099784
4615486,1,1,1,22,1,1029166.6875,1,55,4,2,0,214.194369497142
4615486,1,2,0,23,1,781242,1,48,5,4,0,214.194369497142
4615488,1,1,0,60,4,8e+05,1,40,6,1,0,225.083682585726
4615489,1,2,0,39,4,3e+06,1,48,6,2,0,351.198956864297
4615490,1,1,0,39,2,3625544.5,1,40,6,5,0,201.222863302351
4615490,1,2,1,34,2,2250000,1,48,6,5,0,201.222863302351
4615492,1,1,1,52,1,2e+06,1,48,5,2,1,223.049750224243
4615492,1,2,0,36,2,1508333.25,1,48,6,5,0,223.049750224243
4615493,1,2,1,27,1,760000,1,55,5,3,1,240.965431739962
4615494,1,1,1,33,1,1434044.375,1,40,6,3,0,223.049750224243
4615494,1,2,0,30,1,1142500,1,40,6,4,0,223.049750224243
4615495,1,1,0,22,1,1491544.375,1,48,6,4,0,224.687392601032
4615496,1,1,0,28,4,6500000,1,50,6,5,0,203.18057685208
4615496,1,2,0,24,1,2e+06,1,40,6,5,0,203.18057685208
4615497,1,1,1,49,1,2500000,1,30,6,2,0,287.12435354427
4615497,1,2,0,35,4,2e+06,1,20,6,1,1,287.12435354427
4615498,1,1,0,37,1,1379877.625,1,48,6,4,0,214.910730654777
4615499,1,1,0,59,3,850000,1,48,3,1,1,214.590659481837
4615499,1,2,1,23,1,890000,1,48,6,5,0,214.590659481837
4615500,1,1,1,54,5,6e+05,1,58,6,1,1,201.542934475291
4615500,1,2,0,51,1,782000,1,28,6,2,1,201.542934475291
4615500,1,3,0,28,9,1e+06,1,58,6,2,1,201.542934475291
4615501,1,1,0,38,2,2206000,1,45,6,5,0,232.637078701595
4615501,1,2,1,44,1,1119211,1,45,6,5,0,232.637078701595
4615502,1,1,1,24,1,1092500,1,64,6,5,0,225.92452329984
4615503,1,1,0,26,4,3e+06,1,40,6,4,1,214.910730654777
4615504,1,1,1,50,1,959929.4375,1,48,3,4,0,234.063542869305
4615506,1,1,0,33,1,1354877.625,1,48,6,5,0,204.417707550888
4615507,1,1,1,48,1,3128544.25,1,45,5,2,0,220.510634914204
4615507,1,3,0,19,1,869453,1,48,5,5,1,220.510634914204
4615509,1,1,0,27,1,1600000,1,48,6,5,0,214.910730654777
4615510,1,1,0,46,2,3643000,1,30,6,5,0,214.910730654777
4615512,1,1,0,58,4,1e+06,1,30,5,1,1,225.083682585726
4615514,1,2,1,49,1,950000,1,48,3,2,1,351.198956864297
4615515,1,1,1,51,1,1189000,1,48,3,5,0,187.273665362555
4615515,1,2,0,47,1,650000,1,60,1,2,1,187.273665362555
4615515,1,4,0,40,3,1e+06,1,42,4,1,1,187.273665362555
4615516,1,1,0,41,1,1200000,1,45,3,3,1,252.985911059372
4615516,1,2,0,23,1,869453,1,72,5,5,0,252.985911059372
4615516,1,4,0,20,3,869453,1,48,4,1,0,252.985911059372
4615517,1,1,1,24,1,1680000,1,50,4,5,0,193.924684446999
4615518,1,1,1,27,1,9e+05,1,84,4,4,1,306.092053983183
4615519,1,1,1,27,1,9e+05,1,60,5,2,1,244.556565973194
4615520,1,1,0,59,3,2e+05,1,18,3,1,1,204.813997535582
4615520,1,2,0,36,4,8e+05,1,60,5,4,1,204.813997535582
4615521,1,1,1,26,1,972929.4375,1,48,4,5,0,296.315392036928
4615522,1,1,0,37,1,718000,1,72,4,2,1,214.910730654777
4615523,1,1,1,27,1,1295044.375,1,48,6,5,0,223.049750224243
4615524,1,1,1,37,1,2553666.75,1,60,6,5,0,296.315392036928
4615524,1,2,0,34,1,1484211,1,48,6,5,0,296.315392036928
4615526,1,1,1,33,1,8e+05,1,72,3,4,1,232.240788716901
4615526,1,2,0,25,4,6e+05,1,45,5,1,1,232.240788716901
4615527,1,1,1,67,4,5e+05,1,40,3,1,1,210.557199902481
4615528,1,1,1,46,1,929453,1,48,5,5,0,234.063542869305
4615529,1,1,1,49,1,1308929.375,1,48,4,5,0,199.589442618848
4615529,1,2,0,46,1,1060929.375,1,48,4,4,0,199.589442618848
4615530,1,1,0,61,3,480000,1,24,5,1,1,236.813836388423
4615531,1,2,1,44,4,7e+05,1,50,3,1,1,296.315392036928
4615532,1,1,0,21,1,1088211,1,60,6,4,0,224.687392601032
4615533,1,1,1,21,1,1121666.625,1,72,5,4,0,203.701346393253
4615533,1,2,1,23,1,1199687.375,1,48,5,4,0,203.701346393253
4615533,1,3,0,21,1,1169877.625,1,72,5,5,0,203.701346393253
4615534,1,1,1,70,4,7e+05,1,50,4,2,1,232.460305636127
4615536,1,2,0,64,4,7e+05,1,98,3,2,0,220.73015183343
4615537,1,1,1,35,1,1288211,1,48,6,5,0,244.556565973194
4615538,1,1,1,43,4,2e+06,1,60,6,5,1,244.556565973194
4615539,1,1,0,50,5,4e+06,1,60,6,3,1,203.18057685208
4615540,1,1,1,45,4,2200000,1,30,6,1,1,232.240788716901
4615540,1,2,0,42,1,3375000,1,48,6,5,0,232.240788716901
4618385,1,1,0,60,3,8e+05,1,40,3,1,1,244.952855957889
4618386,1,3,1,25,4,8e+05,1,25,6,1,1,218.696219471946
4618387,1,1,0,73,3,440000,1,24,3,1,1,236.813836388423
4618388,1,2,1,51,1,931119.6875,1,48,6,5,0,244.952855957889
4619312,1,1,1,56,1,2400000,1,48,3,3,1,155.813414601881
4619312,1,4,0,31,2,2641666.75,1,40,6,5,0,155.813414601881
4619312,1,3,0,33,4,5900000,1,40,6,5,0,155.813414601881
4619313,1,4,0,34,1,1154877.625,1,48,6,5,0,411.449426554309
4619313,1,2,0,40,4,7e+05,1,56,5,2,1,411.449426554309
4619313,1,3,1,38,1,930929.4375,1,48,5,5,0,411.449426554309
4619313,1,5,1,32,4,1e+06,1,48,6,5,0,411.449426554309
4619314,1,1,1,35,1,1e+06,1,48,6,5,0,223.446040208937
4619314,1,2,0,29,1,1619800,1,47,6,5,0,223.446040208937
4619315,1,1,1,60,1,1191544.375,1,65,5,5,0,274.631803222508
4619316,1,1,0,58,4,80000,1,36,3,1,0,215.703310624166
4619316,1,2,0,32,1,1288211,1,40,6,4,0,215.703310624166
4619317,1,1,0,56,1,1128211,1,57,4,4,0,233.222702155192
4619318,1,2,1,41,4,1500000,1,105,6,2,0,244.952855957889
4619320,1,1,0,45,1,1989666.625,1,45,6,5,0,214.910730654777
4620775,1,3,1,59,1,3363333.25,1,48,4,5,0,236.642084437991
4620775,1,5,1,35,1,3950000,1,48,6,5,0,236.642084437991
4620776,1,2,0,36,1,5017833.5,1,45,6,4,0,351.595246848992
4620776,1,1,1,33,4,2e+05,1,20,6,1,0,351.595246848992
4620778,1,1,1,46,1,955929.4375,1,48,5,5,0,264.901176637684
4620778,1,2,0,38,4,1e+05,1,45,3,1,1,264.901176637684
4620778,1,3,1,24,1,930929.4375,1,66,5,5,0,264.901176637684
4620779,1,1,0,32,1,980929.4375,1,48,6,5,0,279.381623959499
4620780,1,1,1,28,1,1138211,1,48,5,3,0,244.556565973194
4620781,1,1,0,53,1,650000,1,48,4,3,1,160.166945354177
4620782,1,1,1,40,1,1526544.375,1,48,3,4,0,263.664045938876
4620783,1,1,0,70,3,150000,1,30,3,1,0,232.637078701595
4620783,1,4,1,42,4,8e+05,1,60,5,1,1,232.637078701595
4620783,1,2,0,35,4,3200000,1,40,6,5,0,232.637078701595
4620784,1,1,0,38,1,2393333.25,1,40,6,5,0,224.49805913213
4620785,1,2,0,38,1,1097453,1,66,5,5,0,212.767905329433
4620786,1,2,0,31,2,1716666.625,1,40,6,5,0,215.307020639472
4620787,1,1,1,25,1,1100000,1,67,5,2,1,242.017450663155
4620788,1,3,1,51,1,8e+05,1,60,4,3,1,213.86373284662
4620788,1,4,1,50,1,930929.4375,1,48,4,5,0,213.86373284662
4620788,1,7,1,37,1,1371544.375,1,48,4,5,0,213.86373284662
4620789,1,2,0,22,1,999600,1,48,6,5,0,268.172239697975
4620789,1,3,1,24,1,1e+06,1,48,6,4,1,268.172239697975
4620789,1,5,1,22,1,8e+05,1,48,4,3,0,268.172239697975
4620790,1,1,1,40,4,2300000,1,48,6,4,0,351.198956864297
4620791,1,1,0,49,1,930929.4375,1,48,5,5,0,211.71588640624
4620791,1,2,1,43,4,3e+05,1,48,3,1,1,211.71588640624
4620792,1,1,1,48,4,8e+05,1,11,6,2,0,210.078244029451
4620792,1,3,1,49,5,1e+06,1,73,6,2,1,210.078244029451
4620792,1,4,0,68,4,8e+05,1,72,4,3,1,210.078244029451
4620792,2,1,0,25,1,1200000,1,45,6,4,0,210.078244029451
4620793,1,1,1,27,5,3e+06,1,92,6,2,1,210.999525248605
4620793,1,3,0,71,1,483627.65625,1,24,5,2,0,210.999525248605
4620793,1,4,1,21,1,1069453,1,60,6,5,0,210.999525248605
4620793,1,5,0,18,1,2e+05,1,48,5,2,1,210.999525248605
4620794,1,1,1,48,1,1271544.375,1,48,5,4,0,200.826573317656
4620794,1,2,0,46,1,930929.4375,1,48,3,5,0,200.826573317656
4620794,1,3,0,21,1,1384044.375,1,48,6,5,0,200.826573317656
4620795,1,1,1,46,4,2300000,1,48,5,5,0,327.738649258903
4620795,1,2,0,38,1,833333.3125,1,48,5,2,1,327.738649258903
4620796,1,2,0,46,1,869453,1,48,4,5,0,202.063704016464
4620797,1,1,1,38,4,8e+05,1,48,5,2,1,287.12435354427
4620798,1,1,1,36,1,1420000,1,48,6,5,0,291.961861284632
4620798,1,2,0,33,1,1695333.375,1,48,6,5,0,291.961861284632
4620798,1,5,1,61,1,9e+05,1,70,3,2,1,291.961861284632
4620799,1,3,1,31,1,881242,1,40,6,5,1,240.599325205592
4620800,1,1,1,45,4,2e+06,1,48,3,1,0,212.556727120353
4620800,1,2,0,51,3,160000,1,8,3,1,1,212.556727120353
4620801,1,1,1,46,4,5e+05,1,48,5,1,0,232.240788716901
4620801,1,2,0,46,4,650000,1,48,4,1,1,232.240788716901
4620802,1,1,0,35,4,4e+05,1,48,4,2,1,264.901176637684
4620802,1,2,1,28,4,4e+05,1,50,3,1,1,264.901176637684
4620804,1,1,1,45,1,2e+06,1,48,3,2,1,200.826573317656
4620804,1,2,0,41,1,962929.4375,1,48,3,2,0,200.826573317656
4620805,1,1,0,32,1,899453,1,48,5,5,0,204.417707550888
4620806,1,1,0,38,1,781242,1,48,5,2,1,211.319596421545
4620806,1,3,1,32,1,8e+05,1,48,4,4,1,211.319596421545
4620807,1,1,1,52,1,9e+05,1,42,3,2,1,212.556727120353
4620807,1,2,0,46,4,4e+05,1,24,3,1,1,212.556727120353
4620807,1,3,1,20,1,870000,1,60,4,2,1,212.556727120353
4620808,1,1,1,38,1,1428544.375,1,48,5,5,0,276.631330440381
4620808,1,2,0,36,1,1062877.625,1,60,5,5,0,276.631330440381
4620809,1,1,1,29,1,1263211,1,48,6,5,0,232.240788716901
4620809,1,2,0,27,1,959929.4375,1,48,6,5,0,232.240788716901
4620810,1,1,1,57,4,240000,1,48,4,1,1,232.064015651433
4620811,1,1,1,33,5,6e+05,1,48,3,2,1,241.431827209559
4620812,1,1,1,39,4,8e+05,1,98,4,1,1,223.049750224243
4620812,1,2,0,33,4,150000,1,60,3,1,1,223.049750224243
4620813,1,1,1,62,4,3e+06,1,28,6,1,1,240.599325205592
4620813,1,2,0,61,4,350000,1,54,6,1,1,240.599325205592
4620813,1,3,1,36,4,6e+05,1,40,5,1,1,240.599325205592
4620814,1,1,1,46,4,426000,1,32,5,2,1,223.049750224243
4620815,1,1,1,36,1,1002000,1,48,6,2,0,244.556565973194
4620816,1,1,0,49,1,1841666.625,1,45,6,4,0,203.18057685208
4620817,1,1,1,37,2,5200000,1,40,6,5,0,275.394199741573
4620818,1,1,0,26,1,1076929.375,1,48,5,5,0,288.176372467463
4620819,1,3,1,26,1,1979166.625,1,48,6,5,0,223.446040208937
4620820,1,1,0,44,1,2010333.375,1,48,6,5,0,257.999287767026
4620820,1,2,1,20,1,930929.4375,1,48,5,5,0,257.999287767026
4620821,1,3,1,28,1,3250000,1,48,6,5,0,253.091875527354
4620822,1,2,0,54,1,931119.6875,1,20,6,4,0,210.557199902481
4620824,1,1,0,39,1,2158333.5,1,56,6,5,0,211.319596421545
4620824,1,3,1,32,1,1380000,1,54,6,4,0,211.319596421545
4620826,1,1,0,57,4,2e+05,1,8,4,1,0,213.349307089742
4620826,1,3,0,28,1,930929.4375,1,48,6,5,0,213.349307089742
4620827,1,1,0,53,1,1334044.375,1,45,6,4,0,210.557199902481
4620827,1,2,1,56,2,1700000,1,30,6,5,0,210.557199902481
4620828,1,1,1,50,2,2041666.625,1,40,6,5,0,191.049911371402
4620828,1,3,0,26,1,1562500,1,48,6,5,0,191.049911371402
4620829,1,2,1,59,4,8e+05,1,48,3,1,1,232.460305636127
4620830,1,2,0,47,1,4225000,1,40,5,5,0,200.826573317656
4620830,1,3,0,24,1,1908333.375,1,48,6,4,0,200.826573317656
4620831,1,2,0,54,1,950711,1,48,6,5,0,208.203196368057
4620831,1,3,1,25,1,1600711,1,48,6,5,0,208.203196368057
4620832,1,3,1,32,1,1083333.375,1,48,5,5,0,223.446040208937
4620833,1,1,1,42,4,1200000,1,40,3,1,1,242.20256243877
4620833,1,2,1,30,1,9e+05,1,48,5,2,1,242.20256243877
4620833,1,3,1,23,1,8e+05,1,58,6,2,1,242.20256243877
4620835,1,2,0,33,4,5e+05,1,25,6,1,1,210.557199902481
4620836,1,1,0,57,1,3486666.75,1,48,6,5,0,240.599325205592
4620836,1,3,1,29,4,2200000,1,25,6,4,0,240.599325205592
4620838,1,1,0,35,1,1253711,1,40,5,5,0,278.985333974805
4620839,1,2,1,26,1,1200000,1,48,5,4,1,234.459832853999
4620839,1,3,1,24,1,1100000,1,48,5,4,1,234.459832853999
4620841,1,1,0,35,4,280000,1,35,3,1,1,349.896972253066
4620841,1,2,1,35,1,1200000,1,48,5,2,0,349.896972253066
4620842,1,1,1,26,1,2221833.25,1,48,6,5,0,266.138307336491
4620842,1,2,0,25,1,909619.6875,1,56,5,5,0,266.138307336491
4620842,1,4,1,21,1,420000,1,20,6,4,1,266.138307336491
4620842,1,5,1,19,1,869453,1,48,6,4,0,266.138307336491
4620843,1,2,0,51,4,350000,1,36,5,1,1,189.05038415353
4620843,1,3,0,48,4,350000,1,30,5,1,1,189.05038415353
4620844,1,1,1,69,1,1625000,1,48,5,4,0,208.203196368057
4620844,1,2,0,49,4,1200000,1,48,5,1,1,208.203196368057
4620844,1,3,1,27,1,1066666.75,1,50,6,4,0,208.203196368057
4620845,1,1,0,27,1,930929.4375,1,48,5,5,0,210.733972967949
4620845,1,3,0,49,1,954877.6875,1,48,3,3,0,210.733972967949
4620845,1,4,1,25,4,1200000,1,105,4,1,1,210.733972967949
4620846,1,1,1,52,4,3e+05,1,30,3,1,1,228.472881418201
4620846,2,1,1,64,1,550000,1,40,5,2,1,228.472881418201
4620847,1,1,1,42,4,1570000,1,80,3,1,0,250.622865702217
4620847,1,2,0,28,4,50000,1,5,4,1,1,250.622865702217
4620848,1,1,0,49,1,1197377.625,1,48,5,5,0,211.319596421545
4620848,1,2,1,48,1,1384044.375,1,48,5,5,0,211.319596421545
4620849,1,1,0,21,1,1030286.3125,1,48,6,5,0,214.194369497142
4620849,1,2,1,20,3,2e+05,1,11,6,2,1,214.194369497142
4620852,1,1,1,62,4,2500000,1,54,6,1,1,232.064015651433
4620853,1,2,0,33,1,1035544.3125,1,48,6,4,0,278.079639348268
4620854,1,1,1,44,1,1006000,1,48,5,5,0,212.556727120353
4620854,1,2,0,44,1,881000,1,48,5,4,0,212.556727120353
4620855,1,1,0,21,1,1406544.375,1,72,5,5,0,203.701346393253
4620855,1,2,1,23,1,1008333.3125,1,54,6,5,0,203.701346393253
4620855,1,3,1,19,1,869453,1,48,5,3,0,203.701346393253
4620857,1,1,1,47,1,1560833.375,1,48,4,5,0,202.063704016464
4620857,1,2,0,47,3,2e+05,1,15,5,1,0,202.063704016464
4620859,1,1,0,49,1,959929.4375,1,48,5,4,0,212.371615344738
4620860,1,1,0,66,4,60000,1,30,3,1,1,213.47378664622
4620860,1,2,1,39,1,1200929.375,1,48,4,2,0,213.47378664622
4620861,1,1,0,26,1,2675000,1,48,6,5,0,202.594953398484
4620861,1,2,0,51,4,3e+05,1,50,3,1,1,202.594953398484
4620862,1,1,1,49,1,1400000,1,72,3,5,0,233.222702155192
4620862,1,2,0,59,4,4e+05,1,29,3,1,0,233.222702155192
4620862,1,3,0,19,1,869453,1,48,6,5,0,233.222702155192
4620863,1,1,1,28,4,850000,1,60,5,1,1,241.431827209559
4620863,1,2,0,27,1,990929.4375,1,48,5,5,0,241.431827209559
4620864,1,1,1,25,1,250000,1,18,6,4,1,232.826412170497
4620864,1,2,0,21,1,250000,1,17,6,4,1,232.826412170497
4620865,1,1,0,63,3,8e+05,1,48,4,1,1,244.952855957889
4620865,1,2,1,29,1,1e+06,1,48,5,3,0,244.952855957889
4620866,1,2,0,25,1,8e+05,1,45,6,4,0,212.953017105048
4620866,1,4,1,27,1,1283333.375,1,24,6,5,0,212.953017105048
4620867,1,1,1,26,1,1017853,1,48,5,5,0,230.93880410567
4620867,1,5,1,22,1,869453,1,48,5,5,0,230.93880410567
4620868,1,1,1,30,1,1049687.375,1,72,5,5,0,351.198956864297
4620869,1,2,0,30,1,2221544.25,1,60,6,5,0,215.307020639472
4620870,1,1,1,32,1,990937.4375,1,60,5,5,0,210.017611810314
4620872,1,1,0,38,4,1e+05,1,38,4,1,1,180.957399945494
4620873,1,1,0,65,3,3e+05,1,16,4,1,1,236.813836388423
4620874,1,1,1,59,4,670000,1,50,3,1,1,223.24410480818
4620874,1,3,1,38,4,1e+05,1,50,3,1,1,223.24410480818
4620874,1,4,1,30,1,7e+05,1,48,3,3,1,223.24410480818
4620874,1,5,1,29,4,9e+05,1,48,3,1,1,223.24410480818
4620875,1,2,0,23,1,9e+05,1,48,5,3,1,191.450423049383
4620876,1,1,0,24,1,990929.4375,1,42,5,5,0,224.687392601032
4620878,1,4,0,29,1,8e+05,1,40,6,2,1,200.460466783286
4620879,1,1,1,52,4,8e+05,1,40,6,1,1,240.203035220898
4620879,1,2,1,58,4,1e+06,1,40,4,1,1,240.203035220898
4620880,1,3,0,30,1,280000,1,40,6,2,1,197.585693707689
4620880,1,4,0,28,1,813742,1,44,6,4,0,197.585693707689
4620880,1,5,1,34,1,1388211,1,40,6,5,0,197.585693707689
4620881,1,2,1,28,1,5e+05,1,16,5,2,1,304.67392852562
4620881,1,4,1,71,4,9e+05,1,48,3,1,1,304.67392852562
4620884,1,1,0,34,4,6e+06,1,40,6,5,0,224.101769147436
4620887,1,1,1,50,4,1200000,1,60,4,1,1,189.812780672594
4620887,1,3,0,25,1,945711,1,40,6,4,0,189.812780672594
4620888,1,1,0,35,4,2e+05,1,36,5,1,1,223.049750224243
4620890,1,1,0,57,1,44000,1,14,5,1,1,236.813836388423
4620891,1,1,1,44,1,1.4e+07,1,48,6,4,0,232.240788716901
4620892,1,1,1,53,1,1212333.375,1,48,6,5,0,234.063542869305
4620894,1,1,1,20,1,869454,1,48,5,4,0,215.43150019595
4620894,1,2,1,23,1,869453,1,48,3,4,0,215.43150019595
4620896,1,1,0,47,1,6029167,1,44,6,5,0,278.985333974805
4620898,1,3,0,64,4,40000,1,12,4,1,1,240.599325205592
4620900,1,2,1,51,1,925000,1,48,5,4,0,254.143894450547
4620901,1,1,1,56,4,1200000,1,60,3,1,1,188.334022995895
4620901,1,2,0,51,3,360000,1,28,4,1,1,188.334022995895
4620902,1,1,1,42,1,12541333,1,62,6,5,0,244.556565973194
4620903,1,1,1,64,5,3e+06,1,48,6,3,1,210.557199902481
4620903,1,2,0,42,1,3625000,1,48,6,3,0,210.557199902481
4620904,1,1,1,48,1,6500000,1,45,6,5,0,275.394199741573
4620905,1,1,1,48,4,8e+05,1,60,5,1,1,244.556565973194
4620908,1,1,1,44,1,6250000,1,80,6,4,0,287.12435354427
4620909,1,1,1,58,4,6e+05,1,30,3,2,1,232.460305636127
4620909,1,2,0,61,3,4e+05,1,24,4,1,1,232.460305636127
4620910,1,1,1,42,1,4123333.5,1,21,6,5,0,244.556565973194
4620911,1,1,1,54,1,1200000,1,48,3,2,1,244.556565973194
4620912,1,2,0,55,1,888211,1,48,5,4,0,194.717264416387
4620912,1,3,0,34,3,690000,1,55,5,1,0,194.717264416387
4620913,1,3,1,50,4,1500000,1,72,5,1,0,320.000940789168
4620913,2,3,0,24,1,1671544.375,1,48,6,5,0,320.000940789168
4620913,2,5,1,32,1,1100000,1,70,5,5,0,320.000940789168
4620914,1,1,1,87,4,1e+05,1,48,3,1,1,200.460466783286
4620914,1,2,0,55,4,50000,1,20,4,1,1,200.460466783286
4620915,1,1,0,44,4,8e+05,1,48,3,1,1,278.985333974805
4620916,1,1,1,57,1,780000,1,60,3,2,0,232.064015651433
4620917,1,1,1,47,1,930929.4375,1,48,5,3,0,212.556727120353
4620917,1,2,0,49,1,930929.4375,1,48,5,5,0,212.556727120353
4620917,1,3,1,23,1,869453,1,48,5,5,0,212.556727120353
4620918,1,2,0,23,1,869453,1,48,6,5,0,214.590659481837
4620919,1,1,1,68,4,5e+05,1,40,3,1,1,232.460305636127
4620921,1,1,1,36,4,8e+05,1,48,5,1,1,276.631330440381
4620922,1,1,0,26,1,1201544.375,1,40,6,5,0,224.101769147436
4620923,1,1,1,51,1,1478211,1,48,5,2,0,244.556565973194
4620924,1,1,1,27,1,781242,1,54,5,3,1,276.631330440381
4620925,1,1,0,56,3,1030000,1,84,5,1,1,236.813836388423
4620926,1,1,1,42,4,1500000,1,40,4,1,1,283.468365398615
4620926,1,2,0,43,1,5e+05,1,30,4,3,1,283.468365398615
4620926,1,6,1,29,4,6e+05,1,30,4,1,1,283.468365398615
4620927,1,1,1,59,5,1500000,1,72,5,2,1,221.570992547543
4620927,1,2,1,20,1,480000,1,42,4,2,1,221.570992547543
4620928,1,1,1,61,1,850000,1,50,4,5,0,232.460305636127
4620929,1,1,1,27,4,2e+05,1,63,5,2,1,244.556565973194
4620930,1,1,0,36,1,3e+06,1,96,4,2,1,203.18057685208
4620933,1,1,1,50,2,3033333.5,1,48,6,4,0,212.556727120353
4620933,1,2,0,47,2,3033333.5,1,48,6,4,0,212.556727120353
4620934,1,1,1,59,4,2e+05,1,35,5,1,1,232.064015651433
4620936,1,1,1,48,4,1e+06,1,60,5,4,1,287.520643528964
4620936,1,2,0,52,2,3250000,1,48,6,5,0,287.520643528964
4620936,1,4,0,55,3,5e+05,1,40,3,1,1,287.520643528964
4620937,1,1,0,39,4,6e+05,1,40,5,1,1,222.808826358935
4620938,1,1,0,33,1,961453,1,48,5,5,0,255.525026369411
4620939,1,1,1,28,1,946666.6875,1,48,5,5,0,287.12435354427
4620941,1,1,1,34,4,1300000,1,72,5,1,0,221.747765613011
4620942,1,1,1,29,1,1066666.625,1,48,6,5,0,296.315392036928
4620942,1,2,0,27,1,1031476.4375,1,48,5,5,0,296.315392036928
4620943,1,1,1,34,1,959929.4375,1,48,5,4,0,232.240788716901
4620943,1,2,0,25,1,930929.4375,1,48,5,5,0,232.240788716901
4620944,1,1,0,28,1,1231544.375,1,48,6,5,0,288.176372467463
4620945,1,1,1,33,1,1741433.375,1,48,5,4,0,296.315392036928
4620946,1,3,0,44,1,869453,1,48,5,5,0,189.05038415353
4620947,1,1,0,59,4,160000,1,54,6,1,1,239.474113659829
4620947,1,2,1,32,4,1e+06,1,72,5,1,1,239.474113659829
4620947,2,1,0,34,2,1900000,1,30,6,5,0,239.474113659829
4620947,2,2,1,31,1,1218211,1,50,6,5,0,239.474113659829
4620948,1,1,1,52,5,2e+06,1,60,5,2,1,212.556727120353
4620949,1,1,1,55,4,4e+06,1,36,6,1,0,232.064015651433
4620952,1,2,1,21,1,430000,1,16,6,5,1,193.924684446999
4620954,1,1,1,43,4,1e+06,1,42,5,2,1,223.049750224243
4623776,1,1,1,56,1,1038211,1,60,3,5,0,232.064015651433
4625438,1,2,0,56,2,4224333.5,1,30,6,5,0,222.729679051302
4625438,1,3,0,23,1,3083333.25,1,48,6,5,0,222.729679051302
4625439,1,1,1,70,4,5e+05,1,48,6,1,0,232.064015651433
4627304,1,1,1,44,1,5416666.5,1,48,6,4,0,244.556565973194
4627306,1,1,0,33,4,8520000,1,40,6,5,0,223.049750224243
4627307,1,1,1,47,4,1.1e+07,1,80,6,1,0,275.394199741573
4627307,1,2,0,40,1,17666666,1,40,6,5,0,275.394199741573
4627307,1,4,0,21,3,956242,1,63,6,2,0,275.394199741573
4627308,1,1,0,61,4,108000,1,18,3,1,1,236.813836388423
4627309,1,1,0,57,1,1379877.625,1,40,6,5,0,236.813836388423
4627310,1,2,1,50,2,4010000,1,48,6,5,0,231.585059778402
4627310,1,4,0,27,1,1200000,1,48,6,3,0,231.585059778402
4627311,1,1,0,32,1,2166666.75,1,48,6,5,0,202.594953398484
4627311,1,3,0,30,3,746666.6875,1,80,5,1,1,202.594953398484
4627312,1,1,1,39,1,4779166.5,1,48,6,5,0,223.049750224243
4627313,1,1,1,29,4,1e+06,1,20,6,1,1,244.556565973194
4627314,1,1,1,65,5,2e+06,1,48,4,2,1,228.283547949299
4627314,1,2,0,63,4,5e+05,1,48,4,1,0,228.283547949299
4627314,1,3,0,30,4,2500000,1,60,6,4,0,228.283547949299
4627314,1,4,1,34,1,2800000,1,40,6,5,0,228.283547949299
4627315,1,3,0,52,4,6877104,1,48,6,5,0,199.223336084478
4627315,1,4,0,24,4,1e+06,1,20,6,2,1,199.223336084478
4627316,1,2,0,26,4,4500000,1,48,6,5,0,193.403914905826
4627317,1,2,0,56,4,6e+05,1,36,5,2,1,223.125969035997
4627317,1,3,1,54,1,961953,1,48,3,5,0,223.125969035997
4627317,1,4,0,23,4,6e+05,1,36,6,2,1,223.125969035997
4627320,1,1,1,37,1,950000,1,56,4,2,1,222.333389066608
4627320,1,2,0,21,1,90000,1,28,4,2,1,222.333389066608
4627321,1,1,1,84,5,1e+06,1,60,1,3,1,216.738505922217
4627321,1,3,0,50,3,1181476.375,1,48,5,1,0,216.738505922217
4627321,1,4,1,37,4,4e+05,1,36,6,1,0,216.738505922217
4627321,1,5,1,31,2,2697666.5,1,60,6,5,0,216.738505922217
4627322,1,1,0,45,4,1500000,1,70,4,4,0,203.18057685208
4627323,1,1,1,49,1,954877.6875,1,48,3,4,0,223.049750224243
4627323,1,2,0,47,4,150000,1,40,3,1,1,223.049750224243
4627324,1,1,0,44,4,850000,1,36,5,1,1,203.18057685208
4627325,1,1,0,50,1,13666667,1,40,6,5,0,214.910730654777
4627326,1,1,1,36,1,10107666,1,45,6,5,0,223.049750224243
4627326,1,2,0,34,1,2992000,1,50,6,5,0,223.049750224243
4627327,1,1,1,56,4,7e+05,1,80,5,1,1,209.25521529125
4627327,1,2,0,46,1,1674877.625,1,48,5,5,0,209.25521529125
4627328,1,1,1,29,1,1050711,1,48,5,4,0,242.017450663155
4627328,1,2,0,23,4,2e+05,1,60,5,1,1,242.017450663155
4627329,1,1,1,50,5,1500000,1,40,6,2,1,231.188769793708
4627329,1,2,0,28,1,2e+05,1,40,5,2,1,231.188769793708
4627329,1,3,1,46,1,850000,1,40,6,2,1,231.188769793708
4627330,1,1,1,45,4,1500000,1,48,5,1,0,231.188769793708
4627330,1,2,0,43,4,2e+06,1,40,6,1,1,231.188769793708
4627331,1,1,0,27,1,1040000,1,62,5,4,1,203.18057685208
4627331,1,2,0,24,1,1085000,1,53,6,4,1,203.18057685208
4627332,1,1,0,59,4,1e+05,1,40,5,1,1,204.813997535582
4627333,1,1,1,23,4,1800000,1,32,5,2,1,209.840838744846
4627334,1,1,0,58,1,14916666,1,50,6,5,0,236.813836388423
4627335,1,1,0,40,1,4e+05,1,25,5,3,0,192.687553748191
4627336,1,2,0,32,1,2827333.25,1,48,6,5,0,223.049750224243
4627337,1,1,0,50,1,825000,1,70,3,2,1,204.417707550888
4627338,1,1,1,37,2,2896666.75,1,70,6,5,0,242.20256243877
4627338,1,2,1,38,2,2841666.5,1,72,6,5,0,242.20256243877
4627338,1,3,1,22,2,2208333.25,1,60,6,5,0,242.20256243877
4627339,1,1,0,51,1,930929.4375,1,48,3,5,0,204.417707550888
4627340,1,1,1,55,1,6833333.5,1,40,6,5,0,188.334022995895
4627340,1,2,0,48,1,7416666.5,1,40,6,5,0,188.334022995895
4627340,1,4,0,20,1,4e+05,1,8,5,2,1,188.334022995895
4627342,1,1,1,63,4,2e+05,1,8,4,1,0,219.092509456641
4627342,1,3,0,40,2,1566666.625,1,40,6,5,0,219.092509456641
4627342,1,4,1,33,2,1512500,1,56,5,5,0,219.092509456641
4627343,1,1,1,46,1,1551666.625,1,48,5,5,0,244.556565973194
4627344,1,2,0,57,1,246000,1,40,4,5,1,220.73015183343
4627346,1,1,0,63,4,3e+05,1,30,3,1,1,279.381623959499
4627346,1,2,0,38,4,120000,1,40,5,2,1,279.381623959499
4627347,1,1,0,39,1,1048000,1,48,5,5,0,203.18057685208
4627348,1,1,0,27,1,3700000,1,48,6,4,0,214.910730654777
4627349,1,2,0,62,3,80000,1,22,3,1,1,249.790363698251
4627349,1,3,1,32,1,1199711,1,56,5,5,0,249.790363698251
4627350,1,1,1,39,1,1700000,1,54,3,5,0,286.594008260426
4627350,1,2,0,35,4,8e+05,1,72,5,1,1,286.594008260426
4627350,1,5,1,27,1,4e+05,1,60,3,3,1,286.594008260426
4627351,1,1,1,27,1,2770833.5,1,45,6,5,0,244.556565973194
4627352,1,1,1,74,4,6e+05,1,78,3,1,1,232.460305636127
4627352,1,2,0,70,4,160000,1,4,3,1,1,232.460305636127
4627353,1,1,0,34,1,5300000,1,40,6,5,0,214.910730654777
4627354,1,1,0,28,1,1590000,1,48,6,5,0,223.049750224243
4627354,1,2,1,27,1,1973333.375,1,58,6,5,0,223.049750224243
4627355,1,1,1,28,1,7600000,1,45,6,5,0,252.695585542659
4627355,1,2,1,35,5,3e+06,1,48,6,2,1,252.695585542659
4627356,1,1,1,40,4,5e+05,1,60,3,2,1,199.589442618848
4627356,1,2,0,36,4,5e+05,1,60,4,2,1,199.589442618848
4627359,1,1,1,53,4,1e+06,1,48,3,2,1,212.556727120353
4627361,1,1,1,57,4,1.2e+07,1,60,6,1,0,232.064015651433
4627362,1,1,0,68,4,1500000,1,14,6,5,1,244.952855957889
4627363,1,1,1,51,2,2600000,1,40,6,5,0,244.556565973194
4627364,1,1,0,50,4,2e+05,1,40,4,1,1,191.450423049383
4627365,1,1,1,28,1,1961666.625,1,48,6,5,0,244.556565973194
4627366,1,1,1,42,4,1200000,1,50,5,1,1,222.144055597706
4627366,1,2,0,39,4,1380000,1,42,6,5,0,222.144055597706
4627366,1,5,0,63,1,320000,1,22,3,4,1,222.144055597706
4627367,1,1,1,47,4,6e+05,1,60,4,1,1,223.049750224243
4627367,1,2,0,44,3,842718.4375,1,45,5,1,0,223.049750224243
4627368,1,2,1,27,1,1293877.625,1,48,5,5,0,295.263373113735
4627368,1,4,1,29,1,1138211,1,48,5,4,0,295.263373113735
4627369,1,1,0,49,4,8e+05,1,54,6,1,1,212.556727120353
4627369,1,2,1,30,1,8e+05,1,55,3,3,1,212.556727120353
4627369,1,3,1,20,1,8e+05,1,42,6,2,1,212.556727120353
4627374,1,1,1,60,1,8e+05,1,48,3,3,0,200.064176798592
4627374,1,2,0,54,3,2e+05,1,40,4,1,1,200.064176798592
4627374,1,3,1,23,1,883333.3125,1,48,5,2,0,200.064176798592
4627375,1,1,1,35,1,8e+05,1,48,3,2,1,263.07842248528
4627375,1,2,0,35,1,956786.3125,1,48,4,5,0,263.07842248528
4627375,1,5,0,39,1,888211,1,48,6,4,0,263.07842248528
4627377,1,2,1,19,1,6e+05,1,40,5,2,1,193.924684446999
4627378,1,1,0,56,1,1400000,1,66,6,3,0,232.460305636127
4627379,1,1,1,72,1,650000,1,16,3,3,0,232.460305636127
4627381,1,1,0,52,4,9e+05,1,96,4,1,1,214.910730654777
4627382,1,1,1,47,1,1271544.375,1,45,5,5,0,232.240788716901
4627382,1,2,0,47,4,3e+05,1,40,5,1,1,232.240788716901
4627383,1,1,1,33,1,2058333.375,1,48,6,5,0,211.319596421545
4627383,1,2,0,35,1,1558333.375,1,48,6,5,0,211.319596421545
4627384,1,1,1,28,5,7e+06,1,84,4,2,1,244.556565973194
4627386,1,1,0,25,1,930929.4375,1,48,6,5,0,203.18057685208
4627387,1,1,0,31,2,2148666.75,1,30,6,5,0,232.240788716901
4627387,1,2,1,32,4,3500000,1,40,6,5,0,232.240788716901
4627388,1,1,1,36,4,1100000,1,52,5,5,0,258.761885271683
4627388,1,2,0,27,4,60000,1,15,4,1,1,258.761885271683
4627388,1,6,1,49,4,8e+05,1,48,3,5,0,258.761885271683
4627389,1,2,1,78,4,50000,1,16,3,1,1,232.460305636127
4627390,1,1,0,59,4,2e+06,1,45,6,5,0,233.222702155192
4627390,1,2,0,21,1,8e+05,1,40,6,3,1,233.222702155192
4627390,1,3,1,28,1,1906666.625,1,40,6,5,0,233.222702155192
4627391,1,1,1,39,1,1e+06,1,48,4,4,0,261.124930628837
4627391,1,2,0,40,1,7e+05,1,48,4,2,1,261.124930628837
4627391,1,3,0,21,1,869453,1,48,5,4,0,261.124930628837
4627392,1,2,1,35,5,1800000,1,48,6,2,0,223.049750224243
4627393,1,1,0,46,1,1526544.375,1,50,6,5,0,169.54309562245
4627393,1,2,1,50,1,1604877.625,1,48,5,5,0,169.54309562245
4627393,1,3,0,27,1,1054877.625,1,40,5,5,0,169.54309562245
4627393,1,4,0,26,1,1046544.3125,1,48,6,5,0,169.54309562245
4627394,1,2,0,51,1,1962333.375,1,48,6,3,0,198.827046099784
4627395,1,1,1,64,4,8e+05,1,80,3,2,1,188.334022995895
4627396,1,1,0,56,1,833333.3125,1,48,5,5,0,204.813997535582
4627396,1,3,1,21,1,1100000,1,48,6,5,0,204.813997535582
4627401,1,1,1,26,1,930929.4375,1,48,5,5,0,296.315392036928
4627401,1,2,0,27,4,1100000,1,48,5,1,1,296.315392036928
4627402,1,2,1,29,1,1546544.375,1,40,6,5,0,223.96680975011
4627402,1,3,1,24,1,988211,1,40,6,5,0,223.96680975011
4627402,1,4,1,22,1,1413211,1,40,6,5,0,223.96680975011
4627403,1,2,1,28,1,1021544.3125,1,48,6,5,0,244.952855957889
4627406,1,1,0,51,2,2555000,1,48,6,5,0,202.594953398484
4627406,1,2,0,32,2,2016666.75,1,40,6,5,0,202.594953398484
4627407,1,2,0,56,2,1628333.375,1,40,6,5,0,232.460305636127
4627409,1,1,1,42,1,1560000,1,50,5,5,0,241.431827209559
4627410,1,2,0,36,1,15583500,1,40,6,5,0,219.925011460607
4627410,1,5,0,54,3,1063211,1,72,3,1,0,219.925011460607
4627411,1,1,1,44,1,3073211,1,40,6,5,0,241.431827209559
4627411,1,2,0,29,1,8e+05,1,36,6,2,1,241.431827209559
4627412,1,2,1,57,4,2e+05,1,48,3,1,1,240.599325205592
4627414,1,1,1,46,4,9e+05,1,60,5,1,1,276.631330440381
4627414,1,2,0,37,1,916211,1,48,6,3,0,276.631330440381
4627415,1,1,0,52,1,910286.3125,1,48,5,5,0,223.049750224243
4627416,1,1,1,42,1,10750000,1,40,6,4,0,296.315392036928
4627416,1,2,0,38,4,2e+05,1,3,6,1,1,296.315392036928
4627417,1,1,1,30,1,869453,1,48,5,4,0,232.240788716901
4627417,1,2,0,29,1,750000,1,48,4,4,1,232.240788716901
4627418,1,1,1,28,4,350000,1,40,3,3,1,232.826412170497
4627419,1,1,1,24,1,9e+05,1,66,6,5,1,222.333389066608
4627419,1,2,0,22,1,950000,1,78,6,5,1,222.333389066608
4627420,1,2,0,54,3,360000,1,27,1,1,1,178.55736104964
4627420,1,3,0,35,1,962377.6875,1,48,5,4,0,178.55736104964
4627420,1,4,1,19,2,448333.34375,1,72,5,5,0,178.55736104964
4627422,1,1,1,29,1,1388211,1,48,6,2,0,244.556565973194
4627423,1,1,1,38,4,8e+05,1,30,3,1,1,232.240788716901
4627423,1,2,0,37,1,1092044.375,1,50,4,5,0,232.240788716901
4627424,1,1,0,24,4,1700000,1,66,6,3,1,221.0962583678
4627424,1,2,1,34,1,2300000,1,48,6,5,0,221.0962583678
4627424,1,3,0,22,4,1700000,1,48,6,4,1,221.0962583678
4627425,1,1,0,54,1,4083333.5,1,45,6,5,0,193.924684446999
4627425,1,2,1,23,1,1300000,1,4,6,5,1,193.924684446999
4627426,1,1,0,48,4,4e+05,1,40,3,2,1,203.18057685208
4627428,1,1,1,22,1,869453,1,48,5,5,0,204.417707550888
4627430,1,1,1,45,4,9e+05,1,72,3,1,1,200.826573317656
4627431,1,1,1,61,4,1800000,1,100,4,1,0,283.167112776668
4627431,1,4,1,34,4,1e+06,1,48,5,2,1,283.167112776668
4627432,1,1,1,35,1,1075929.375,1,59,5,5,0,339.4688030616
4627433,1,1,0,41,1,1518211,1,40,6,5,0,203.18057685208
4627434,1,1,1,43,5,2.5e+07,1,40,6,2,0,241.431827209559
4627434,1,2,0,40,1,26333334,1,50,6,5,0,241.431827209559
4627435,1,1,1,67,4,2e+05,1,40,3,1,1,248.738344775058
4627435,1,3,1,39,1,1049877.625,1,45,4,4,0,248.738344775058
4627435,1,4,1,34,4,9e+05,1,60,4,1,1,248.738344775058
4627436,1,1,1,67,5,3.1e+07,1,30,6,4,0,177.716520335527
4627436,1,3,0,35,1,5358333.5,1,50,6,5,0,177.716520335527
4627436,1,5,0,53,3,930286.3125,1,50,5,1,0,177.716520335527
4627437,1,1,0,54,4,7e+05,1,20,3,1,1,214.910730654777
4627438,1,1,0,55,1,1920000,1,48,6,3,1,210.237128729541
4627438,1,2,1,56,1,13753333,1,48,6,5,0,210.237128729541
4627439,1,3,1,48,1,781242,1,48,4,2,1,205.00835211952
4627439,1,4,1,43,1,1e+06,1,48,5,4,0,205.00835211952
4627439,1,5,0,25,1,927786.3125,1,48,5,5,0,205.00835211952
4627440,1,1,1,62,1,8e+06,1,40,6,4,0,210.953489887176
4627440,1,3,0,38,1,10666667,1,48,6,5,0,210.953489887176
4627441,1,1,1,47,1,888211,1,48,5,4,0,271.040668989277
4627441,1,2,0,48,3,1e+05,1,10,4,1,1,271.040668989277
4627441,2,1,1,56,1,869453,1,48,5,4,0,271.040668989277
4627442,1,1,1,43,1,931119.6875,1,48,4,2,0,211.319596421545
4627442,1,3,0,23,1,928619.6875,1,48,5,5,0,211.319596421545
4627443,1,1,0,37,1,869453,1,45,5,5,0,343.059937294832
4627445,1,1,1,57,1,120000,1,18,3,2,1,166.827207246943
4627445,1,3,0,33,1,1400000,1,48,6,5,0,166.827207246943
4627445,1,5,1,19,1,850000,1,36,5,5,0,166.827207246943
4627446,1,1,1,39,1,3e+07,1,40,6,5,0,351.198956864297
4627446,1,2,0,38,1,5416666.5,1,24,6,5,0,351.198956864297
4627447,1,1,1,38,1,896600,1,56,3,3,0,266.138307336491
4627447,1,2,0,35,4,8e+05,1,95,4,1,1,266.138307336491
4627448,1,1,0,55,4,250000,1,40,3,2,1,256.572823599316
4627449,1,2,0,61,3,847908.6875,1,72,3,1,1,237.210126373118
4627450,1,1,0,55,4,6e+05,1,14,6,1,1,232.460305636127
4627450,1,2,1,61,5,2500000,1,50,6,2,0,232.460305636127
4627451,1,1,1,37,1,930929.4375,1,48,5,5,0,223.049750224243
4627453,1,1,1,30,1,9e+05,1,78,5,2,1,296.315392036928
4627453,1,2,0,29,4,4e+05,1,24,3,1,1,296.315392036928
4627454,1,1,0,24,1,9e+05,1,84,5,2,1,233.87843109369
4627455,1,1,1,24,1,9e+05,1,84,5,2,1,202.464215694445
4627455,1,2,0,24,1,8e+05,1,70,6,2,1,202.464215694445
4627455,1,3,0,24,1,8e+05,1,70,6,2,1,202.464215694445
4627459,1,1,0,58,5,4e+06,1,42,6,2,0,244.952855957889
4627459,1,2,1,31,1,8e+05,1,48,6,3,0,244.952855957889
4627463,1,2,0,67,4,4e+05,1,32,4,1,1,237.210126373118
4627464,1,1,1,73,4,1500000,1,40,6,1,1,232.460305636127
4627465,1,1,0,49,5,1500000,1,48,5,2,1,187.0926706038
4627465,1,2,1,19,1,1e+05,1,6,5,2,1,187.0926706038
4627465,1,3,1,28,1,1254877.625,1,48,5,5,0,187.0926706038
4627465,1,4,0,27,4,1200000,1,40,6,5,0,187.0926706038
4627466,1,1,1,51,4,5e+06,1,48,6,1,1,210.017611810314
4627467,1,1,1,37,1,1e+06,1,48,5,3,1,264.901176637684
4627467,1,2,0,33,1,1408211,1,48,5,5,0,264.901176637684
4627468,1,2,0,45,4,2e+06,1,55,6,1,0,215.307020639472
4627469,1,3,1,24,1,560000,1,36,4,2,1,290.004147734902
4627469,1,4,1,36,4,3e+06,1,60,3,1,1,290.004147734902
4627469,1,5,0,32,1,1966666.625,1,48,6,5,0,290.004147734902
4627469,1,6,1,27,1,3700000,1,56,6,5,0,290.004147734902
4627470,1,1,1,41,1,781242,1,42,3,2,1,252.695585542659
4627470,1,2,1,38,1,918211,1,50,3,5,0,252.695585542659
4627471,1,1,1,53,1,3250000,1,40,6,3,0,232.240788716901
4627471,1,2,0,47,1,7550000,1,52,6,3,0,232.240788716901
4627472,1,2,0,56,4,3e+05,1,25,5,1,1,210.953489887176
4627475,1,1,0,63,2,3675000,1,30,6,5,0,236.813836388423
4627476,1,1,1,39,4,550000,1,60,5,1,1,244.556565973194
4627477,1,1,0,26,1,869453,1,48,6,5,0,278.985333974805
4627478,1,1,0,46,4,8e+05,1,54,3,1,1,211.319596421545
4627478,1,2,0,19,1,250000,1,14,6,2,1,211.319596421545
4627478,1,3,1,27,5,9e+05,1,60,6,2,1,211.319596421545
4627480,1,1,0,47,3,1140044.375,1,49,4,2,0,204.417707550888
4627481,1,2,0,27,4,50000,1,10,6,1,1,287.12435354427
4627482,1,1,1,43,1,2086000,1,50,4,5,0,244.556565973194
4627483,1,1,0,56,4,6e+05,1,55,3,1,1,226.320813284534
4627483,1,2,1,18,1,240000,1,14,4,5,1,226.320813284534
4627484,1,1,1,39,1,5708333.5,1,50,6,5,0,296.315392036928
4627484,1,2,0,36,1,2733333.5,1,40,6,4,1,296.315392036928
4627486,1,2,0,48,2,2004166.625,1,40,6,5,0,189.812780672594
4627487,1,1,1,23,1,869453,1,48,6,5,0,225.92452329984
4627488,1,1,1,28,1,888211,1,60,5,2,1,244.556565973194
4627489,1,1,0,39,1,1100000,1,48,5,2,1,213.608746043546
4627492,1,1,1,43,1,8e+06,1,50,6,5,0,287.12435354427
4627492,1,2,0,31,1,3e+06,1,40,6,5,0,287.12435354427
4627500,1,1,1,31,4,1e+06,1,49,3,1,1,244.556565973194
4627502,1,2,0,51,1,6e+05,1,54,5,2,1,200.064176798592
4630072,1,2,1,55,4,3e+06,1,40,6,1,0,176.603869193198
4630072,1,3,1,23,1,1929877.625,1,50,6,5,0,176.603869193198
4630073,1,1,1,34,1,5025000,1,60,6,5,0,223.049750224243
4630073,1,2,0,33,1,1183333.375,1,48,6,5,0,223.049750224243
4630074,1,1,1,37,1,4333333.5,1,40,6,5,0,287.12435354427
4630074,1,2,0,36,1,4333333.5,1,40,6,4,0,287.12435354427
4630075,1,2,0,41,1,1231544.375,1,48,5,5,0,211.254742509122
4630075,1,3,1,20,1,1196794.375,1,48,6,5,0,211.254742509122
4630076,1,1,1,32,2,2583333.25,1,60,5,5,0,232.240788716901
4630076,1,2,0,25,4,8e+05,1,50,5,1,1,232.240788716901
4630077,1,1,0,47,1,650000,1,48,5,3,1,235.255341319267
4630077,1,2,1,24,1,1496544.375,1,48,6,5,0,235.255341319267
4630077,1,4,0,25,1,2737333.25,1,48,6,5,0,235.255341319267
4630078,1,1,1,31,1,869453,1,21,5,4,0,351.198956864297
4630078,1,2,0,37,1,881242,1,36,6,2,1,351.198956864297
4630079,1,1,0,52,1,8e+05,1,48,5,2,1,200.064176798592
4630079,1,2,1,56,4,2e+06,1,50,6,1,1,200.064176798592
4630080,1,1,1,39,1,1746044.375,1,48,6,5,0,220.510634914204
4630081,1,1,1,23,1,8e+05,1,48,5,4,0,223.385407989801
4630082,1,1,0,60,2,3e+06,1,30,6,5,0,240.995615190287
4630083,1,1,1,36,1,843742,1,48,5,4,0,244.556565973194
4630086,1,1,0,28,1,1015929.4375,1,48,5,4,1,278.985333974805
4630087,1,1,1,72,4,1e+06,1,40,5,1,0,232.460305636127
4632025,1,1,1,45,1,1311211,1,48,5,5,0,208.599486352751
4632025,1,2,0,53,4,150000,1,24,3,1,1,208.599486352751
4632026,1,1,1,66,4,8e+05,1,77,4,1,0,240.599325205592
4632026,1,2,0,66,5,8e+05,1,49,3,2,1,240.599325205592
4632026,1,3,1,32,1,1063211,1,48,5,4,0,240.599325205592
4632027,1,1,1,43,1,921242,1,60,4,2,0,264.901176637684
4632028,1,2,1,26,4,781242,1,54,6,5,0,212.556727120353
4632028,1,3,0,38,1,5e+05,1,56,6,2,1,212.556727120353
4632029,1,1,1,43,4,1e+06,1,72,5,1,1,278.634426599036
4632029,2,1,0,45,1,833333.3125,1,48,5,5,0,278.634426599036
4632030,1,2,1,60,1,930929.4375,1,44,3,5,0,240.599325205592
4632030,1,1,0,60,1,280000,1,12,5,2,0,240.599325205592
4632030,1,3,1,51,4,4e+05,1,42,4,5,1,240.599325205592
4632031,1,2,1,45,4,2e+06,1,40,6,1,0,244.952855957889
4632033,1,1,0,47,4,150000,1,40,6,1,1,193.924684446999
4632034,1,3,1,25,1,850000,1,60,5,3,1,227.887257964605
4632034,1,1,1,56,1,1309877.625,1,48,4,4,0,227.887257964605
4632034,1,2,0,51,1,3e+05,1,40,5,2,1,227.887257964605
4632035,1,1,1,42,1,992929.4375,1,66,5,5,0,211.48172245974
4632035,1,2,0,41,4,750000,1,60,5,1,1,211.48172245974
4632036,1,2,0,40,3,1316666.625,1,72,3,1,0,225.348142654566
4632036,1,3,0,24,1,706777.6875,1,36,6,5,0,225.348142654566
4632036,1,1,1,42,1,2129544.25,1,48,3,5,0,225.348142654566
4632037,1,2,0,40,1,869453,1,56,5,5,0,178.2372898767
4632038,1,1,1,39,4,950000,1,50,3,1,1,221.747765613011
4632039,1,5,0,30,4,250000,1,20,5,1,1,398.052411146234
4632040,2,1,1,51,1,781242,1,48,3,4,0,281.653517235609
4632041,1,3,1,20,1,1043333.375,1,48,6,5,0,227.571108372869
4632041,1,2,0,47,4,1200000,1,48,5,1,1,227.571108372869
4632043,1,2,0,47,1,869453,1,48,4,4,0,210.557199902481
4632043,1,1,1,57,1,1327211,1,48,5,5,0,210.557199902481
4632044,1,1,0,23,1,6e+05,1,48,5,2,1,222.148277290993
4632045,1,1,1,43,1,1349000,1,44,5,4,0,232.240788716901
4632045,1,2,0,42,4,8e+05,1,40,3,1,1,232.240788716901
4632046,1,1,1,51,1,1011000,1,60,6,5,0,199.70970048204
4632046,1,2,0,45,4,480000,1,30,5,1,1,199.70970048204
4632047,1,2,0,45,4,1e+06,1,59,3,1,1,216.817653229849
4632047,1,6,1,20,1,1e+06,1,48,3,3,0,216.817653229849
4632047,1,5,0,23,1,1463211,1,48,5,5,0,216.817653229849
4632047,1,4,0,27,3,2e+05,1,8,6,1,1,216.817653229849
4632047,1,3,1,28,1,1354877.625,1,48,6,5,0,216.817653229849
4632048,1,1,1,34,1,811242,1,48,3,5,0,287.12435354427
4632048,1,2,0,37,3,863900,1,45,1,2,0,287.12435354427
4632049,1,2,1,20,1,868211,1,48,6,5,0,193.924684446999
4632050,1,2,0,53,1,960000,1,40,3,2,1,212.556727120353
4632050,1,1,1,50,5,8e+05,1,48,3,2,1,212.556727120353
4632050,1,3,1,20,1,160000,1,21,5,2,1,212.556727120353
4632051,1,1,0,29,4,1e+06,1,48,4,1,0,223.049750224243
4632051,1,2,1,29,1,1400000,1,44,4,4,0,223.049750224243
4632052,1,1,1,45,1,1035000,1,64,5,4,0,241.431827209559
4632053,1,1,1,31,1,8e+05,1,48,5,2,1,200.826573317656
4632053,1,2,0,33,1,1993666.625,1,48,6,5,0,200.826573317656
4632054,1,2,1,58,1,930929.4375,1,48,4,5,0,248.738344775058
4632054,1,1,0,55,1,930929.4375,1,48,3,2,0,248.738344775058
4632054,1,4,1,26,1,1619211,1,72,5,5,0,248.738344775058
4632055,1,1,1,44,1,7e+05,1,48,5,3,1,244.556565973194
4632056,1,1,1,61,1,847908.6875,1,48,3,5,0,232.460305636127
4632057,1,1,0,57,1,781242,1,54,3,2,1,222.729679051302
4632057,1,3,1,29,1,930929.4375,1,48,6,5,0,222.729679051302
4632057,1,2,1,23,1,1208333.375,1,48,6,4,0,222.729679051302
4632058,1,3,0,26,1,1189211,1,48,6,5,0,275.028093207203
4632058,1,1,1,73,4,8e+05,1,48,3,2,1,275.028093207203
4632059,1,1,0,34,4,8e+05,1,15,5,1,1,204.417707550888
4632060,1,3,1,24,1,1408333.375,1,58,6,5,0,200.064176798592
4632061,1,1,0,38,3,1084453,1,52,3,1,0,280.744138312961
4632061,2,1,1,26,1,781242,1,48,5,3,0,280.744138312961
4632061,3,1,1,21,1,1020000,1,48,6,2,0,280.744138312961
4632062,1,1,1,59,1,869453,1,48,4,4,0,206.599959134879
4632062,1,3,0,30,1,926119.6875,1,48,6,5,0,206.599959134879
4632062,1,4,1,56,1,837908.6875,1,48,3,4,0,206.599959134879
4632064,1,1,1,35,1,4608333.5,1,60,6,5,0,244.556565973194
4632065,1,2,0,42,1,50000,1,4,5,2,1,215.307020639472
4632067,1,1,0,36,4,8e+05,1,76,5,1,1,220.510634914204
4632067,1,2,1,39,1,1200000,1,40,5,3,1,220.510634914204
4632068,1,1,0,29,1,1419611,1,48,6,5,0,278.985333974805
4632069,1,1,1,38,2,3541666.75,1,54,6,5,0,232.240788716901
4632069,1,2,0,45,1,1955000,1,52,6,5,0,232.240788716901
4632070,1,1,0,53,1,980853,1,72,5,5,0,214.910730654777
4632072,1,1,1,40,1,1090000,1,60,6,4,0,208.780481111507
4632072,1,2,0,38,4,5000,1,8,6,1,1,208.780481111507
4632074,1,2,0,34,1,240000,1,20,6,2,1,223.049750224243
4632074,1,1,1,30,1,1163211,1,48,5,5,0,223.049750224243
4632075,1,1,0,29,1,961786.3125,1,45,6,2,0,224.101769147436
4632077,1,1,1,29,4,9e+05,1,72,5,1,1,351.198956864297
4632077,1,2,0,25,1,841242,1,40,6,2,0,351.198956864297
4632078,1,1,1,51,1,842718.4375,1,48,5,5,0,212.556727120353
4632079,1,2,0,24,1,8e+05,1,48,5,4,1,224.309546934276
4632079,1,1,0,45,1,8e+05,1,70,3,2,1,224.309546934276
4632080,1,5,1,39,1,850000,1,50,5,5,0,296.711682021623
4632080,1,2,0,33,4,5e+05,1,48,4,1,1,296.711682021623
4632081,1,1,1,49,4,6e+05,1,48,3,4,1,223.049750224243
4632081,1,2,0,43,3,650000,1,48,4,1,1,223.049750224243
4632083,1,1,1,68,4,8e+05,1,29,6,1,0,232.460305636127
4632084,1,2,0,66,4,2e+06,1,16,5,2,1,145.716681482686
4632084,1,5,0,38,1,1418544.375,1,48,6,5,0,145.716681482686
4632084,1,3,0,48,1,2700000,1,40,6,4,0,145.716681482686
4632084,1,1,1,70,4,2e+06,1,20,5,2,1,145.716681482686
4632085,1,1,0,68,4,3200000,1,40,6,5,0,215.307020639472
4632085,1,2,0,30,1,3333333.25,1,40,6,5,0,215.307020639472
4632086,1,2,1,42,1,7216667,1,48,6,5,0,240.203035220898
4632086,1,1,1,65,1,6e+06,1,48,6,5,0,240.203035220898
4632087,1,1,1,31,4,1600000,1,60,5,2,0,296.315392036928
4632088,1,2,0,35,1,992929.4375,1,48,5,5,0,275.394199741573
4632088,1,1,1,37,1,992929.4375,1,56,5,5,0,275.394199741573
4632090,1,2,0,30,1,6e+05,1,48,6,4,1,241.431827209559
4632091,1,2,0,58,1,1198211,1,48,4,5,0,231.585059778402
4632092,1,2,0,54,3,850000,1,48,5,1,1,215.307020639472
4632093,1,1,0,58,4,2355000,1,30,6,4,0,237.210126373118
4632094,1,1,1,50,4,7e+05,1,42,3,2,1,223.049750224243
4632095,1,1,1,79,4,3e+05,1,35,6,1,0,232.460305636127
4632096,1,1,1,30,1,1e+06,1,50,4,2,1,232.240788716901
4632096,1,2,0,31,1,7e+05,1,48,5,2,1,232.240788716901
4632097,1,2,0,43,4,1500000,1,15,6,4,0,200.826573317656
4632097,1,1,1,54,4,4e+06,1,25,6,1,0,200.826573317656
4632098,1,1,1,49,1,1474211,1,48,4,5,0,210.017611810314
4632098,1,2,0,43,1,990711,1,54,5,5,0,210.017611810314
4632099,1,1,1,37,1,680000,1,40,4,2,1,227.01201210688
4632099,1,4,0,35,4,480000,1,48,4,4,1,227.01201210688
4632099,1,5,1,39,4,8e+05,1,60,4,4,1,227.01201210688
4632099,1,6,1,32,1,1e+06,1,60,4,4,1,227.01201210688
4632100,1,1,0,59,4,1e+06,1,48,6,2,1,244.952855957889
4632100,1,2,1,37,4,1e+06,1,48,6,2,0,244.952855957889
4632101,1,3,0,24,1,869453,1,40,6,4,0,198.827046099784
4632104,1,1,1,57,1,1400000,1,48,3,2,1,221.967282532238
4632104,1,2,0,61,1,2e+05,1,24,3,2,1,221.967282532238
4632104,1,3,1,24,1,1038211,1,48,5,4,0,221.967282532238
4632106,1,1,0,68,1,1e+05,1,10,6,2,0,223.446040208937
4632106,1,2,1,25,1,1800000,1,48,6,5,0,223.446040208937
4632106,2,1,0,25,1,1488211,1,48,6,5,0,223.446040208937
4632108,1,1,0,47,1,1625000,1,42,6,5,0,204.813997535582
4632109,1,1,1,25,1,9e+05,1,66,5,3,1,351.198956864297
4632111,1,1,1,69,4,1800000,1,24,6,5,0,240.203035220898
4632111,1,2,1,25,1,1666666.625,1,48,6,5,0,240.203035220898
4632112,1,1,0,45,1,8e+05,1,45,5,3,1,223.049750224243
4632113,1,1,1,34,1,9e+05,1,48,5,4,1,241.431827209559
4632114,1,1,0,43,2,6400000,1,55,6,5,0,276.631330440381
4632115,1,1,0,37,1,950000,1,74,5,2,1,214.910730654777
4632116,1,1,1,39,4,950000,1,90,3,2,1,211.319596421545
4632116,1,2,0,50,4,450000,1,90,5,2,1,211.319596421545
4632118,1,2,0,55,1,869453,1,48,3,5,0,232.460305636127
4632118,1,1,1,61,1,930929.4375,1,48,3,5,0,232.460305636127
4632119,1,2,0,42,1,9e+05,1,48,4,2,1,220.510634914204
4632120,1,1,1,44,1,4008333.25,1,48,6,5,0,241.431827209559
4632120,1,2,0,39,1,5904166.5,1,48,6,5,0,241.431827209559
4632122,1,1,0,30,2,5816666.5,1,48,6,5,0,202.594953398484
4632122,1,3,0,32,1,1400000,1,48,6,5,0,202.594953398484
4632123,1,2,1,52,1,930929.4375,1,48,6,5,0,223.446040208937
4632123,1,3,0,53,3,781242,1,48,3,1,1,223.446040208937
4632124,1,1,1,61,1,2050000,1,48,5,5,0,272.674089672779
4632124,1,5,1,32,1,959929.4375,1,48,6,5,0,272.674089672779
4632125,1,3,1,18,1,781242,1,48,6,5,1,221.747765613011
4632125,1,1,1,39,4,2e+06,1,90,3,2,1,221.747765613011
4632126,1,1,1,57,1,2166666.75,1,48,4,5,0,232.460305636127
4632127,1,1,0,33,1,898619.6875,1,48,3,5,0,183.431661343109
4632128,1,1,1,46,4,1e+06,1,48,4,1,0,276.631330440381
4632128,1,2,0,40,1,1200929.375,1,48,5,2,0,276.631330440381
4632129,1,1,1,60,4,3e+06,1,48,5,1,1,226.515167868471
4632129,1,5,1,23,1,850000,1,48,6,4,0,226.515167868471
4632129,1,3,1,31,1,1800000,1,48,6,5,0,226.515167868471
4632130,1,3,1,50,4,6e+05,1,48,5,1,1,240.599325205592
4632131,1,1,1,62,4,7e+05,1,70,3,2,1,220.144528379834
4632133,1,1,0,26,1,3533333.25,1,48,6,4,0,214.910730654777
4632135,1,1,0,39,1,9600000,1,40,6,4,0,203.18057685208
4632136,1,1,1,22,1,902786.3125,1,48,5,4,0,268.492310870915
4632137,1,1,0,65,4,7e+05,1,10,6,1,0,215.307020639472
4632137,1,2,0,46,4,3500000,1,40,6,1,0,215.307020639472
4632138,1,1,1,41,1,1083333.375,1,48,3,5,0,200.826573317656
4632138,1,3,0,19,1,780000,1,48,6,5,1,200.826573317656
4632139,1,2,0,29,1,1330929.5,1,45,6,2,0,223.049750224243
4632140,1,1,1,36,1,3033333.5,1,48,6,4,0,275.394199741573
4632142,1,2,0,24,1,360000,1,33,5,3,1,266.538819014473
4632142,1,4,0,21,1,9e+05,1,91,6,2,1,266.538819014473
4632142,1,1,1,24,4,2e+05,1,32,5,1,1,266.538819014473
4632143,1,1,1,28,1,781242,1,77,3,2,1,287.12435354427
4632144,1,4,0,38,4,8e+05,1,45,4,1,1,285.051633703828
4632144,1,1,0,41,1,560000,1,30,5,2,1,285.051633703828
4632146,1,1,1,39,5,8e+05,1,48,3,2,1,211.319596421545
4632146,1,2,0,32,1,5e+05,1,48,5,2,1,211.319596421545
4632147,1,1,1,37,4,2e+06,1,48,5,2,1,244.556565973194
4632148,1,3,0,27,1,840000,1,66,5,2,1,273.756557364784
4632148,1,5,1,33,1,1119333.375,1,48,4,3,0,273.756557364784
4632148,1,1,1,51,1,930929.4375,1,48,3,4,0,273.756557364784
4632149,1,2,1,60,1,2150000,1,48,6,5,0,227.710484899136
4632149,1,1,1,63,4,1e+06,1,5,6,1,0,227.710484899136
4632150,1,1,1,34,1,1220833.375,1,48,5,2,1,251.208489155814
4632151,1,1,1,33,1,1800000,1,78,5,2,1,296.901015490524
4632151,1,2,0,22,3,39166.66796875,1,2,6,1,1,296.901015490524
4632152,1,2,1,40,1,7e+05,1,48,4,2,1,234.063542869305
4632152,1,1,1,22,1,952619.6875,1,48,4,3,0,234.063542869305
4632153,1,1,1,21,1,1114333.375,1,48,6,5,0,278.26897281717
4632154,1,1,1,24,1,950711,1,48,5,5,0,225.92452329984
4632155,1,2,1,27,1,888211,1,40,6,5,0,244.952855957889
4632155,1,1,0,57,3,527500,1,60,5,1,1,244.952855957889
4632156,1,2,0,50,4,1200000,1,36,6,1,0,218.696219471946
4632158,1,2,1,80,1,2e+05,1,10,3,2,1,232.856595620822
4632158,1,3,0,55,3,9e+05,1,48,3,1,0,232.856595620822
4632159,1,1,1,59,1,842718.4375,1,48,3,4,0,210.237128729541
4632159,1,4,0,20,1,9e+05,1,48,6,2,0,210.237128729541
4632159,1,3,1,24,1,1516666.625,1,48,6,5,0,210.237128729541
4632160,1,1,1,38,1,980000,1,84,3,2,1,244.556565973194
4632161,1,2,0,59,3,779166.6875,1,40,3,1,1,232.460305636127
4632161,1,1,1,58,2,2181666.5,1,44,5,5,0,232.460305636127
4632163,1,1,0,70,5,2e+06,1,48,4,2,1,220.73015183343
4632164,1,1,1,25,1,1142111,1,48,6,5,0,241.440869032289
4632164,1,2,0,24,4,150000,1,10,6,1,1,241.440869032289
4632164,2,2,0,20,1,3e+05,1,50,6,2,1,241.440869032289
4632164,2,1,0,47,4,2e+05,1,15,4,1,1,241.440869032289
4632165,1,4,0,62,3,4e+05,1,50,3,1,1,212.767905329433
4632166,1,1,1,23,1,750000,1,48,5,4,1,215.43150019595
4632166,1,2,1,19,1,7e+05,1,48,4,2,1,215.43150019595
4632167,1,3,0,20,4,781242,1,48,5,5,1,195.711349158879
4632167,1,8,0,30,3,9e+05,1,48,3,1,1,195.711349158879
4632169,1,1,1,55,4,2e+06,1,54,5,2,1,338.706406542536
4632170,1,1,0,34,4,3900000,1,60,6,5,0,212.556727120353
4632170,1,2,1,38,4,2e+06,1,40,6,4,0,212.556727120353
4632171,1,1,1,40,1,1080000,1,60,5,5,0,234.063542869305
4632171,1,2,1,24,1,781242,1,48,5,5,0,234.063542869305
4632172,1,1,1,33,1,930000,1,60,5,2,1,296.315392036928
4632174,1,1,0,23,4,8e+05,1,20,5,2,1,224.687392601032
4632175,1,2,0,52,4,420000,1,24,3,1,1,210.557199902481
4632177,1,1,1,44,4,5e+05,1,54,6,1,1,287.520643528964
4632177,1,2,0,38,3,6e+05,1,31,5,1,0,287.520643528964
4632178,1,2,0,25,1,946544.3125,1,48,3,5,0,232.240788716901
4632179,1,2,0,46,1,8e+05,1,48,5,5,0,188.730312980589
4632179,1,1,1,55,4,3e+06,1,60,5,1,1,188.730312980589
4632180,1,1,1,55,1,934453,1,48,4,5,0,221.967282532238
4632181,1,1,0,30,1,1554000,1,40,6,5,0,224.101769147436
4632184,1,2,1,22,1,869453,1,48,3,5,0,204.417707550888
4632184,1,1,0,27,1,869453,1,48,4,5,0,204.417707550888
4632185,1,1,0,28,3,510000,1,24,5,1,1,306.558449452779
4632188,1,2,1,55,4,7e+05,1,72,3,1,1,200.064176798592
4632188,1,1,0,37,1,866666.6875,1,54,6,4,0,200.064176798592
4632189,1,3,1,34,1,4e+05,1,24,4,2,1,230.106302101703
4632192,1,2,0,27,5,1200000,1,66,6,2,1,200.826573317656
4632192,1,1,1,27,1,1200000,1,55,5,2,1,200.826573317656
4632193,1,2,0,25,4,9e+05,1,60,5,1,1,329.692141115346
4632193,1,1,1,29,4,1600000,1,72,5,1,1,329.692141115346
4632193,1,5,0,29,1,1351211,1,48,6,5,0,329.692141115346
4632194,1,1,1,19,1,869453,1,60,5,2,0,225.92452329984
4632195,1,1,1,26,4,1500000,1,72,6,4,0,244.556565973194
4632196,1,2,0,59,4,7e+05,1,60,4,2,1,216.738505922217
4632196,1,4,1,32,4,9e+05,1,50,6,5,0,216.738505922217
4632196,1,1,1,63,4,8e+05,1,48,5,1,1,216.738505922217
4632196,1,3,0,35,2,1808333.375,1,40,6,5,0,216.738505922217
4632197,1,1,1,50,5,7e+05,1,40,5,2,1,284.585238234231
4632197,1,2,0,49,5,7e+05,1,40,5,2,0,284.585238234231
4632197,1,3,0,24,1,566666.6875,1,30,5,2,1,284.585238234231
4632198,1,1,1,45,1,1149211,1,40,5,4,0,199.589442618848
4632198,1,3,0,19,1,390000,1,30,6,5,1,199.589442618848
4632200,1,1,0,29,1,1362211,1,70,6,5,0,214.910730654777
4632201,1,4,0,20,1,866666.6875,1,48,6,5,0,206.966065669249
4632201,1,3,1,33,1,866666.6875,1,48,6,4,0,206.966065669249
4632202,1,1,0,61,4,3e+06,1,90,4,2,1,236.422567518764
4632202,1,5,1,46,1,1e+06,1,112,5,2,0,236.422567518764
4632202,1,4,0,39,5,2e+06,1,112,6,2,1,236.422567518764
4632203,1,1,1,38,1,1388212,1,48,5,4,0,221.747765613011
4632203,1,2,0,36,1,1388211,1,48,5,4,0,221.747765613011
4632204,1,1,1,44,1,2317283.25,1,48,6,5,0,244.556565973194
4632205,1,1,1,31,4,7e+05,1,72,3,3,1,370.16665730321
4632206,1,1,0,48,4,9e+05,1,48,3,3,1,193.924684446999
4632206,1,2,1,19,4,4e+05,1,40,5,1,1,193.924684446999
4632207,1,1,1,26,1,1254711,1,40,5,5,0,244.556565973194
4632208,1,1,0,34,1,1e+05,1,25,5,2,1,268.492310870915
4632209,1,1,0,57,3,3e+05,1,55,4,1,1,244.952855957889
4632209,1,2,1,27,1,1247377.625,1,54,5,5,0,244.952855957889
4632210,1,2,0,34,2,1838210.875,1,45,6,5,0,296.315392036928
4632210,1,1,1,38,2,1896210.875,1,45,6,5,0,296.315392036928
4632211,1,1,1,18,1,781242,1,40,6,5,1,215.43150019595
4632211,1,2,1,19,8,3e+05,1,16,5,2,1,215.43150019595
4632212,1,2,0,18,3,660000,1,24,5,2,1,278.26897281717
4632212,1,1,1,19,1,960000,1,50,5,2,1,278.26897281717
4632213,1,2,0,41,1,113333.3359375,1,12,5,2,1,232.240788716901
4632213,1,1,1,39,1,1088211,1,48,5,5,0,232.240788716901
4632214,1,1,0,41,1,5117666.5,1,48,6,5,0,212.556727120353
4632214,1,2,1,41,1,8e+05,1,72,5,4,0,212.556727120353
4632215,1,1,1,27,1,1123211,1,40,6,3,0,263.013568572856
4632215,2,1,0,30,1,781242,1,48,5,5,1,263.013568572856
4632216,1,4,0,26,1,869453,1,48,5,3,0,239.724079347868
4632216,1,5,1,25,4,9e+05,1,72,5,1,1,239.724079347868
4632216,1,1,1,53,4,6e+05,1,84,3,1,1,239.724079347868
4632216,1,3,1,43,1,1130166.625,1,40,5,4,0,239.724079347868
4632217,1,1,0,53,1,936433.3125,1,50,4,3,0,214.910730654777
4632218,1,1,1,33,1,923619.6875,1,48,3,4,0,244.556565973194
4632220,1,1,1,22,1,550000,1,80,5,2,1,204.417707550888
4632220,1,2,0,29,1,728333.3125,1,42,6,5,0,204.417707550888
4632221,1,1,1,25,1,770000,1,78,6,4,1,232.826412170497
4632221,1,2,0,24,1,720000,1,71,6,4,1,232.826412170497
4632222,1,1,0,32,1,950929.4375,1,48,5,5,0,220.510634914204
4632222,1,2,1,29,1,902786.3125,1,48,5,5,0,220.510634914204
4632223,1,1,1,37,1,8e+05,1,72,4,2,1,211.319596421545
4632223,1,2,0,35,4,8e+05,1,48,3,1,1,211.319596421545
4632224,1,1,0,51,3,410000,1,40,5,1,1,204.417707550888
4632225,1,1,1,32,1,850000,1,48,5,5,0,211.319596421545
4632225,1,2,0,42,1,1100000,1,48,5,2,1,211.319596421545
4632226,1,3,1,22,1,1332377.625,1,48,6,5,0,189.096419514959
4632226,1,1,1,50,1,990929.4375,1,48,4,5,0,189.096419514959
4632240,1,1,1,49,4,1600000,1,60,5,2,1,244.556565973194
4632241,1,2,0,34,4,450000,1,48,3,1,1,223.049750224243
4634376,1,1,1,21,1,1300000,1,60,5,2,1,234.063542869305
4634376,1,2,1,28,1,6e+05,1,70,6,2,1,234.063542869305
4634693,1,1,0,42,1,954877.6875,1,48,6,3,0,225.672866438739
4634695,1,1,1,46,1,930929.4375,1,48,4,4,1,225.361621412771
4634696,1,1,0,26,1,8e+05,1,60,6,2,1,275.369953979467
4636571,1,1,1,60,1,12500000,1,48,6,5,0,232.917375913349
4636571,1,4,0,27,1,3641666.75,1,48,6,5,0,232.917375913349
4636572,1,1,1,48,4,1700000,1,60,6,1,0,180.821218361585
4636572,2,1,1,54,1,2593333.25,1,60,6,5,0,180.821218361585
4636572,3,4,0,37,1,1e+06,1,48,6,5,0,180.821218361585
4636572,3,3,1,44,1,833333.3125,1,48,6,5,0,180.821218361585
4636573,1,1,1,56,4,1300000,1,60,4,1,1,216.402114967903
4636573,1,3,0,24,1,930929.4375,1,30,6,5,0,216.402114967903
4636574,1,1,1,24,1,1733333.375,1,46,6,5,0,234.850230731126
4636576,1,1,1,27,1,1570000,1,46,6,4,0,216.184257120383
4636576,1,2,0,26,1,2150000,1,48,6,4,0,216.184257120383
4636577,1,1,1,42,5,5e+06,1,48,4,2,0,288.637620708365
4636578,1,1,1,46,1,1954000,1,55,6,5,0,204.347834820295
4636578,1,2,0,52,1,1713211,1,48,5,5,0,204.347834820295
4636578,1,3,1,26,1,1438211,1,48,6,5,0,204.347834820295
4636579,1,1,1,55,4,1600000,1,80,6,2,1,216.899249091196
4636579,1,2,0,47,4,7e+05,1,36,5,1,1,216.899249091196
4636580,1,1,0,34,4,2163000,1,48,6,5,0,240.114439658504
4636580,1,2,1,35,1,1288211,1,40,6,2,0,240.114439658504
4636581,1,2,0,47,3,360000,1,16,4,1,1,167.163941947228
4636581,1,1,1,50,1,926666.6875,1,48,6,5,0,167.163941947228
4636581,1,4,0,20,1,1083333.375,1,50,6,5,0,167.163941947228
4636582,1,4,1,24,4,3e+05,1,24,6,5,1,240.425684684472
4636582,1,1,0,29,4,3493000,1,40,6,5,0,240.425684684472
4636582,1,3,0,54,4,2e+06,1,76,5,1,1,240.425684684472
4636587,1,1,0,29,1,1331544.375,1,48,6,5,0,313.230619220106
4636587,1,2,1,25,4,1800000,1,48,4,1,1,313.230619220106
4636589,1,2,0,46,1,2980000,1,48,6,5,0,208.866132846825
4636590,1,1,1,54,1,3375000,1,65,6,5,0,197.829528535608
4636590,1,3,0,33,1,2566666.5,1,45,6,5,0,197.829528535608
4636590,1,4,0,32,1,6500000,1,50,6,5,0,197.829528535608
4636591,1,1,0,23,1,2166666.75,1,48,6,3,0,202.336615343028
4636592,1,2,0,45,4,3e+05,1,40,3,1,1,321.556533266705
4636592,1,5,0,38,1,918211,1,78,3,3,0,321.556533266705
4636593,1,2,1,23,1,1713211,1,48,6,5,0,224.187714921904
4636593,1,1,1,25,1,3e+06,1,50,6,2,0,224.187714921904
4636594,1,1,1,32,4,8e+05,1,72,5,2,1,215.68712299709
4636595,1,1,1,53,5,2700000,1,60,4,2,1,244.204742095015
4636595,1,4,1,29,1,1766877.625,1,48,5,5,0,244.204742095015
4636596,1,1,1,23,1,8e+05,1,48,6,2,1,233.67632424026
4636596,1,2,1,18,1,850000,1,48,6,3,1,233.67632424026
4636597,1,1,1,36,1,1568211,1,84,5,5,0,224.187714921904
4636597,1,2,1,20,1,9e+05,1,72,5,5,0,224.187714921904
4636598,1,1,1,26,5,1800000,1,84,4,2,1,191.674099533806
4636598,1,2,0,30,4,6e+05,1,70,5,1,1,191.674099533806
4636600,1,3,0,32,1,1624877.625,1,60,5,5,0,254.179939283379
4636600,1,2,0,21,4,2e+05,1,55,5,1,1,254.179939283379
4636600,1,1,1,56,1,1501666.625,1,48,5,5,0,254.179939283379
4636600,1,4,1,31,1,1436544.375,1,60,5,5,0,254.179939283379
4636603,1,2,0,57,1,6e+05,1,40,3,2,1,195.396889535817
4636603,1,6,0,34,1,1188211,1,48,5,3,0,195.396889535817
4636603,1,7,1,35,5,3e+06,1,30,5,2,1,195.396889535817
4636605,1,2,0,22,1,1230929.375,1,48,6,5,0,211.270031991925
4636605,1,1,0,53,1,2713211,1,60,6,5,0,211.270031991925
4636606,1,2,0,21,1,930929.4375,1,48,6,5,0,219.197999954947
4636607,1,1,1,66,4,6e+05,1,54,5,1,0,263.54103392132
4636608,1,1,1,27,1,850000,1,80,6,1,1,216.184257120383
4636609,1,4,0,20,1,3e+05,1,16,6,2,1,179.485356299593
4636609,1,1,1,52,1,1200000,1,70,5,2,1,179.485356299593
4636610,1,1,0,31,3,110000,1,22,5,1,1,275.369953979467
4636611,1,2,1,54,1,1121211,1,54,3,5,0,232.590697737178
4636611,1,1,1,49,1,1267544.375,1,55,5,5,0,232.590697737178
4636612,1,1,1,32,4,9e+05,1,60,5,1,1,213.83644413865
4636612,1,2,0,35,1,981619.6875,1,48,5,5,0,213.83644413865
4636613,1,1,1,31,1,9e+05,1,51,5,5,0,288.637620708365
4636614,1,2,0,20,1,869453,1,72,5,4,0,201.162708852161
4636614,1,1,0,40,1,9e+05,1,48,5,4,1,201.162708852161
4636615,1,2,0,33,1,1500000,1,84,5,2,1,205.521741311161
4636615,1,1,1,35,1,2154877.75,1,66,5,5,0,205.521741311161
4636615,1,3,1,41,1,1150711,1,48,1,5,0,205.521741311161
4636616,1,2,0,50,4,787000,1,48,5,5,1,181.011583724584
4636616,1,1,1,48,1,1788333.375,1,48,5,5,0,181.011583724584
4636616,1,4,0,22,1,866000,1,48,6,5,0,181.011583724584
4636616,1,3,1,27,1,789000,1,48,6,5,0,181.011583724584
4636617,1,1,0,48,1,1235000,1,60,5,5,0,195.170470527907
4636617,1,2,1,36,1,885000,1,48,5,3,0,195.170470527907
4636617,1,4,1,27,1,940166.6875,1,58,6,5,0,195.170470527907
4636617,1,3,0,28,1,1191666.625,1,48,6,5,0,195.170470527907
4636618,1,1,1,47,4,4e+05,1,55,4,2,1,225.361621412771
4636619,1,1,0,43,1,869453,1,60,5,2,0,240.197280583667
4636619,2,1,1,40,1,869453,1,48,3,5,0,240.197280583667
4636620,1,1,1,51,1,1468877.625,1,48,3,4,0,208.520978181969
4636620,1,3,1,22,1,2166666.75,1,45,6,5,0,208.520978181969
4636620,1,4,0,23,1,2776244.5,1,48,6,5,0,208.520978181969
4636620,1,5,1,26,1,1701244.375,1,48,5,5,0,208.520978181969
4636620,1,2,0,51,1,1229877.625,1,40,6,4,0,208.520978181969
4636620,2,1,1,44,1,1453211,1,48,6,5,0,208.520978181969
4636620,3,1,0,44,4,1260000,1,84,3,1,1,208.520978181969
4636621,1,1,1,46,1,950000,1,48,5,5,0,205.103477098079
4636623,1,1,1,63,4,5e+05,1,60,3,1,1,306.165668741917
4636624,1,3,1,39,1,1371544.375,1,48,5,5,0,224.999911885622
4636626,1,4,0,26,1,1492377.625,1,48,6,5,0,242.04783047791
4636626,1,3,1,32,1,4500000,1,48,6,4,0,242.04783047791
4636627,1,2,0,45,1,833333.3125,1,48,5,4,0,232.927879848643
4636628,1,2,0,59,4,80000,1,48,6,5,0,242.094740205737
4636628,1,3,1,21,1,833333.3125,1,48,6,5,0,242.094740205737
4636628,1,1,1,64,4,8e+05,1,48,6,5,0,242.094740205737
4636629,1,2,1,20,1,888211,1,48,6,2,0,225.672866438739
4636629,1,1,0,41,4,2e+06,1,40,6,5,1,225.672866438739
4636630,1,4,1,47,4,2e+06,1,40,6,1,1,198.203617037603
4636630,1,2,0,52,1,1500000,1,58,6,5,0,198.203617037603
4636630,1,5,1,45,4,1500000,1,40,6,1,1,198.203617037603
4636631,1,1,1,32,4,1700000,1,48,3,1,1,288.637620708365
4636632,1,3,0,19,1,881953,1,48,6,5,0,257.389313896686
4636632,1,1,1,41,4,780000,1,129,5,1,0,257.389313896686
4636632,1,2,0,38,4,3e+05,1,40,5,1,1,257.389313896686
4636632,1,5,0,67,1,1142718.375,1,40,5,4,0,257.389313896686
4636633,1,2,0,19,4,2e+05,1,40,5,1,1,200.851463826193
4636633,1,1,1,27,1,1200000,1,72,3,3,1,200.851463826193
4636635,1,1,1,44,2,7266666.5,1,48,6,5,0,240.197280583667
4636639,1,1,1,36,5,1800000,1,40,6,2,0,225.361621412771
4636641,1,2,1,41,1,1201544.375,1,48,5,5,0,240.197280583667
4636642,1,1,1,37,1,1181000,1,84,5,3,0,229.451923849282
4636642,1,2,0,38,1,1e+06,1,48,5,2,1,229.451923849282
4636646,1,2,0,58,4,7e+05,1,32,4,1,1,233.376290433402
4636646,1,3,0,28,3,869453,1,45,5,1,1,233.376290433402
4636646,1,1,1,50,1,869453,1,60,4,3,0,233.376290433402
4636647,1,1,0,20,4,2500000,1,60,6,1,1,211.513979635415
4636648,1,1,1,36,1,1774666.625,1,55,5,5,0,263.533531679378
4636648,1,2,0,31,1,960953,1,48,5,5,0,263.533531679378
4636649,1,4,0,21,1,581666.6875,1,28,6,5,0,249.685889902023
4636649,1,1,0,27,3,1100000,1,60,6,1,0,249.685889902023
4636651,1,1,1,29,1,842718.4375,1,48,5,5,0,225.361621412771
4636652,1,1,0,26,4,3e+05,1,24,6,1,1,226.846772929605
4636654,1,1,1,31,1,991953,1,48,4,4,0,337.160801758227
4636655,1,2,1,47,1,1200000,1,60,3,4,0,192.511412520206
4636655,1,5,1,23,1,1500000,1,48,6,2,0,192.511412520206
4636655,1,6,1,20,1,869453,1,48,6,2,0,192.511412520206
4636656,1,1,1,39,4,3e+06,1,30,6,1,0,225.361621412771
4636657,1,1,1,70,4,7e+05,1,72,3,1,1,232.606130887381
4636657,1,2,0,65,4,1e+05,1,18,3,1,1,232.606130887381
4636657,1,3,1,31,1,1147377.625,1,48,6,5,0,232.606130887381
4636658,1,1,1,51,4,2e+05,1,48,3,1,1,216.184257120383
4636658,1,2,0,48,4,450000,1,40,3,1,1,216.184257120383
4636659,1,4,1,27,1,1046544.3125,1,48,5,5,0,221.943615078159
4636659,1,3,1,38,1,1063211,1,54,5,4,0,221.943615078159
4636660,1,1,1,40,1,869453,1,48,5,5,0,240.114439658504
4636660,1,2,0,33,1,930929.4375,1,48,5,5,0,240.114439658504
4636661,1,1,0,48,1,930929.4375,1,48,5,5,0,226.846772929605
4636662,1,1,1,27,2,2095666.75,1,40,6,5,0,224.781646364314
4636662,1,2,0,23,2,1837421.375,1,40,5,5,0,224.781646364314
4636663,1,1,0,48,4,2e+06,1,54,6,5,1,241.019616126881
4636663,1,2,0,21,1,420000,1,20,6,2,1,241.019616126881
4636663,1,3,0,28,1,4e+05,1,24,6,5,1,241.019616126881
4636664,1,1,1,44,1,1475000,1,48,6,5,0,225.361621412771
4636665,1,1,0,31,1,6375000,1,54,6,5,0,226.846772929605
4636666,1,1,1,32,1,843242,1,48,5,5,0,288.637620708365
4636667,1,1,0,23,1,927619.6875,1,48,5,5,0,235.444162173536
4636669,1,1,0,29,2,5166667,1,48,6,5,0,226.846772929605
4636670,1,3,1,23,1,1171544.375,1,48,6,4,0,266.795082289879
4636670,1,2,0,45,1,1224544.375,1,48,6,4,0,266.795082289879
4636671,1,1,1,43,4,1200000,1,50,3,2,1,240.114439658504
4636671,1,2,0,36,1,898066.6875,1,48,5,2,1,240.114439658504
4636672,1,1,1,29,1,996929.4375,1,50,5,4,0,239.023374092801
4636672,1,2,0,34,1,996929.4375,1,49,4,4,0,239.023374092801
4636673,1,1,1,33,2,5335000,1,40,6,5,0,214.699105603549
4636673,1,2,1,26,1,1949687.375,1,48,6,3,0,214.699105603549
4636674,1,1,1,33,5,5e+06,1,48,6,2,0,248.794669827598
4636675,1,1,0,54,1,8e+05,1,48,3,2,1,202.336615343028
4636676,1,1,1,35,5,1500000,1,40,5,2,1,190.500193042939
4636677,1,1,1,28,1,4695833.5,1,48,6,5,0,200.851463826193
4636677,1,2,0,24,1,3125000,1,60,6,5,0,200.851463826193
4636679,1,2,1,22,1,921119.6875,1,48,5,5,0,224.187714921904
4636679,1,1,1,25,1,1200000,1,48,5,5,0,224.187714921904
4636680,1,1,0,63,1,930929.4375,1,60,6,2,0,254.95865998979
4636680,1,2,0,36,1,956786.3125,1,60,5,2,0,254.95865998979
4636680,1,4,1,20,1,80000,1,24,5,2,1,254.95865998979
4636681,1,1,0,35,1,961953,1,48,5,4,0,226.846772929605
4636682,1,1,0,22,1,9e+05,1,48,5,3,1,260.037160685277
4636683,1,1,0,28,1,3791666.75,1,40,6,5,0,216.184257120383
4636685,1,1,0,29,4,2e+06,1,8,6,5,0,226.846772929605
4636686,1,1,0,41,1,960929.4375,1,48,5,4,0,202.336615343028
4636687,1,2,0,18,1,9e+05,1,20,5,4,1,277.229193998296
4636687,1,1,0,55,4,3e+05,1,29,6,1,1,277.229193998296
4636688,1,1,1,31,1,4500000,1,55,6,5,0,225.361621412771
4636690,1,1,1,31,1,4657000,1,40,6,5,0,225.361621412771
4636691,1,1,1,48,4,1e+06,1,48,4,1,1,199.677557335327
4636692,1,1,1,40,1,988929.4375,1,46,5,4,0,239.534464610047
4636692,1,2,0,40,1,1215544.375,1,48,5,5,0,239.534464610047
4636693,1,1,0,35,2,6e+06,1,40,6,5,0,226.846772929605
4636695,1,3,0,33,1,2583333.25,1,55,6,2,1,207.721884798809
4636695,1,1,1,66,4,2e+05,1,30,3,1,0,207.721884798809
4636695,1,2,0,54,3,866666.6875,1,48,3,1,0,207.721884798809
4636696,1,2,1,31,1,906953,1,48,6,5,0,216.184257120383
4636696,1,1,0,26,1,3720000,1,48,6,5,0,216.184257120383
4636698,1,2,1,30,1,1766544.375,1,48,6,5,0,181.011583724584
4636698,1,1,0,49,1,1459877.625,1,48,6,2,0,181.011583724584
4636698,1,3,1,28,1,1099687.375,1,48,6,2,0,181.011583724584
4636699,1,1,0,35,1,4166666.75,1,48,6,5,0,226.846772929605
4636700,1,1,0,29,1,7e+05,1,48,5,2,1,250.776955467726
4636701,1,1,0,41,4,8e+05,1,84,3,1,1,224.498959947872
4636702,1,1,0,38,3,420000,1,36,3,1,1,226.266797881148
4636702,1,2,0,18,1,1200000,1,105,5,4,1,226.266797881148
4636704,1,1,0,35,4,1300000,1,48,6,5,0,226.846772929605
4636705,1,2,0,34,1,470833.34375,1,21,6,2,1,249.603048976859
4636705,1,1,1,23,1,1173211,1,48,5,5,0,249.603048976859
4636706,1,1,0,38,1,860000,1,48,6,5,0,341.085168342347
4636707,1,2,0,38,2,7066666.5,1,40,6,5,0,240.114439658504
4636709,1,4,0,64,1,1950000,1,40,6,5,0,299.796610703746
4636709,1,6,1,35,4,6e+05,1,20,6,1,1,299.796610703746
4636709,1,7,0,25,1,160000,1,32,6,3,1,299.796610703746
4636710,1,2,0,34,1,959929.4375,1,48,5,3,0,191.674099533806
4636711,1,2,0,48,1,2e+05,1,21,3,2,1,219.528648656047
4636712,1,1,1,45,4,4500000,1,40,6,1,0,273.884802462632
4636713,1,1,1,33,4,9e+05,1,48,6,1,0,213.83644413865
4636713,1,2,0,41,4,7e+05,1,48,3,1,1,213.83644413865
4636714,1,2,1,39,4,6e+05,1,40,6,1,1,231.891138916568
4636716,1,2,1,34,1,1439877.625,1,48,6,5,0,240.197280583667
4636718,1,1,1,23,1,916666.6875,1,56,4,4,1,233.67632424026
4636719,1,3,0,28,1,3800000,1,40,6,5,0,197.059368989587
4636719,1,4,1,26,1,2e+06,1,40,6,5,0,197.059368989587
4636720,1,1,1,38,4,1e+06,1,72,5,1,1,190.500193042939
4636722,1,2,1,36,1,930929.4375,1,48,6,4,0,242.55365472579
4636722,1,1,0,59,3,842718.4375,1,48,4,1,1,242.55365472579
4636723,1,2,1,20,1,1088211,1,48,6,5,0,252.042264044145
4636724,1,1,0,55,4,3e+05,1,30,4,1,1,252.042264044145
4636724,1,2,1,24,1,949877.6875,1,48,6,2,1,252.042264044145
4636725,1,2,1,44,4,1e+07,1,60,6,1,0,240.114439658504
4636726,1,1,1,28,1,2738333.25,1,48,6,5,0,218.043497139212
4636726,1,2,0,57,3,246666.671875,1,9,5,1,0,218.043497139212
4636729,1,1,0,56,4,1800000,1,70,5,1,1,250.868357553279
4636729,1,2,1,23,1,1100000,1,48,6,5,0,250.868357553279
4636729,1,3,1,19,4,120000,1,2,6,1,1,250.868357553279
4636730,1,3,1,24,1,2e+06,1,48,6,5,0,311.476737680783
4636732,1,1,1,87,4,2500000,1,13,6,5,0,201.566455797007
4636732,1,2,0,21,3,8e+05,1,54,5,2,1,201.566455797007
4636733,1,1,0,69,3,5e+05,1,24,3,1,1,228.706012948434
4636734,1,1,1,49,4,5e+05,1,48,4,1,1,205.521741311161
4636734,1,2,0,54,1,872718.4375,1,48,4,4,0,205.521741311161
4636734,1,3,1,25,1,842718.4375,1,48,5,5,0,205.521741311161
4636735,1,3,1,20,1,660000,1,45,5,2,1,242.094740205737
4636736,1,1,0,41,1,3483000,1,50,6,3,0,226.846772929605
4636737,1,2,0,48,1,930929.4375,1,45,5,3,0,230.478160846063
4636737,1,3,1,20,1,869453,1,48,5,4,1,230.478160846063
4636737,1,4,0,29,1,930929.4375,1,48,5,5,0,230.478160846063
4636738,1,1,0,38,1,12900000,1,48,6,5,0,226.846772929605
4636739,1,1,1,30,1,1216166.625,1,72,6,5,0,288.637620708365
4636740,1,3,0,34,1,480000,1,36,5,2,1,233.376290433402
4636741,1,1,0,41,4,6e+05,1,10,5,1,1,201.162708852161
4636742,1,1,0,31,1,5261000,1,50,6,5,0,216.184257120383
4636742,1,2,1,34,1,4830000,1,30,6,5,0,216.184257120383
4636743,1,1,1,50,4,1e+06,1,66,6,2,1,191.674099533806
4636743,1,2,0,39,4,2e+06,1,66,5,2,1,191.674099533806
4636744,1,1,0,42,1,1200000,1,56,3,2,1,299.300136517587
4636746,1,1,0,62,4,50000,1,16,4,1,1,292.561987292486
4636747,1,5,1,24,1,1187377.625,1,48,5,5,0,189.326286552073
4636747,1,1,0,21,1,1354877.625,1,48,5,5,0,189.326286552073
4636750,1,2,0,53,4,350000,1,30,4,1,1,231.652067336929
4636750,1,3,0,30,1,1270211,1,48,6,5,0,231.652067336929
4636751,1,1,1,35,2,1621211,1,70,5,5,0,288.637620708365
4636751,1,2,0,34,1,1466333.375,1,45,6,5,0,288.637620708365
4636752,1,1,0,38,5,8e+05,1,48,6,2,1,202.336615343028
4636753,1,1,1,58,1,781242,1,44,3,3,0,232.606130887381
4636753,1,3,1,27,1,2666666.75,1,45,6,5,0,232.606130887381
4636754,1,1,1,23,1,1010877.6875,1,48,5,5,0,249.603048976859
4636754,1,2,0,25,1,1260711,1,40,6,4,0,249.603048976859
4636755,1,1,1,26,1,1988211,1,48,5,5,0,216.184257120383
4636755,1,2,0,26,2,1691666.625,1,68,6,5,0,216.184257120383
4636757,1,1,1,38,1,1191242,1,72,6,5,0,286.303764120586
4636759,1,1,1,46,4,1e+06,1,70,5,1,1,264.707438170245
4636759,1,2,0,42,4,4e+05,1,60,4,1,1,264.707438170245
4636760,1,2,1,39,1,4e+06,1,45,6,5,0,221.539868133314
4636760,1,3,0,36,2,1695833.375,1,30,6,5,0,221.539868133314
4636761,1,2,0,38,1,2010000,1,48,6,4,0,288.637620708365
4636762,1,1,0,35,1,2300000,1,48,6,5,0,264.707438170245
4636762,1,2,1,39,1,5700000,1,72,6,5,0,264.707438170245
4636763,1,1,0,59,3,1e+06,1,40,6,1,1,242.864899751758
4636763,1,2,0,29,1,2078211,1,40,6,5,0,242.864899751758
4636764,1,1,1,56,4,6e+05,1,48,3,1,1,226.076613383584
4636765,1,1,0,37,1,11333333,1,48,6,5,0,240.114439658504
4636765,1,2,1,39,1,4333333.5,1,48,6,3,0,240.114439658504
4636766,1,2,1,62,4,3e+05,1,40,5,1,1,233.321122858194
4636766,1,1,1,66,4,6e+05,1,48,5,1,1,233.321122858194
4636768,1,1,0,48,1,1251666.625,1,48,5,5,0,205.832986337129
4636770,1,1,1,52,5,3e+06,1,48,5,2,0,225.361621412771
4636771,1,2,0,40,1,1860000,1,40,6,5,0,255.474906302649
4636772,1,2,0,35,1,1760536.375,1,54,6,5,0,243.458831194167
4636773,1,3,1,24,1,1700000,1,40,6,3,0,189.326286552073
4636773,1,4,1,20,1,869453,1,48,6,5,0,189.326286552073
4636774,1,2,0,43,1,5208333.5,1,45,6,5,0,238.940533167637
4636774,1,1,1,44,2,3333333.25,1,48,6,5,0,238.940533167637
4636775,1,3,0,23,1,150000,1,48,6,2,1,177.82645775645
4636775,1,2,0,24,3,80000,1,16,6,1,1,177.82645775645
4636776,1,1,1,37,1,9e+05,1,48,3,2,1,225.361621412771
4636777,1,1,1,68,5,1e+06,1,48,5,2,1,243.268646696603
4636778,1,2,0,32,1,1230166.625,1,48,6,4,0,304.053254927718
4636778,1,5,0,52,4,80000,1,21,3,1,1,304.053254927718
4636778,1,1,1,34,1,1202500,1,48,6,5,0,304.053254927718
4636779,1,4,0,20,1,869453,1,48,5,3,0,166.705027427175
4636779,1,2,0,46,3,931953,1,40,3,1,0,166.705027427175
4636779,1,5,1,22,1,931953,1,48,5,3,0,166.705027427175
4636780,1,1,1,26,1,5875000,1,40,6,5,0,225.361621412771
4636782,1,1,1,31,5,4e+06,1,48,5,2,1,312.567803246486
4636783,1,1,1,26,2,1826000,1,70,6,5,0,224.781646364314
4636783,1,2,0,23,2,1800000,1,70,6,5,0,224.781646364314
4636784,1,1,1,57,2,3200000,1,40,6,5,0,226.076613383584
4636785,1,1,1,23,1,952119.6875,1,48,6,5,0,258.86325419441
4636788,1,1,0,27,1,961953,1,48,6,5,0,264.707438170245
4636788,1,2,1,28,4,3e+06,1,48,5,3,1,264.707438170245
4636789,1,1,1,30,1,1529000,1,48,5,4,0,238.940533167637
4636789,1,2,0,36,1,1200000,1,48,6,5,0,238.940533167637
4636790,1,1,1,33,3,480000,1,24,5,1,1,264.707438170245
4636791,1,3,1,32,1,921119.6875,1,48,5,5,0,204.036589794327
4636791,1,1,1,30,1,1e+06,1,84,3,2,1,204.036589794327
4636791,1,2,1,35,1,869453,1,48,3,5,0,204.036589794327
4636792,1,1,0,46,2,4e+06,1,40,6,4,0,201.162708852161
4636795,1,3,0,35,4,3e+06,1,60,6,4,0,250.703340668778
4636795,1,5,0,22,1,2e+05,1,7,6,5,1,250.703340668778
4636795,1,6,1,56,1,930929.4375,1,48,6,3,0,250.703340668778
4636796,1,1,0,37,4,3300000,1,48,6,5,0,226.846772929605
4636797,1,1,0,26,1,1288211,1,48,6,5,0,266.192589687079
4636797,1,3,0,26,1,2050000,1,48,6,5,0,266.192589687079
4636798,1,1,1,50,1,930929.4375,1,65,3,3,0,225.361621412771
4636799,1,1,0,53,5,1e+06,1,40,4,2,1,216.184257120383
4636799,1,2,1,27,1,750000,1,40,5,2,1,216.184257120383
4636800,1,1,1,62,1,8e+05,1,72,3,2,1,243.268646696603
4636800,1,2,0,59,4,150000,1,36,4,2,1,243.268646696603
4636801,1,1,1,29,4,1200000,1,84,5,1,1,240.114439658504
4636802,1,3,1,23,4,4e+05,1,60,5,1,1,213.83644413865
4636803,1,1,0,35,3,781242,1,48,6,1,0,226.846772929605
4636804,1,1,1,38,2,1791666.75,1,70,3,5,0,263.533531679378
4636804,1,2,0,35,4,8e+05,1,50,6,1,1,263.533531679378
4636805,1,1,1,25,4,5e+05,1,48,5,1,1,249.374644876055
4636805,1,2,0,22,1,888212,1,48,5,4,1,249.374644876055
4636806,1,1,1,32,2,3037500,1,40,6,5,0,225.361621412771
4636807,1,1,0,40,1,975000,1,69,5,3,0,264.127463121788
4636807,1,2,1,34,1,1296544.375,1,50,4,2,0,264.127463121788
4636807,1,3,0,18,1,6e+05,1,42,5,2,1,264.127463121788
4636808,1,1,0,58,3,5e+05,1,40,3,1,1,253.216170535012
4636809,1,1,1,60,4,50000,1,52,3,1,1,226.076613383584
4636811,1,1,0,47,1,720000,1,60,3,2,1,191.674099533806
4636811,1,2,1,49,4,6e+05,1,40,3,1,1,191.674099533806
4636812,1,1,1,35,1,999687.4375,1,50,5,4,0,229.451923849282
4636812,1,2,0,49,1,8e+05,1,58,3,3,1,229.451923849282
4636813,1,1,0,36,4,6e+05,1,32,4,1,1,249.685889902023
4636814,1,2,1,19,1,781242,1,48,5,4,1,249.603048976859
4636815,1,1,0,22,1,1388211,1,40,6,2,0,211.513979635415
4636816,1,1,1,54,4,6e+05,1,64,3,1,1,264.707438170245
4636818,1,1,1,29,4,840000,1,72,5,4,1,224.781646364314
4636820,1,2,0,31,5,1500000,1,66,5,2,0,313.230619220106
4636820,1,1,1,42,1,1625000,1,72,5,2,1,313.230619220106
4636821,1,1,1,51,4,1e+06,1,72,3,1,0,225.361621412771
4636823,1,1,1,47,1,7583333.5,1,40,6,4,0,190.500193042939
4636823,1,2,0,45,1,4333333.5,1,40,6,4,0,190.500193042939
4636826,1,1,1,40,4,6e+06,1,20,6,1,0,216.184257120383
4636828,1,2,0,35,4,1465000,1,48,6,5,0,313.230619220106
4636828,1,1,1,36,4,1520000,1,48,5,5,0,313.230619220106
4636829,1,1,1,27,1,1269877.625,1,60,5,5,0,224.187714921904
4636829,1,2,1,20,1,1041666.6875,1,48,6,5,0,224.187714921904
4636830,1,1,0,38,1,975000,1,53,4,2,1,248.429142485993
4636830,1,2,1,18,1,9e+05,1,66,5,3,1,248.429142485993
4636831,1,2,0,32,2,2200000,1,34,6,5,0,217.669408637217
4636832,1,2,0,40,3,869484,1,40,3,1,1,216.31927404274
4636833,1,1,0,22,1,896666.6875,1,48,5,4,0,260.037160685277
4636834,1,1,1,26,1,2438211,1,48,6,5,0,216.184257120383
4636834,1,2,0,26,1,1130929.375,1,48,6,4,0,216.184257120383
4636835,1,1,1,25,4,8e+05,1,48,5,4,1,200.851463826193
4636836,1,1,1,24,1,1200000,1,98,5,2,1,209.166166653683
4636836,1,2,0,18,1,1200000,1,96,5,2,1,209.166166653683
4636837,1,1,0,63,4,6e+05,1,12,6,1,1,251.462288995689
4636837,1,2,1,24,1,833333.3125,1,48,5,5,0,251.462288995689
4636837,1,3,0,24,1,1280000,1,48,6,5,0,251.462288995689
4636838,1,1,1,35,4,1e+06,1,60,4,1,1,238.940533167637
4636838,1,2,0,44,3,1200000,1,50,6,1,1,238.940533167637
4636839,1,1,1,36,4,1e+06,1,58,5,1,0,264.707438170245
4636841,1,2,1,21,1,1400000,1,48,6,5,0,224.498959947872
4636842,1,1,0,22,1,869453,1,48,5,5,0,211.513979635415
4636843,1,1,1,22,1,9e+05,1,48,4,4,1,234.27025568267
4636843,1,2,0,22,1,6e+05,1,60,6,4,1,234.27025568267
4639992,1,1,1,36,4,3e+05,1,24,5,1,1,240.197280583667
4640528,1,1,0,50,4,150000,1,12,6,1,0,202.336615343028
4640529,1,2,0,22,1,1171544.375,1,40,6,5,0,228.706012948434
4640530,1,3,1,32,4,1700000,1,40,6,1,0,220.769708587293
4640530,1,4,1,25,1,3460000,1,40,6,5,0,220.769708587293
4640530,1,5,1,23,1,2217000,1,30,6,5,0,220.769708587293
4640531,1,1,1,28,4,2300000,1,48,6,4,0,214.699105603549
4640531,1,2,1,25,4,2500000,1,40,6,3,0,214.699105603549
4640533,1,3,1,28,4,1e+06,1,77,5,1,1,155.32751964714
4640533,1,4,0,24,1,1318744.375,1,48,6,5,0,155.32751964714
4640533,1,5,1,22,1,2036877.625,1,48,6,5,0,155.32751964714
4640533,1,6,0,24,1,869453,1,40,6,5,0,155.32751964714
4642046,1,1,0,47,3,2e+05,1,9,3,2,1,240.829431629317
4642046,1,2,1,64,4,8e+05,1,20,3,1,1,240.829431629317
4642047,1,2,0,37,4,1200000,1,48,6,1,1,232.796315384946
4642049,1,2,1,34,1,1e+06,1,48,6,5,0,214.240191083496
4642050,1,1,1,29,1,1330666.625,1,60,4,5,0,288.637620708365
4642051,1,1,1,45,1,1200000,1,48,4,5,0,194.859225501939
4642051,1,2,1,25,1,1200000,1,48,5,5,0,194.859225501939
4642051,1,3,1,34,1,1200000,1,48,3,5,0,194.859225501939
4642052,1,1,1,43,4,1700000,1,40,5,1,0,191.674099533806
4642052,1,2,0,40,4,1700000,1,40,6,4,0,191.674099533806
4642053,1,3,0,20,1,930929.4375,1,48,6,5,0,140.899902821328
4642053,1,6,1,22,4,1500000,1,60,5,1,1,140.899902821328
4642054,1,1,1,22,1,1454877.625,1,60,5,3,0,210.340073144549
4642054,1,2,0,24,1,1171544.375,1,48,5,5,0,210.340073144549
4642055,1,1,1,55,4,1e+06,1,72,3,1,0,201.566455797007
4642057,1,1,1,61,4,9e+05,1,48,3,1,1,306.544645992198
4642057,1,2,0,58,4,8e+05,1,6,6,1,0,306.544645992198
4642057,1,3,0,34,1,1918333.375,1,40,6,5,0,306.544645992198
4642059,1,1,0,50,1,842718.4375,1,48,3,2,0,191.674099533806
4642059,1,2,1,39,4,1e+06,1,55,3,1,1,191.674099533806
4642059,1,3,0,22,1,781242,1,40,6,5,1,191.674099533806
4642060,1,1,0,23,1,1116119.625,1,48,6,5,0,211.513979635415
4642062,1,2,0,54,1,2812500,1,48,6,5,0,242.864899751758
4642064,1,1,0,63,4,160000,1,8,1,1,1,244.038806242624
4642064,1,2,0,28,1,975000,1,48,5,4,1,244.038806242624
4642065,1,1,1,25,1,1279877.625,1,48,6,5,0,225.361621412771
4642068,1,3,1,25,1,2e+06,1,48,6,5,0,229.534764774445
4642069,1,1,1,40,1,1400000,1,48,5,5,0,239.023374092801
4642070,1,2,1,24,4,781000,1,60,4,4,1,239.023374092801
4642070,1,3,1,29,1,720000,1,72,6,2,1,239.023374092801
4642073,1,4,1,36,5,1e+06,1,72,6,2,0,272.09869138258
4642073,1,5,0,35,1,8e+05,1,55,6,2,1,272.09869138258
4642074,1,2,1,49,4,1200000,1,48,6,1,1,289.655697881908
4642075,1,2,1,52,1,2575000,1,50,6,4,0,242.55365472579
4642076,1,1,1,48,5,1300000,1,32,5,2,0,179.837677233717
4642076,1,2,0,43,3,704166.6875,1,22,3,1,1,179.837677233717
4642077,1,1,1,36,1,1306211,1,48,5,5,0,264.044622196625
4642077,1,2,0,42,3,860000,1,40,5,1,1,264.044622196625
4642078,1,1,1,47,1,1366666.625,1,48,5,3,1,200.851463826193
4642079,1,1,1,26,1,781242,1,48,3,5,0,282.065407335654
4642079,1,2,0,28,1,869453,1,48,5,5,0,282.065407335654
4642079,2,1,1,29,1,850000,1,96,6,2,1,282.065407335654
4642080,1,1,1,37,1,1200000,1,54,1,5,0,288.637620708365
4642080,1,2,0,28,1,950000,1,66,5,2,1,288.637620708365
4642082,1,1,1,34,1,954877.6875,1,48,4,5,0,205.521741311161
4642082,1,2,0,40,1,842908.6875,1,56,5,2,1,205.521741311161
4642082,1,3,1,34,1,869453,1,70,4,4,0,205.521741311161
4642083,1,3,0,32,1,2e+05,1,4,6,1,1,256.405712704979
4642083,1,5,0,37,4,1800000,1,48,6,5,1,256.405712704979
4642083,1,6,1,40,1,955719.6875,1,48,6,5,0,256.405712704979
4642085,1,1,1,47,1,1188929.375,1,45,6,2,0,240.197280583667
4642085,1,2,0,45,1,1348294.375,1,51,6,5,0,240.197280583667
4642086,1,1,1,56,1,900908.6875,1,108,3,5,0,253.897252866937
4642087,1,1,0,52,4,2e+05,1,9,3,1,1,244.919734065828
4642087,1,2,1,55,4,9e+05,1,60,3,2,1,244.919734065828
4642087,1,3,0,29,1,1383877.625,1,48,6,5,0,244.919734065828
4642087,1,4,1,29,4,1800000,1,48,5,3,0,244.919734065828
4642088,1,1,0,60,4,140000,1,6,3,2,1,242.55365472579
4642088,1,2,1,28,1,280000,1,12,1,2,1,242.55365472579
4642089,1,1,1,55,5,5e+06,1,40,6,4,0,214.551436109464
4642089,1,2,0,49,1,1725000,1,40,6,4,0,214.551436109464
4642089,1,3,1,23,1,5e+05,1,40,6,2,1,214.551436109464
4642089,1,4,1,21,4,8e+05,1,18,6,1,1,214.551436109464
4642090,1,1,0,36,1,1078687.375,1,50,4,5,0,241.690993260891
4642090,1,2,1,19,1,30000,1,6,6,3,1,241.690993260891
4642090,1,3,0,56,3,9e+05,1,40,3,1,1,241.690993260891
4642092,1,1,1,32,4,280000,1,40,1,2,1,263.533531679378
4642092,1,2,0,32,5,360000,1,40,3,2,1,263.533531679378
4642093,1,1,1,72,4,4e+05,1,63,3,1,1,226.076613383584
4642094,1,1,0,55,1,640000,1,20,4,4,1,338.737355360614
4642094,1,2,0,28,1,1554476.375,1,60,5,5,0,338.737355360614
4642094,1,6,1,23,1,1148211,1,84,5,2,0,338.737355360614
4642096,1,1,1,55,1,1134711,1,48,3,4,0,226.076613383584
4642097,1,3,0,34,1,868333.3125,1,40,5,2,1,282.614463454077
4642098,1,1,1,60,2,1993211,1,48,6,5,0,218.758489110026
4642099,1,1,1,54,4,8e+05,1,40,6,2,1,257.306472971523
4642099,1,2,0,55,4,4e+05,1,66,5,1,1,257.306472971523
4642100,1,4,1,26,4,650000,1,40,5,1,1,196.259551000715
4642102,1,1,0,50,1,1128211,1,48,3,5,0,244.038806242624
4642103,1,2,0,20,1,350000,1,18,6,2,1,248.893477669263
4642104,1,1,0,39,4,4e+05,1,42,5,1,1,275.854651014498
4642105,1,1,1,50,4,780000,1,70,3,1,1,225.361621412771
4642106,1,1,0,44,4,1700000,1,40,6,5,0,202.336615343028
4642107,1,3,0,29,1,869454,1,48,6,5,0,228.49407327869
4642108,1,1,0,29,1,990929.4375,1,48,6,5,0,299.300136517587
4642109,1,1,1,53,1,8e+05,1,40,4,2,1,225.361621412771
4642110,1,1,1,66,4,6e+05,1,34,3,1,1,232.606130887381
4642110,1,2,0,68,4,4e+05,1,38,4,1,1,232.606130887381
4642110,1,3,1,47,4,1e+06,1,48,4,1,1,232.606130887381
4642111,1,1,1,41,1,1200000,1,48,4,2,1,247.897783554048
4642112,1,1,0,64,1,137291,1,5,5,2,0,242.55365472579
4642113,1,1,1,28,4,1200000,1,72,5,1,1,179.837677233717
4642114,1,1,0,46,3,650000,1,40,4,1,1,241.599591175338
4642114,1,2,0,28,4,1437000,1,48,6,5,0,241.599591175338
4642115,1,1,0,39,1,3110000,1,72,6,5,0,207.006892827995
4642115,1,2,1,33,1,2800000,1,40,6,5,0,207.006892827995
4642115,1,3,0,32,4,70000,1,10,6,1,1,207.006892827995
4642116,1,1,1,32,1,8e+05,1,60,6,3,1,210.203536933884
4642117,1,1,1,28,1,2158333.25,1,40,6,5,0,214.699105603549
4642117,1,2,1,26,1,1688211,1,48,6,5,0,214.699105603549
4642118,1,1,0,26,1,928619.6875,1,48,5,4,0,250.776955467726
4642119,1,1,1,39,1,4766666.5,1,45,6,5,0,215.010350629517
4642119,1,2,0,45,1,4021544.25,1,48,6,2,0,215.010350629517
4642123,1,3,0,48,1,2666666.75,1,40,6,2,0,234.091282404215
4642124,1,1,0,63,4,2600000,1,55,6,5,0,253.216170535012
4642125,1,1,1,29,1,888900,1,65,6,4,0,279.449414597125
4642125,1,2,0,28,4,5e+05,1,42,6,2,1,279.449414597125
4642125,1,4,1,28,1,878800,1,48,6,4,0,279.449414597125
4642126,1,1,1,25,1,1305711,1,48,5,5,0,224.781646364314
4642128,1,1,1,36,1,919461,1,48,6,4,0,263.533531679378
4642128,1,2,0,35,4,1020000,1,36,6,5,0,263.533531679378
4642129,1,1,1,63,4,2e+06,1,48,4,1,1,258.021464942336
4642129,1,2,0,63,1,833333.3125,1,48,3,4,0,258.021464942336
4642129,1,3,0,29,1,4e+05,1,30,6,2,1,258.021464942336
4642130,1,1,1,49,1,1880000,1,48,4,5,0,240.114439658504
4642130,1,2,0,38,3,1105500,1,45,4,1,0,240.114439658504
4642131,1,1,0,53,3,4e+05,1,36,4,1,1,226.846772929605
4642133,1,1,1,57,4,420000,1,60,3,1,1,295.219314209356
4642133,1,3,1,36,4,450000,1,40,4,1,1,295.219314209356
4642134,1,2,0,42,1,1979544.375,1,48,6,4,0,263.533531679378
4642135,1,1,0,33,4,1978000,1,48,6,5,0,250.776955467726
4642140,1,1,1,25,1,1271000,1,48,5,5,0,247.897783554048
4642142,1,1,0,46,1,998119.6875,1,48,6,5,0,226.846772929605
4642144,1,1,1,23,4,750000,1,60,6,3,1,274.1960474886
4642144,1,2,0,25,1,960929.4375,1,50,5,4,0,274.1960474886
4642145,1,1,1,47,1,781242,1,60,5,2,1,262.359625188512
4642145,1,2,0,45,2,1498666.625,1,72,5,5,0,262.359625188512
4642147,1,1,1,41,5,1400000,1,48,5,2,1,240.197280583667
4642147,1,2,0,36,1,1762711,1,48,6,4,0,240.197280583667
4642150,1,1,0,48,4,1e+06,1,72,3,1,1,225.672866438739
4642150,1,2,1,18,5,350000,1,4,6,2,1,225.672866438739
4642151,1,1,0,47,1,1151666.625,1,40,5,4,0,216.495502146351
4642151,1,2,0,26,1,888000,1,40,5,5,0,216.495502146351
4642151,1,3,1,22,1,9e+05,1,48,5,2,1,216.495502146351
4642152,1,2,0,32,1,930453,1,48,6,2,0,188.787181165577
4642152,1,4,0,28,1,869453,1,48,6,2,0,188.787181165577
4642152,1,6,0,23,1,9e+05,1,48,5,3,0,188.787181165577
4642152,1,7,0,52,4,420000,1,30,3,1,1,188.787181165577
4642153,1,1,0,21,1,909453,1,48,6,4,0,211.513979635415
4642154,1,1,1,33,1,7e+05,1,30,5,4,1,205.521741311161
4642154,1,3,1,35,1,1250000,1,48,5,2,0,205.521741311161
4642155,1,1,1,26,1,888211,1,66,3,5,0,225.361621412771
4642156,1,1,1,34,1,903211,1,48,4,5,0,225.361621412771
4642158,1,2,0,63,4,8e+05,1,48,3,1,1,242.55365472579
4642159,1,3,0,35,4,2e+06,1,48,6,5,0,270.997884094403
4642161,1,2,1,52,1,8e+05,1,48,3,2,1,239.61730553521
4642161,1,3,0,21,1,888211,1,48,6,5,0,239.61730553521
4642161,1,4,0,19,1,918211,1,48,6,5,0,239.61730553521
4642162,1,1,1,24,1,1178687.375,1,48,5,4,0,234.27025568267
4642162,1,2,0,23,1,1441666.625,1,40,5,4,1,234.27025568267
4642163,1,1,1,33,2,2666666.75,1,63,5,5,0,264.044622196625
4642163,1,2,0,42,4,4e+05,1,20,5,2,1,264.044622196625
4642164,1,1,1,21,1,1109666.625,1,60,5,2,0,298.126230026721
4642164,1,2,0,25,1,934666.6875,1,56,5,3,0,298.126230026721
4642165,1,1,1,25,1,208211,1,48,6,3,0,200.851463826193
4642167,1,1,0,35,1,1345333.375,1,48,6,2,0,201.162708852161
4642168,1,1,1,33,4,8e+05,1,48,5,4,1,216.184257120383
4642168,1,2,0,26,1,8e+05,1,40,6,4,1,216.184257120383
4642169,1,2,1,39,1,1088211,1,48,4,5,0,229.451923849282
4642169,1,3,1,26,1,1190711,1,48,5,5,0,229.451923849282
4642170,1,1,1,38,1,3233333.25,1,48,6,5,0,240.114439658504
4642170,1,2,0,38,2,5641666.5,1,40,6,5,0,240.114439658504
4642171,1,1,1,56,1,1360000,1,48,4,5,0,226.076613383584
4642173,1,2,1,52,4,1200000,1,72,6,1,1,215.414097574362
4642174,1,1,1,44,1,1376666.625,1,48,6,5,0,215.010350629517
4642174,1,2,0,31,1,10158000,1,48,6,4,0,215.010350629517
4642177,1,2,0,45,1,869453,1,40,5,3,0,190.500193042939
4642179,1,1,0,39,4,3e+05,1,36,5,1,1,241.690993260891
4642180,1,2,1,25,1,884166.6875,1,45,5,5,0,249.083172229587
4642180,1,4,1,36,1,1245211,1,48,6,5,0,249.083172229587
4642182,1,3,0,36,1,843742,1,48,5,4,0,262.774583352467
4642182,1,4,0,44,4,1300000,1,48,6,4,0,262.774583352467
4642182,1,5,1,44,4,5e+05,1,48,5,1,1,262.774583352467
4642183,1,3,0,21,1,1200000,1,48,6,4,0,218.35474216518
4642184,1,1,0,29,1,1e+06,1,60,5,2,1,202.336615343028
4642184,1,2,0,24,1,9e+05,1,54,5,2,1,202.336615343028
4642185,1,1,1,27,1,940877.6875,1,48,5,5,0,214.699105603549
4642186,1,1,0,44,1,996666.6875,1,96,5,2,0,268.797740606756
4642186,1,4,0,27,1,781242,1,40,6,5,1,268.797740606756
4642187,1,1,0,39,4,8e+05,1,40,5,1,1,226.266797881148
4642188,1,1,1,34,5,1e+06,1,60,6,2,1,225.361621412771
4642189,1,1,1,37,1,975000,1,60,4,5,0,200.851463826193
4642190,1,1,0,42,4,2e+06,1,72,6,1,0,226.846772929605
4642191,1,1,0,72,4,3e+05,1,24,3,1,1,281.899471483264
4642191,1,3,1,34,1,1017211,1,48,4,4,0,281.899471483264
4642192,1,1,1,52,1,1408333.375,1,60,3,3,0,196.669578438694
4642192,1,2,0,48,4,1e+06,1,60,3,1,1,196.669578438694
4642192,2,2,0,21,1,8e+05,1,48,5,3,1,196.669578438694
4642192,2,4,0,19,1,8e+05,1,50,5,3,1,196.669578438694
4642193,1,1,1,51,1,938211,1,48,5,2,0,240.114439658504
4642194,1,1,1,59,4,1300000,1,84,4,3,1,263.751389526898
4642194,1,2,0,43,4,6e+05,1,36,5,1,1,263.751389526898
4642194,1,4,1,19,1,450000,1,48,5,3,1,263.751389526898
4642195,1,2,1,42,1,833333.3125,1,48,5,5,0,242.55365472579
4642196,1,1,1,49,4,1e+06,1,45,5,2,1,190.500193042939
4642196,1,2,0,49,4,1e+06,1,45,4,2,1,190.500193042939
4642196,1,4,0,21,1,640000,1,48,5,2,1,190.500193042939
4642199,1,2,1,34,1,869453,1,48,5,2,0,230.717232425701
4642201,1,1,1,50,5,7e+05,1,70,3,2,1,225.361621412771
4642203,1,2,0,44,1,1388333.375,1,48,6,5,0,191.215185013753
4642204,1,1,0,53,5,4e+05,1,40,4,2,1,192.389091504619
4642204,1,2,1,56,4,6e+05,1,60,3,1,0,192.389091504619
4642205,1,2,1,62,1,1e+06,1,80,3,2,1,232.606130887381
4642205,1,3,1,34,4,1500000,1,52,6,1,1,232.606130887381
4642206,1,1,1,34,1,1e+06,1,48,6,2,1,264.707438170245
4642206,1,2,0,33,1,1133333.375,1,60,6,5,0,264.707438170245
4642207,1,1,1,41,1,1184877.625,1,60,5,5,0,264.707438170245
4642207,1,2,0,42,1,640000,1,54,5,3,1,264.707438170245
4642208,1,1,1,51,1,9e+05,1,50,3,3,1,225.361621412771
4642209,1,3,1,24,1,931953,1,48,5,4,0,242.094740205737
4642210,1,1,0,22,1,1054877.625,1,48,6,5,0,187.003822048838
4642211,1,1,1,77,4,20000,1,9,1,1,1,205.748160319071
4642211,1,3,1,43,1,869453,1,72,4,4,0,205.748160319071
4642211,1,5,0,23,1,869453,1,48,6,5,0,205.748160319071
4642211,1,6,1,24,1,930929.4375,1,48,6,5,0,205.748160319071
4642212,1,2,1,63,4,6e+05,1,76,5,1,1,158.701569625654
4642212,1,4,0,21,1,8e+05,1,48,6,2,0,158.701569625654
4642213,1,2,0,39,1,869453,1,48,5,5,0,213.83644413865
4642214,1,1,1,23,1,1116544.375,1,48,5,3,0,233.67632424026
4642214,1,2,1,18,1,885286.3125,1,48,4,3,0,233.67632424026
4642216,1,1,1,51,4,7e+05,1,48,5,1,0,225.361621412771
4642217,1,1,0,26,3,960000,1,48,5,1,1,264.707438170245
4642217,1,2,1,29,4,6e+05,1,24,4,1,1,264.707438170245
4642218,1,1,0,26,1,1007687.4375,1,48,5,2,0,313.230619220106
4642218,1,2,1,31,1,994119.6875,1,48,6,5,0,313.230619220106
4642219,1,1,0,50,5,5e+05,1,72,4,2,1,217.669408637217
4642219,1,2,0,31,4,1e+06,1,82,6,1,1,217.669408637217
4642220,1,1,1,24,1,975000,1,48,6,5,0,249.603048976859
4642220,1,2,0,26,1,750000,1,36,6,5,0,249.603048976859
4642221,1,1,1,73,4,3e+05,1,20,3,1,1,232.606130887381
4642222,1,1,1,49,1,1863333.375,1,48,5,5,0,214.513216506223
4642222,1,5,0,24,4,8e+05,1,48,5,2,1,214.513216506223
4642223,1,1,1,49,4,1400000,1,48,3,1,1,191.674099533806
4642223,1,3,0,20,1,9e+05,1,48,6,4,0,191.674099533806
4642225,1,1,1,63,1,3500000,1,48,6,5,0,215.145367551873
4642225,1,3,0,22,1,1066544.375,1,40,6,4,0,215.145367551873
4642227,1,1,0,25,1,890000,1,48,6,5,0,226.846772929605
4642228,1,3,1,37,2,3765000,1,50,5,5,0,211.281099268937
4642228,1,4,1,28,1,7e+05,1,48,6,2,1,211.281099268937
4642228,1,5,1,28,1,3250000,1,48,6,2,0,211.281099268937
4642229,1,1,1,52,1,1239877.625,1,48,4,5,0,225.361621412771
4642230,1,1,1,29,1,847742,1,48,5,5,0,240.114439658504
4642230,1,2,0,31,1,881075.3125,1,48,5,5,0,240.114439658504
4642231,1,1,1,30,1,934666.6875,1,43,5,5,0,249.291803950892
4642232,1,1,1,52,4,3e+05,1,48,4,1,1,238.940533167637
4642232,1,2,0,40,4,1500000,1,48,6,5,0,238.940533167637
4642233,1,1,0,37,1,750000,1,72,5,4,1,216.184257120383
4642235,1,2,0,25,1,869453,1,48,5,5,0,288.637620708365
4642236,1,1,0,39,4,60000,1,20,6,1,1,214.43037558106
4642236,1,3,1,19,1,840000,1,48,5,2,1,214.43037558106
4642237,1,1,1,63,1,1300000,1,72,3,2,0,225.079853964219
4642237,1,3,1,32,1,2483333.25,1,55,5,5,0,225.079853964219
4642237,1,4,0,30,1,1020000,1,60,5,2,1,225.079853964219
4642237,1,6,0,29,1,1959877.625,1,48,6,5,0,225.079853964219
4642237,1,7,1,31,1,1703544.375,1,48,5,5,0,225.079853964219
4642238,1,2,1,40,1,930929.4375,1,48,6,5,0,242.55365472579
4642239,1,2,0,64,4,1e+05,1,42,3,1,0,243.268646696603
4642240,1,1,1,55,2,1677000,1,45,5,5,0,192.389091504619
4642241,1,2,0,37,1,8e+05,1,72,5,2,1,218.35474216518
4642241,1,4,1,18,1,869453,1,48,5,5,0,218.35474216518
4642242,1,1,0,29,1,869453,1,48,5,5,0,226.846772929605
4642243,1,1,1,55,4,1200000,1,48,4,1,1,224.902706892718
4642243,1,2,1,21,1,1390000,1,44,6,4,0,224.902706892718
4642244,1,1,1,53,1,1409687.375,1,82,3,5,0,133.476420068263
4642244,1,3,0,26,1,781242,1,48,6,5,0,133.476420068263
4642244,1,4,0,24,1,1741544.375,1,48,5,5,0,133.476420068263
4642246,1,1,1,35,1,8e+05,1,48,6,2,1,215.978814720651
4642246,1,2,0,44,1,4e+05,1,48,6,2,1,215.978814720651
4642246,1,3,1,25,1,9e+05,1,48,5,2,1,215.978814720651
4642247,1,1,0,32,1,902718.4375,1,45,5,5,0,235.220088552515
4642247,1,2,1,35,1,2330000,1,72,4,2,0,235.220088552515
4642248,1,1,1,32,1,936119.6875,1,48,6,5,0,210.841509487186
4642248,1,2,0,21,1,812500,1,48,6,4,0,210.841509487186
4642248,1,3,0,30,1,843742,1,48,5,5,0,210.841509487186
4642250,1,1,1,39,1,950000,1,72,4,2,1,239.534464610047
4642250,1,2,0,37,3,576000,1,36,5,1,1,239.534464610047
4642251,1,1,0,31,1,872075.3125,1,48,5,4,0,226.266797881148
4642252,1,1,1,54,4,9e+05,1,90,5,1,1,203.173928329428
4642252,1,4,1,22,1,1400000,1,40,6,5,0,203.173928329428
4642254,1,1,1,23,1,1160000,1,50,5,5,0,234.850230731126
4642255,1,1,0,48,4,3e+05,1,48,5,1,1,225.672866438739
4642256,1,1,1,49,1,930929.4375,1,48,3,2,0,242.55365472579
4642257,1,1,1,52,4,5e+05,1,48,4,1,1,264.127463121788
4642257,1,2,0,32,3,172000,1,9,3,1,1,264.127463121788
4642258,1,2,0,35,1,869453,1,48,6,5,0,216.184257120383
4642259,1,1,0,51,1,806250,1,48,5,5,0,193.15925105064
4642259,1,2,0,26,1,806250,1,48,5,3,0,193.15925105064
4642259,1,3,0,19,1,906250,1,48,5,4,0,193.15925105064
4642263,1,2,1,45,4,6e+05,1,48,6,1,1,221.228623107346
4642263,1,3,1,33,1,781242,1,48,5,2,1,221.228623107346
4642263,1,4,1,31,1,869453,1,48,5,5,0,221.228623107346
4642264,1,1,1,59,1,888700,1,50,3,3,0,224.902706892718
4644932,1,1,1,48,4,1100000,1,77,5,1,1,213.077495811739
4644932,1,3,1,22,1,3e+06,1,48,6,3,1,213.077495811739
4644932,1,5,1,59,4,1500000,1,48,4,1,1,213.077495811739
4644932,1,6,0,53,1,930929.4375,1,48,3,3,0,213.077495811739
4644934,1,3,1,34,1,1227377.625,1,48,5,4,0,319.267242333118
4644934,1,7,1,24,1,1488211,1,48,6,4,0,319.267242333118
4644935,1,1,1,43,1,958036.3125,1,48,4,5,0,264.707438170245
4644935,1,2,0,50,1,959929.4375,1,48,4,5,0,264.707438170245
4644937,1,1,1,30,1,2687500,1,48,6,3,0,214.699105603549
4644937,1,2,1,29,1,2875000,1,60,6,4,0,214.699105603549
4644938,1,1,1,33,4,5e+05,1,29,4,1,1,215.68712299709
4644938,1,2,0,37,4,6e+05,1,14,5,2,1,215.68712299709
4644939,1,3,1,50,5,3e+06,1,48,6,2,1,266.332338093791
4644940,2,1,1,35,4,8e+05,1,72,5,1,0,236.696433323892
4644940,2,2,0,35,1,968211,1,48,5,5,0,236.696433323892
4644943,1,1,0,32,4,9e+06,1,50,6,4,0,247.469206832296
4644944,1,1,1,39,4,5e+06,1,48,6,1,1,304.025560221771
4644944,1,2,0,38,1,3310000,1,48,6,3,0,304.025560221771
4645906,1,1,1,59,4,8e+05,1,48,5,1,1,226.076613383584
4647635,1,1,1,28,4,8e+05,1,72,5,1,1,224.781646364314
4647635,1,2,0,23,4,3e+05,1,30,5,1,1,224.781646364314
4647637,1,1,0,39,4,9e+05,1,40,5,1,1,225.672866438739
4647637,1,2,1,22,1,4e+05,1,24,6,2,1,225.672866438739
4647639,1,1,1,22,1,869453,1,48,4,4,0,306.723619270652
4647640,1,1,0,55,4,6e+05,1,40,1,1,1,228.706012948434
4647642,1,1,0,35,1,1200000,1,48,6,5,0,226.846772929605
4647643,1,1,1,59,1,1933333.375,1,48,6,5,0,226.076613383584
4647645,1,1,1,36,4,3600000,1,40,6,5,0,225.361621412771
4647646,1,1,1,50,4,7e+05,1,60,3,1,1,214.699105603549
4647646,1,2,1,25,4,3e+05,1,40,3,1,1,214.699105603549
4647647,1,1,1,47,4,1200000,1,40,6,1,0,225.361621412771
4647648,1,1,1,64,4,2e+06,1,30,6,1,1,243.268646696603
4647648,1,2,0,57,2,2e+07,1,55,6,5,0,243.268646696603
4647649,1,1,1,21,1,869453,1,48,5,5,0,234.27025568267
4647650,1,1,1,42,4,4e+05,1,43,4,3,1,199.677557335327
4647650,1,2,1,18,4,8e+05,1,43,5,3,1,199.677557335327
4647651,1,1,1,48,5,320000,1,48,4,2,1,181.011583724584
4647651,1,3,1,26,1,1100000,1,40,6,3,0,181.011583724584
4647652,1,1,1,38,4,1500000,1,82,6,1,0,288.637620708365
4647652,1,2,0,28,1,4e+05,1,24,6,5,1,288.637620708365
4647653,1,1,0,66,3,5e+05,1,24,4,1,1,209.581124817638
4647653,1,2,0,37,1,869453,1,48,5,3,0,209.581124817638
4647653,1,4,1,63,4,3e+05,1,38,6,1,0,209.581124817638
4647654,1,3,1,38,4,1200000,1,48,6,1,0,232.606130887381
4647655,1,1,0,48,4,480000,1,24,3,1,1,216.184257120383
4647656,1,1,1,58,4,4e+05,1,32,3,1,1,174.034362919844
4647656,1,3,0,29,1,1358211,1,45,6,5,0,174.034362919844
4647656,1,4,0,26,1,1438211,1,43,6,3,0,174.034362919844
4647658,1,1,0,43,1,1100000,1,60,5,4,1,226.846772929605
4647660,1,1,1,59,4,2e+05,1,40,4,1,1,203.888920300242
4647660,1,2,0,52,1,1120000,1,56,1,3,1,203.888920300242
4647660,1,4,1,24,1,1154583.375,1,56,3,2,1,203.888920300242
4647661,1,3,1,37,1,930929.4375,1,48,5,5,0,238.181584840726
4647661,1,4,0,36,1,1120444.375,1,48,5,5,0,238.181584840726
4647662,1,1,1,32,4,1e+06,1,75,5,1,0,273.304827414176
4647663,1,1,1,25,1,8116544.5,1,54,6,4,0,200.851463826193
4647664,1,1,1,50,4,1200000,1,48,5,2,1,225.361621412771
4647665,1,1,1,35,4,2e+06,1,48,6,2,1,225.361621412771
4647666,1,1,1,46,1,930929.4375,1,48,3,5,0,167.163941947228
4647666,1,3,0,20,1,869453,1,48,6,5,0,167.163941947228
4647667,1,2,1,51,1,1100000,1,40,5,3,0,242.55365472579
4647668,1,1,0,66,4,6e+05,1,84,3,1,1,246.726798087464
4647668,1,2,1,36,2,2286044.5,1,48,5,5,0,246.726798087464
4647668,1,3,0,32,4,1300000,1,45,6,4,0,246.726798087464
4647668,1,6,1,32,2,2856877.75,1,48,6,5,0,246.726798087464
4647669,1,2,0,68,4,6e+05,1,60,3,2,1,223.428766594993
4647669,1,3,1,40,1,931953,1,48,4,4,0,223.428766594993
4647670,1,1,0,28,1,958211,1,48,5,5,0,264.707438170245
4647670,1,2,1,34,4,1300000,1,50,5,1,0,264.707438170245
4647671,1,2,0,51,4,1e+05,1,8,5,1,1,244.038806242624
4647672,1,1,1,54,4,9e+05,1,44,3,1,1,224.187714921904
4647672,1,2,1,22,4,3e+05,1,44,5,1,1,224.187714921904
4647673,1,1,1,28,1,1113333.375,1,72,3,2,1,249.374644876055
4647674,1,3,1,38,1,1784877.625,1,48,6,5,0,246.267883567411
4647674,1,4,0,33,1,1500000,1,48,6,5,0,246.267883567411
4647674,2,1,1,24,4,1300000,1,16,6,1,1,246.267883567411
4647675,1,1,0,44,1,10366667,1,50,6,5,0,216.184257120383
4647675,1,2,1,48,1,3108333.25,1,42,6,4,0,216.184257120383
4647676,1,1,0,58,4,350000,1,20,3,1,1,227.532106457568
4647676,1,3,0,19,1,60000,1,8,4,2,1,227.532106457568
4647677,1,1,0,35,1,985619.6875,1,48,3,4,0,223.325053457006
4647677,1,2,1,22,1,1054877.625,1,72,5,5,0,223.325053457006
4647679,1,1,1,44,1,931119.6875,1,48,4,2,1,249.374644876055
4647680,1,1,0,39,1,4750000,1,48,6,5,0,226.846772929605
4647684,1,1,1,19,1,3e+05,1,42,6,2,1,234.850230731126
4647685,1,1,1,52,4,1500000,1,60,3,1,0,167.163941947228
4647686,1,2,1,25,1,926119.6875,1,48,6,4,0,242.55365472579
4647687,1,2,0,48,1,781242,1,48,5,4,1,262.359625188512
4647688,1,1,1,57,4,1200000,1,30,6,1,0,242.094740205737
4647688,1,2,0,55,1,1279877.625,1,48,6,5,0,242.094740205737
4647690,1,1,1,44,4,5e+06,1,48,6,3,0,216.184257120383
4647690,1,2,0,30,2,4500000,1,40,6,5,0,216.184257120383
4647691,1,1,0,36,4,1e+06,1,48,3,2,1,237.766626676771
4647691,1,2,1,37,4,780000,1,48,3,1,0,237.766626676771
4647692,1,2,0,38,1,1266211,1,48,6,5,0,292.561987292486
4647693,1,2,1,49,4,2e+06,1,48,6,1,1,242.55365472579
4647694,1,1,1,40,1,1221200,1,48,5,4,0,263.533531679378
4647694,1,3,1,19,1,869453,1,48,5,2,1,263.533531679378
4647696,1,3,0,31,4,5e+06,1,30,6,5,0,207.721884798809
4647697,1,1,1,60,4,1e+05,1,4,6,1,1,218.758489110026
4647697,1,3,0,24,1,1800000,1,48,6,5,0,218.758489110026
4647698,1,3,1,22,1,869453,1,48,5,5,0,224.498959947872
4647699,1,1,1,30,1,1400000,1,77,5,2,1,192.511412520206
4647699,1,2,0,27,1,1064000,1,70,5,2,1,192.511412520206
4647699,1,3,1,28,1,1200000,1,70,5,5,1,192.511412520206
4647699,1,4,1,22,1,770000,1,60,5,2,1,192.511412520206
4647699,1,5,1,19,1,9e+05,1,52,5,3,1,192.511412520206
4647699,1,6,1,52,1,6e+05,1,68,6,3,1,192.511412520206
4647701,1,1,1,41,4,1500000,1,48,6,1,1,264.127463121788
4647701,1,2,0,30,1,1979166.625,1,48,6,4,0,264.127463121788
4647701,1,5,0,24,1,1250000,1,48,6,4,0,264.127463121788
4647702,1,2,0,47,4,1200000,1,24,6,5,0,191.674099533806
4647703,1,1,0,48,1,2841666.75,1,48,5,5,0,182.496735241418
4647703,1,2,1,49,1,917377.6875,1,48,4,4,0,182.496735241418
4647703,1,3,0,26,1,1.5e+07,1,48,6,2,0,182.496735241418
4647704,1,2,0,32,4,790000,1,8,5,1,1,256.352409421071
4647705,1,1,1,45,1,5416666.5,1,40,6,5,0,304.34450250455
4647705,1,5,1,50,4,2e+06,1,48,5,1,1,304.34450250455
4647706,1,2,0,58,4,4e+05,1,40,5,1,1,231.432224396515
4647706,1,3,1,24,1,2508333.25,1,54,6,5,0,231.432224396515
4647706,1,4,1,37,2,1897666.75,1,80,6,5,0,231.432224396515
4647708,1,1,1,34,4,3e+06,1,48,6,5,0,240.114439658504
4647708,1,2,0,32,1,961953,1,40,6,5,0,240.114439658504
4647709,1,1,1,31,1,1388211,1,48,6,5,0,214.699105603549
4647710,1,1,1,56,1,1321544.375,1,48,5,5,0,231.432224396515
4647710,1,2,0,56,2,1538211,1,40,6,5,0,231.432224396515
4647710,1,3,1,27,1,781242,1,40,6,3,0,231.432224396515
4647712,1,1,1,45,4,3e+05,1,48,3,1,1,213.83644413865
4647713,1,1,1,47,1,993953,1,48,3,5,0,215.604282071926
4647713,1,2,0,37,1,930929.4375,1,50,5,5,0,215.604282071926
4647714,1,3,0,30,1,901119.6875,1,54,6,4,0,198.544520506421
4647714,1,4,0,26,1,919453,1,40,6,4,0,198.544520506421
4647715,1,1,1,52,4,8e+05,1,48,6,1,1,264.707438170245
4647716,1,1,0,47,1,1873666.625,1,50,6,5,0,215.010350629517
4647716,1,2,1,49,1,540000,1,9,6,4,1,215.010350629517
4647717,1,1,1,55,4,1800000,1,48,6,5,0,166.705027427175
4647717,1,2,0,43,3,4e+05,1,24,5,1,1,166.705027427175
4647718,1,1,0,45,4,3e+05,1,40,4,1,1,226.846772929605
4647719,1,1,1,46,4,7e+05,1,50,3,1,1,180.552669204531
4647720,1,3,1,32,1,1350000,1,45,6,3,0,232.606130887381
4647722,1,1,1,63,4,9e+05,1,66,3,1,0,259.286773518756
4647724,1,1,1,58,2,3467000,1,40,6,5,0,328.781270361816
4647724,1,2,0,54,4,25000,1,7,6,1,1,328.781270361816
4647724,1,4,0,28,1,4e+05,1,24,5,2,1,328.781270361816
4647726,1,1,1,58,4,3e+06,1,48,6,2,1,253.752142786234
4647726,1,2,0,55,3,1e+06,1,24,6,1,1,253.752142786234
4647727,1,2,1,24,1,1713211,1,48,6,4,0,225.672866438739
4647728,1,1,1,52,1,1925000,1,58,5,5,0,235.204671351192
4647728,1,2,0,49,1,3336666.75,1,40,6,5,0,235.204671351192
4647729,1,1,1,26,3,960919.6875,1,45,6,2,0,268.797740606756
4647729,1,5,1,40,1,1085011,1,60,5,4,0,268.797740606756
4647730,1,2,0,57,4,2e+05,1,12,5,1,1,255.372308077326
4647730,1,3,0,29,1,5150000,1,45,6,5,0,255.372308077326
4647731,1,2,1,43,1,1530000,1,55,6,5,0,242.55365472579
4647732,1,2,1,57,1,1024877.6875,1,48,4,5,0,243.268646696603
4647735,1,1,1,46,4,8e+06,1,40,6,1,1,260.662399819241
4647738,1,1,1,55,1,6991667,1,79,6,5,0,206.236733281974
4647740,1,1,0,49,4,5e+05,1,40,1,1,1,206.426917779539
4647740,1,3,0,27,1,5e+05,1,48,5,2,1,206.426917779539
4647741,1,1,1,51,4,1200000,1,72,6,1,1,222.71377462418
4647741,1,3,1,26,4,1500000,1,42,6,1,1,222.71377462418
4647743,1,1,1,41,1,6e+05,1,54,3,2,1,225.361621412771
4647744,1,1,1,60,4,1500000,1,48,6,1,1,262.813388241251
4647744,1,2,0,49,1,4393333.5,1,48,6,5,0,262.813388241251
4647745,1,1,0,48,4,450000,1,68,1,1,1,215.010350629517
4647747,1,1,1,30,5,250000,1,48,5,2,1,240.114439658504
4647747,1,2,0,42,4,4500000,1,30,6,2,0,240.114439658504
4647748,1,1,0,42,4,5e+05,1,48,6,1,0,264.943527001918
4647749,1,1,1,30,1,2525000,1,48,5,5,0,216.184257120383
4647749,1,2,0,29,1,1813211,1,48,6,5,0,216.184257120383
4647751,1,1,0,45,4,4e+06,1,40,6,1,0,260.662399819241
4647751,1,2,1,46,2,9483334,1,60,6,5,0,260.662399819241
4647753,1,1,1,40,4,480000,1,84,3,1,1,225.361621412771
4647755,1,1,0,47,4,1100000,1,56,5,4,1,201.162708852161
4647755,1,2,1,23,4,1e+06,1,84,5,1,1,201.162708852161
4647755,1,3,0,19,1,4e+05,1,15,5,4,1,201.162708852161
4647758,1,1,1,61,2,9250000,1,48,6,5,0,183.211727212231
4647758,1,2,0,49,4,2400000,1,48,6,5,0,183.211727212231
4647758,1,3,0,28,4,2200000,1,48,6,5,0,183.211727212231
4647759,1,3,1,38,2,2010000,1,72,5,5,0,286.216192927685
4647759,1,6,0,23,1,930000,1,48,5,5,0,286.216192927685
4647760,1,1,1,52,1,1333544.375,1,45,3,5,0,167.163941947228
4647761,1,1,1,69,4,8e+05,1,72,3,1,1,191.215185013753
4647761,1,2,0,47,2,1609044.375,1,48,6,5,0,191.215185013753
4647761,1,3,1,24,1,550000,1,20,6,2,1,191.215185013753
4647761,1,4,0,21,1,954877.6875,1,40,5,5,0,191.215185013753
4647763,1,1,1,51,5,4e+06,1,60,6,4,0,191.094124485349
4647763,1,2,0,46,5,4e+06,1,48,6,4,0,191.094124485349
4647765,1,1,0,37,1,1221544.375,1,48,5,5,0,226.266797881148
4647766,1,1,1,50,1,1500000,1,40,6,3,1,216.184257120383
4647768,1,1,1,31,4,8e+05,1,40,3,1,1,313.230619220106
4647770,1,1,1,38,1,1238211,1,48,5,5,0,195.574217472752
4647770,1,2,1,26,1,1609877.625,1,40,6,5,0,195.574217472752
4647770,1,3,0,25,1,1700000,1,49,6,5,0,195.574217472752
4647774,1,1,1,62,4,3e+06,1,48,6,2,0,234.091282404215
4647774,1,2,0,63,1,4800000,1,48,6,5,0,234.091282404215
4647774,1,3,0,28,1,2275000,1,54,6,2,0,234.091282404215
4647775,1,1,1,50,2,4275000,1,48,6,5,0,216.184257120383
4647775,1,2,0,35,1,2e+06,1,70,6,2,1,216.184257120383
4647776,1,1,0,69,4,750000,1,60,4,2,1,231.028477451669
4647776,1,2,1,43,3,1419877.625,1,48,6,1,0,231.028477451669
4647776,1,3,0,40,1,1100000,1,72,5,3,1,231.028477451669
4647776,1,4,1,21,1,1845000,1,48,6,5,0,231.028477451669
4647776,1,5,1,20,1,1600000,1,66,6,4,0,231.028477451669
4647777,1,1,0,39,4,9e+05,1,42,5,1,1,202.336615343028
4647778,1,1,1,46,1,1322544.375,1,60,4,4,0,224.187714921904
4647778,1,2,1,19,1,720000,1,48,5,2,1,224.187714921904
4647781,1,1,1,61,1,8500000,1,72,3,5,0,198.918609008416
4647781,1,3,0,36,4,3824000,1,37,6,5,0,198.918609008416
4647782,1,2,0,22,3,866666.6875,1,60,5,1,1,225.496638335127
4647783,1,1,1,57,5,3e+06,1,48,6,2,0,181.726575695397
4647783,1,2,0,54,1,2166666.75,1,48,6,2,0,181.726575695397
4647783,1,3,1,26,1,4250000,1,48,6,5,0,181.726575695397
4647784,1,1,1,37,4,1e+06,1,40,4,1,1,164.816128965495
4647784,1,2,0,36,1,1008211,1,56,4,4,0,164.816128965495
4647785,1,1,0,51,4,1e+07,1,48,6,1,0,240.197280583667
4647787,1,1,1,67,1,6e+05,1,48,4,2,1,322.789032037561
4647787,1,2,0,52,3,250000,1,32,3,1,1,322.789032037561
4647787,1,4,0,29,1,960000,1,48,5,5,0,322.789032037561
4647787,1,5,1,43,1,1555833.375,1,58,5,5,0,322.789032037561
4647788,1,2,0,43,1,23333334,1,50,6,5,0,191.674099533806
4647789,1,1,1,63,4,1e+06,1,40,6,1,1,303.283095381697
4647789,1,2,0,34,1,3575000,1,45,6,5,0,303.283095381697
4647789,1,3,1,35,4,1600000,1,50,6,5,0,303.283095381697
4647791,1,1,1,50,4,9e+05,1,55,3,1,1,215.604282071926
4647791,1,2,0,50,4,2e+05,1,24,4,1,1,215.604282071926
4647792,1,2,1,37,1,869453,1,48,5,4,0,204.75158176514
4647792,1,3,1,33,1,869453,1,48,5,3,0,204.75158176514
4647793,1,2,0,55,4,5e+05,1,55,6,1,1,159.84581767367
4647793,2,1,0,35,1,869453,1,48,5,5,0,159.84581767367
4647794,1,3,1,43,4,750000,1,48,4,1,1,232.606130887381
4647795,1,2,0,39,4,6e+05,1,50,4,1,1,190.500193042939
4647798,1,1,0,34,1,1020929.4375,1,48,5,5,0,202.336615343028
4647799,1,5,0,23,1,869453,1,48,5,5,0,233.511307355759
4647800,1,2,0,50,1,898619.6875,1,48,5,5,0,180.431608676127
4647800,1,4,1,26,1,1169377.625,1,48,5,5,0,180.431608676127
4647800,1,5,0,20,3,8e+05,1,48,3,2,1,180.431608676127
4647801,1,2,0,54,1,960929.4375,1,48,3,4,0,216.184257120383
4647802,1,1,1,38,4,6e+05,1,50,4,1,1,190.500193042939
4647803,1,1,0,39,4,8e+05,1,48,5,2,1,226.846772929605
4647804,1,2,0,35,1,7e+05,1,40,5,2,1,288.948865734333
4647805,1,1,1,28,1,1080929.375,1,48,4,4,0,281.899471483264
4647805,1,2,0,27,1,869453,1,48,6,5,0,281.899471483264
4647806,1,1,1,43,1,930929.4375,1,48,5,4,0,216.184257120383
4647806,1,2,0,37,1,930929.4375,1,48,5,5,0,216.184257120383
4647807,1,1,0,56,3,931119.6875,1,48,3,1,0,231.891138916568
4647807,1,2,1,53,4,1500000,1,48,5,1,1,231.891138916568
4647807,1,3,1,31,4,7e+05,1,30,5,1,1,231.891138916568
4647808,1,1,0,38,1,3683333.25,1,40,6,5,0,226.846772929605
4647811,1,1,1,26,1,7e+05,1,77,5,2,1,225.361621412771
4647813,1,1,0,31,4,780000,1,40,4,1,1,226.846772929605
4647814,1,2,1,25,1,1021544.3125,1,48,5,5,0,200.851463826193
4647815,1,1,1,40,1,842718.4375,1,48,5,2,0,225.361621412771
4647816,1,1,1,30,1,4333333.5,1,40,6,5,0,225.361621412771
4647817,1,1,1,42,1,1500000,1,48,4,4,0,216.184257120383
4647818,1,1,0,39,1,996000,1,48,5,4,1,273.53323151498
4647819,1,1,1,55,1,869453,1,48,4,4,0,206.547978307942
4647819,1,2,0,47,1,931953,1,48,3,4,0,206.547978307942
4647819,1,4,1,19,1,902787.3125,1,48,5,4,0,206.547978307942
4647820,1,1,1,38,1,1140000,1,48,4,5,0,255.530073877857
4647820,1,2,0,41,1,869453,1,48,5,5,0,255.530073877857
4647821,1,1,1,42,1,2166666.75,1,48,6,5,0,288.637620708365
4647821,1,2,0,40,1,6291666.5,1,45,6,5,0,288.637620708365
4647822,1,1,1,29,1,1137718.375,1,48,5,5,0,297.31785087746
4647822,1,2,0,21,3,789166.6875,1,30,4,1,1,297.31785087746
4647823,1,1,0,55,1,930929.4375,1,48,3,5,0,253.216170535012
4647824,1,1,0,50,4,1e+06,1,25,5,1,0,255.530073877857
4647824,1,2,0,41,4,4500000,1,40,6,5,0,255.530073877857
4647824,1,3,1,40,2,5168333.5,1,48,6,5,0,255.530073877857
4647825,1,1,1,36,1,1348211,1,78,5,3,0,288.637620708365
4647826,1,1,1,61,4,3e+06,1,40,6,5,0,215.414097574362
4647827,1,1,1,34,1,1031453,1,50,5,5,0,277.975104899143
4647827,1,2,0,33,1,950211,1,48,5,5,0,277.975104899143
4647827,2,1,1,37,1,1094211,1,48,5,4,0,277.975104899143
4647828,1,2,0,46,3,936666.6875,1,48,3,1,0,167.878933918041
4647829,1,1,0,50,4,750000,1,72,6,2,1,177.82645775645
4647829,1,2,0,23,1,936119.6875,1,48,6,2,0,177.82645775645
4647829,1,3,0,21,1,869453,1,48,6,4,0,177.82645775645
4647830,1,2,0,52,3,960929.4375,1,48,3,1,1,215.72534260033
4647831,1,2,1,38,4,8e+05,1,50,5,1,1,262.059591381654
4647831,1,3,0,35,1,750000,1,40,5,2,0,262.059591381654
4647831,1,4,0,30,1,956786.3125,1,48,5,5,0,262.059591381654
4647831,1,5,1,28,1,923619.6875,1,48,5,5,0,262.059591381654
4647832,1,1,1,54,4,1e+06,1,40,3,1,1,229.451923849282
4647832,1,3,1,26,4,2500000,1,70,5,1,0,229.451923849282
4647833,1,2,0,32,4,1e+06,1,48,5,1,0,215.010350629517
4647834,1,1,1,40,1,1231544.375,1,48,6,3,0,215.604282071926
4647834,1,2,0,41,2,1273211,1,48,6,5,0,215.604282071926
4647835,1,1,1,61,4,9e+05,1,53,3,5,1,224.913918111828
4647835,1,2,0,53,4,6e+05,1,53,3,5,1,224.913918111828
4647835,1,3,0,25,1,1002786.3125,1,34,6,5,0,224.913918111828
4647837,1,1,1,59,4,1e+06,1,60,3,2,0,197.059368989587
4647837,1,2,0,54,3,291666.65625,1,20,3,1,1,197.059368989587
4647837,1,3,1,36,1,1154877.625,1,50,5,4,0,197.059368989587
4647837,1,4,0,25,1,1338211,1,45,6,5,0,197.059368989587
4647838,1,1,1,23,4,1100000,1,54,4,1,0,258.20043822079
4647840,1,1,1,33,4,2e+06,1,30,6,1,0,215.604282071926
4647841,1,1,1,41,1,2500000,1,48,6,4,0,225.361621412771
4647842,1,1,0,36,1,979119.6875,1,48,6,2,0,262.870715705758
4647842,1,4,1,26,1,1485666.625,1,63,5,4,0,262.870715705758
4647842,1,5,1,22,1,1e+06,1,63,4,4,0,262.870715705758
4647843,1,1,0,37,4,8e+05,1,48,3,1,1,202.336615343028
4647843,1,2,0,21,4,650000,1,48,4,1,1,202.336615343028
4647844,1,1,1,35,1,5e+05,1,55,3,3,1,225.361621412771
4647845,1,1,1,48,4,1400000,1,84,6,5,0,189.326286552073
4647847,1,1,1,31,4,7e+05,1,40,6,1,1,214.699105603549
4647847,1,2,1,29,1,1202377.625,1,48,5,5,0,214.699105603549
4647848,1,3,1,23,1,1650000,1,50,6,5,0,238.940533167637
4647849,1,1,0,44,1,2600000,1,48,6,5,0,215.010350629517
4647849,1,2,1,46,1,9e+05,1,42,4,2,1,215.010350629517
4647849,1,3,1,22,1,9e+05,1,48,6,5,0,215.010350629517
4647850,1,1,1,24,4,850000,1,72,5,1,1,307.386435244272
4647851,1,2,0,31,1,1091666.625,1,48,5,4,0,292.561987292486
4647852,1,1,1,29,1,957786.3125,1,48,5,5,0,240.114439658504
4647854,1,4,1,26,1,869453,1,70,4,3,1,281.899471483264
4647857,1,1,0,28,1,1381544.375,1,48,6,5,0,250.776955467726
4647858,1,1,1,27,1,869453,1,48,5,5,0,249.374644876055
4647859,1,1,1,33,4,7e+05,1,36,5,1,1,240.197280583667
4650745,1,2,1,31,1,781242,1,48,3,5,0,240.197280583667
4650747,1,1,1,58,1,3e+06,1,48,4,4,0,206.547978307942
4650747,1,3,0,25,1,2166666.75,1,48,6,4,0,206.547978307942
4650748,1,1,0,27,4,2900000,1,70,6,5,0,216.184257120383
4650748,1,2,1,28,4,2400000,1,70,6,5,0,216.184257120383
4650749,1,1,1,78,4,8e+05,1,40,4,1,1,226.076613383584
4650750,1,1,1,51,1,1104877.625,1,40,5,5,0,267.623834115889
4650750,1,4,0,25,1,1390044.375,1,60,5,5,0,267.623834115889
4650750,1,7,1,23,1,1084877.625,1,40,5,5,0,267.623834115889
4650751,1,1,1,34,1,4091666.75,1,48,6,5,0,240.197280583667
4650751,1,2,0,33,4,8e+05,1,21,6,1,1,240.197280583667
4655140,1,1,0,43,1,1562500,1,48,6,5,0,191.674099533806
4655140,1,2,1,42,1,1250000,1,48,5,4,0,191.674099533806
4655141,1,1,1,41,1,1251666.625,1,72,4,5,0,240.197280583667
4655141,1,2,0,41,1,1219000,1,48,5,5,0,240.197280583667
4655142,1,1,1,49,1,1017211,1,48,4,4,0,189.326286552073
4655142,1,2,0,43,1,931453,1,48,3,5,0,189.326286552073
4655143,1,3,0,39,1,3900000,1,48,5,5,0,242.105951424847
4655143,1,4,0,30,1,1873800,1,48,6,5,0,242.105951424847
4655143,1,5,0,65,1,5e+05,1,24,3,4,0,242.105951424847
4655145,1,1,1,19,1,1200000,1,44,5,3,1,234.850230731126
4655146,1,1,1,40,1,1e+06,1,50,5,2,0,228.871948800825
4655147,1,1,1,48,1,1019000,1,48,3,5,0,215.010350629517
4655147,1,2,0,42,1,960953,1,48,5,5,0,215.010350629517
4655148,1,1,1,53,1,1745103.5,1,52,5,2,1,225.361621412771
4655149,1,1,0,50,1,1231000,1,54,5,5,0,196.47939394113
4655149,1,2,1,57,4,1e+06,1,90,5,1,1,196.47939394113
4655149,1,4,0,26,1,918000,1,48,6,4,0,196.47939394113
4655149,1,5,1,35,1,1122666.625,1,48,5,5,0,196.47939394113
4655150,1,1,0,40,1,781242,1,48,6,4,0,238.940533167637
4655152,1,1,0,39,1,1091544.375,1,48,4,5,0,214.573556108972
4655153,1,1,1,28,4,8e+05,1,40,6,1,1,275.724089236527
4655153,2,1,1,25,1,9e+05,1,48,5,3,1,275.724089236527
4655153,2,2,0,22,4,8e+05,1,48,5,4,1,275.724089236527
4655153,3,1,1,23,1,1288211,1,48,5,4,0,275.724089236527
4655155,1,1,1,27,1,927786.3125,1,48,5,5,0,286.883739169042
4655155,1,6,0,18,1,898453,1,48,5,5,0,286.883739169042
4655156,1,2,1,23,1,7e+05,1,48,6,2,1,227.532106457568
4655156,1,3,0,22,1,1029045.3125,1,48,5,4,0,227.532106457568
4655160,1,1,1,38,5,1e+06,1,50,5,3,1,190.188948016971
4655160,1,2,1,28,5,8e+05,1,50,5,3,1,190.188948016971
4655161,1,1,0,57,4,6e+05,1,24,3,1,1,304.655747530518
4655161,1,3,0,27,1,1064877.625,1,48,6,3,0,304.655747530518
4655161,1,4,1,26,1,888212,1,48,5,4,0,304.655747530518
4655164,1,2,1,22,1,10180000,1,48,5,4,0,215.010350629517
4655164,1,3,1,25,1,1013000,1,48,3,4,0,215.010350629517
4655165,1,2,0,48,3,550000,1,24,3,1,1,231.359199030609
4655167,1,1,1,53,1,930929.4375,1,72,5,4,0,205.521741311161
4655167,1,2,0,52,1,930929.4375,1,48,5,5,0,205.521741311161
4655168,1,1,1,44,5,3e+05,1,50,4,2,1,204.659079846263
4655168,1,2,0,42,1,904877.6875,1,48,5,4,0,204.659079846263
4655168,1,3,0,25,1,550000,1,25,5,4,1,204.659079846263
4655168,1,4,1,21,1,30000,1,5,5,2,1,204.659079846263
4655169,1,1,1,37,1,1e+06,1,66,3,4,0,256.122068969071
4655169,1,2,0,29,1,960929.4375,1,40,5,5,0,256.122068969071
4655170,1,1,1,30,1,750000,1,48,3,4,0,205.521741311161
4655171,1,1,1,27,1,1285711,1,48,3,4,0,313.230619220106
4655172,1,1,0,54,4,4e+05,1,30,5,1,1,293.727950911431
4655173,1,1,0,48,1,720000,1,60,3,2,1,261.696809214892
4655174,1,1,0,32,4,5e+05,1,72,3,1,1,299.300136517587
4655175,1,1,1,34,1,1200000,1,84,4,2,1,264.127463121788
4655175,1,2,0,32,4,1e+05,1,5,5,1,1,264.127463121788
4655177,1,1,0,55,3,781242,1,48,4,1,0,242.55365472579
4655177,1,2,1,33,4,750000,1,48,5,1,1,242.55365472579
4655178,1,3,1,25,1,1954877.625,1,54,6,5,0,205.062826791108
4655178,1,4,1,22,1,1203314.5,1,41,5,5,0,205.062826791108
4655179,1,1,1,30,1,1150000,1,48,6,5,0,240.114439658504
4655179,1,2,0,30,1,1625000,1,50,6,5,0,240.114439658504
4655181,1,1,1,57,4,8e+05,1,60,3,1,1,218.758489110026
4655182,1,4,1,62,5,1e+06,1,48,3,2,1,245.511376874768
4655183,1,1,1,51,1,869453,1,48,3,4,0,256.132566480657
4655183,1,2,0,56,1,869453,1,48,4,5,0,256.132566480657
4655183,1,5,1,23,1,869453,1,48,5,5,0,256.132566480657
4655185,1,1,1,54,4,850000,1,48,4,1,1,232.202383942536
4655185,1,2,0,53,1,870825.3125,1,48,6,4,0,232.202383942536
4655187,1,1,0,27,1,1091666.625,1,48,5,4,0,219.223190731905
4655187,1,2,1,33,1,1704877.625,1,60,5,5,0,219.223190731905
4655187,1,3,1,33,1,1433333.375,1,48,5,5,0,219.223190731905
4655188,1,1,1,35,2,4516667,1,42,6,5,0,263.533531679378
4655189,1,1,1,34,1,6200000,1,48,6,5,0,191.674099533806
4655189,1,2,0,32,1,807908.6875,1,56,6,3,0,191.674099533806
4655190,1,3,0,50,4,8e+05,1,66,3,2,1,192.389091504619
4655191,1,1,1,36,1,9e+05,1,60,5,2,1,287.463714217499
4655191,1,2,0,34,1,921000,1,48,5,2,0,287.463714217499
4655193,1,1,1,23,5,4e+06,1,66,6,2,1,234.850230731126
4655194,1,1,1,26,1,5516666.5,1,48,6,5,0,225.361621412771
4655196,1,1,1,35,5,3e+06,1,48,6,2,0,262.870715705758
4655196,1,2,0,35,4,3e+06,1,60,6,2,0,262.870715705758
4655198,1,1,0,29,1,5359501.5,1,40,6,5,0,266.192589687079
4655198,1,3,0,49,3,450000,1,20,5,1,1,266.192589687079
4655199,1,1,1,68,5,6e+06,1,48,6,2,0,243.268646696603
4655200,1,1,0,60,1,720000,1,54,5,2,1,287.60023716105
4655200,1,2,0,57,3,160000,1,7,5,1,1,287.60023716105
4655200,1,3,0,57,3,160000,1,10,5,1,1,287.60023716105
4655202,1,1,1,58,1,1225000,1,60,6,5,0,224.913918111828
4655202,1,3,0,33,2,4333333.5,1,48,6,5,0,224.913918111828
4655204,1,1,1,59,4,1300000,1,60,5,2,1,195.88546249872
4655204,1,2,0,54,1,988211,1,60,5,2,1,195.88546249872
4655205,1,1,1,61,1,4666666.5,1,65,6,5,0,226.076613383584
4655206,1,2,0,45,3,379966.65625,1,16,4,1,1,189.920217994483
4655208,1,1,1,62,4,7e+06,1,30,6,1,0,226.076613383584
4655210,1,1,1,52,4,2e+06,1,48,6,1,0,207.006892827995
4655210,1,3,0,28,2,3266666.75,1,40,6,5,0,207.006892827995
4655211,1,1,1,23,1,1200000,1,48,6,3,0,210.340073144549
4655211,1,2,0,22,1,1288211,1,48,6,5,0,210.340073144549
4655214,1,1,1,40,4,5200000,1,26,6,5,0,240.114439658504
4655214,1,2,0,28,1,2925000,1,60,6,5,0,240.114439658504
4655215,1,1,1,33,1,3633333.25,1,48,6,4,0,240.114439658504
4655215,1,2,0,33,1,7800000,1,48,6,4,0,240.114439658504
4655216,1,1,1,30,1,1154500,1,48,3,5,0,240.114439658504
4655216,1,2,0,29,3,120000,1,8,4,1,1,240.114439658504
4655217,1,1,1,58,4,8e+05,1,56,4,1,1,207.721884798809
4655217,1,2,0,54,4,160000,1,6,3,1,1,207.721884798809
4655217,1,3,0,37,1,1e+06,1,60,4,2,1,207.721884798809
4655218,1,1,1,49,1,2e+06,1,48,6,3,0,215.604282071926
4655219,1,1,1,39,4,2e+06,1,40,6,4,0,167.163941947228
4655219,1,2,0,45,1,4333333.5,1,45,6,5,0,167.163941947228
4655220,1,1,1,58,4,3500000,1,30,5,5,0,226.076613383584
4655221,1,1,1,66,1,2.5e+07,1,48,6,4,0,243.268646696603
4655221,1,2,0,59,5,1e+06,1,60,6,2,1,243.268646696603
4655222,1,2,0,63,4,1e+05,1,66,4,1,1,213.077495811739
4655222,1,3,1,44,1,1500000,1,96,5,2,0,213.077495811739
4655222,1,4,0,25,1,850000,1,48,6,5,0,213.077495811739
4655222,1,5,0,39,1,8e+05,1,48,5,5,0,213.077495811739
4655223,1,1,0,65,4,4e+05,1,53,3,1,1,252.719036411718
4655223,1,2,0,19,4,150000,1,55,5,1,1,252.719036411718
4655224,1,1,1,47,4,240000,1,15,5,1,1,225.361621412771
4655225,1,1,1,50,1,1600000,1,44,6,5,0,225.361621412771
4655226,1,3,1,27,1,8e+05,1,48,6,5,0,205.656758233518
4655227,1,1,1,33,4,5e+05,1,40,4,2,1,288.720461633529
4655227,1,2,0,27,4,350000,1,40,4,2,1,288.720461633529
4655228,1,1,1,60,1,9e+05,1,72,4,2,1,242.094740205737
4655228,1,2,0,56,1,8e+05,1,42,4,2,1,242.094740205737
4655229,1,2,0,68,3,1200000,1,50,3,1,1,222.254860104127
4655229,1,3,1,47,1,9e+05,1,55,5,4,0,222.254860104127
4655229,1,4,0,46,3,673333.3125,1,48,4,1,1,222.254860104127
4655230,1,1,1,67,5,5e+06,1,48,6,2,0,232.606130887381
4655230,1,3,1,30,4,4e+06,1,48,6,1,0,232.606130887381
4655232,1,1,0,44,4,480000,1,48,5,1,1,216.184257120383
4655232,1,2,1,43,4,1100000,1,48,5,1,1,216.184257120383
4655233,1,1,1,27,4,1500000,1,20,6,2,0,224.187714921904
4655233,1,2,1,24,1,1625000,1,45,6,5,0,224.187714921904
4655234,1,3,1,32,4,4300000,1,60,6,5,0,271.951947644855
4655234,1,4,0,35,1,1500000,1,48,6,5,0,271.951947644855
4655236,1,1,1,27,1,1366666.625,1,48,6,5,0,337.160801758227
4655236,1,2,0,26,1,1498666.625,1,48,6,4,0,337.160801758227
4655238,1,2,0,49,4,8e+05,1,30,5,1,1,208.866132846825
4655238,1,3,1,25,2,1658333.375,1,72,5,5,0,208.866132846825
4655239,1,2,1,50,5,1e+06,1,48,5,2,1,215.414097574362
4655241,1,1,0,53,1,948211,1,48,5,4,0,190.500193042939
4655241,1,3,0,20,1,990000,1,48,5,5,0,190.500193042939
4655242,1,1,1,29,1,9e+05,1,48,4,2,1,215.010350629517
4655242,1,2,0,31,4,1300000,1,48,4,1,1,215.010350629517
4655243,1,1,1,34,1,10153000,1,48,6,5,0,214.699105603549
4655243,1,2,1,30,1,4208333.5,1,60,6,5,0,214.699105603549
4655244,1,1,1,39,1,16250000,1,40,6,5,0,214.699105603549
4655244,1,2,1,36,4,7e+06,1,40,6,5,0,214.699105603549
4655245,1,1,0,57,2,8e+06,1,48,6,5,0,217.584582619159
4655245,1,2,1,63,4,1.6e+07,1,48,6,1,0,217.584582619159
4655246,1,1,1,48,1,10500000,1,40,6,5,0,216.184257120383
4655247,1,1,0,32,1,7291666.5,1,48,6,3,0,226.846772929605
4655250,1,1,0,45,4,2800000,1,56,6,1,1,217.669408637217
4655250,1,2,0,33,1,2e+06,1,56,6,4,1,217.669408637217
4655251,1,1,0,31,4,480000,1,48,3,1,1,273.616072440143
4655252,1,1,0,55,1,931953,1,48,4,5,0,226.358199966702
4655252,1,2,0,21,3,140000,1,16,6,1,1,226.358199966702
4655252,1,4,1,21,1,781242,1,48,6,5,1,226.358199966702
4655253,1,1,0,35,4,7280000,1,48,6,5,0,240.114439658504
4655254,1,1,1,58,1,7791666.5,1,60,6,5,0,192.389091504619
4655254,1,2,0,36,1,5e+06,1,48,6,5,0,192.389091504619
4655255,1,1,1,46,1,1026666.6875,1,45,6,3,1,225.361621412771
4655258,1,1,1,51,1,1600000,1,45,5,5,0,205.521741311161
4655258,1,2,0,49,2,2196877.5,1,40,5,5,0,205.521741311161
4655259,1,1,1,44,1,1128211,1,60,3,4,0,215.604282071926
4655259,1,2,0,28,1,1208211,1,60,4,2,0,215.604282071926
4655260,1,1,1,56,1,954733,1,48,3,5,0,272.263192670823
4655260,1,2,0,55,1,540000,1,20,4,2,1,272.263192670823
4655260,1,3,0,36,1,929453,1,44,4,3,0,272.263192670823
4655262,1,1,1,27,1,1200000,1,48,5,5,0,216.184257120383
4655262,1,2,0,28,1,1200000,1,48,5,2,1,216.184257120383
4655263,1,1,0,44,1,2197666.75,1,48,6,5,0,250.776955467726
4655264,1,1,0,25,1,1093211,1,48,5,5,0,250.776955467726
4655265,1,1,1,65,2,5441666.5,1,48,6,5,0,216.31927404274
4655266,1,2,1,42,4,7e+05,1,60,3,2,1,194.400310981886
4655266,1,3,1,37,4,1500000,1,72,5,2,1,194.400310981886
4655266,1,5,1,22,4,1e+06,1,48,3,4,1,194.400310981886
4655267,1,1,0,53,5,7e+05,1,42,3,2,1,229.451923849282
4655267,1,3,1,31,4,3e+05,1,54,3,1,1,229.451923849282
4655268,1,1,1,30,4,8e+05,1,54,5,1,1,205.521741311161
4655268,1,2,1,29,4,1e+06,1,40,5,1,1,205.521741311161
4655271,1,1,1,31,1,9e+05,1,48,5,3,1,218.78940804006
4655271,1,2,0,30,1,781242,1,48,5,3,1,218.78940804006
4655271,1,4,1,28,1,6e+05,1,48,5,3,1,218.78940804006
4655271,1,5,1,26,1,1140000,1,48,5,5,0,218.78940804006
4655272,1,1,1,35,1,1038211,1,48,5,5,0,225.361621412771
4655273,1,1,1,27,1,1005000,1,48,5,5,0,264.707438170245
4655274,1,1,1,24,1,533333.3125,1,18,5,2,1,257.689347703544
4655276,1,1,1,31,1,1279877.625,1,48,5,5,0,313.230619220106
4655277,1,1,1,28,1,1438333.375,1,48,5,5,0,238.62928814167
4655277,1,3,1,30,4,8e+05,1,48,5,1,1,238.62928814167
4655278,1,2,0,23,1,869453,1,60,4,2,1,202.336615343028
4655279,1,2,1,48,4,2500000,1,45,4,1,1,233.376290433402
4655279,1,3,0,49,4,250000,1,32,4,1,1,233.376290433402
4655280,1,1,1,37,1,1600000,1,48,5,2,0,313.230619220106
4655280,1,2,0,34,5,8e+05,1,70,3,2,1,313.230619220106
4655282,1,1,1,55,1,1625000,1,50,5,4,0,214.551436109464
4655284,1,1,1,50,4,780000,1,40,6,5,0,205.521741311161
4655284,1,3,1,25,1,869453,1,48,6,5,0,205.521741311161
4655285,1,1,1,24,1,789166.6875,1,48,5,2,1,234.850230731126
4655286,1,1,1,53,5,8e+05,1,40,3,2,1,224.187714921904
4655286,1,2,1,22,1,2e+05,1,24,5,2,1,224.187714921904
4655287,2,1,0,56,4,350000,1,40,6,1,1,261.230839555643
4655287,3,1,0,38,2,1800000,1,54,6,5,0,261.230839555643
4655288,1,1,1,30,4,1680000,1,48,6,2,1,225.361621412771
4655289,1,1,1,47,1,7e+06,1,48,6,5,0,167.163941947228
4655289,1,3,0,18,1,1288211,1,48,6,5,0,167.163941947228
4655290,1,1,0,59,3,360000,1,16,4,1,1,241.379748234923
4655291,1,1,0,40,1,958619.6875,1,48,3,5,0,225.672866438739
4655292,1,1,1,33,4,3e+06,1,110,4,1,1,409.697006271372
4655292,1,6,0,26,4,8e+05,1,30,4,1,1,409.697006271372
4655293,1,1,1,44,5,1500000,1,48,5,2,1,167.163941947228
4655293,1,2,0,42,1,40000,1,5,5,2,1,167.163941947228
4655294,1,1,1,29,1,1268500,1,69,5,3,0,240.114439658504
4655295,1,1,0,51,1,1050000,1,49,5,2,1,213.339310015357
4655295,1,2,1,54,1,8e+05,1,48,5,2,1,213.339310015357
4655295,1,4,1,22,1,781242,1,48,5,2,1,213.339310015357
4655295,1,5,0,22,1,720000,1,63,6,2,1,213.339310015357
4655295,1,7,1,23,1,781242,1,48,6,2,1,213.339310015357
4655296,1,1,1,56,1,781242,1,48,3,2,0,243.268646696603
4655297,1,1,1,52,4,8e+05,1,50,4,1,1,263.533531679378
4655297,1,2,0,38,4,6e+05,1,48,4,1,1,263.533531679378
4655298,1,2,0,42,5,5e+05,1,54,5,2,1,190.500193042939
4655298,1,3,1,21,4,4e+05,1,8,6,1,1,190.500193042939
4655299,1,3,1,35,1,9e+05,1,75,6,2,1,222.658607048972
4655300,1,1,0,54,4,8e+05,1,60,3,1,0,226.846772929605
4655301,1,1,0,59,4,5e+05,1,50,6,1,0,270.408203848031
4655302,1,2,0,43,4,1e+05,1,60,3,1,1,239.655525138451
4655303,1,1,0,24,2,1408333.375,1,48,6,5,0,249.374644876055
4655303,1,2,1,28,1,1300000,1,48,6,2,1,249.374644876055
4655304,1,1,1,63,4,1200000,1,60,6,2,0,240.92083371487
4655307,1,1,1,55,4,9e+05,1,50,3,5,0,238.564459572748
4655308,1,2,0,27,3,4e+05,1,14,4,1,1,313.230619220106
4655309,1,1,1,26,1,2708333.25,1,48,6,5,0,216.184257120383
4655309,1,2,0,31,1,1308211,1,40,6,5,0,216.184257120383
4655310,1,1,1,46,4,1500000,1,40,5,1,1,190.500193042939
4655310,1,2,0,43,4,1e+06,1,25,5,1,1,190.500193042939
4655310,1,3,0,24,1,1866666.625,1,50,6,5,0,190.500193042939
4655310,1,4,1,22,4,1e+05,1,5,6,1,1,190.500193042939
4655311,1,1,1,40,1,9e+05,1,48,3,4,1,312.567803246486
4655312,1,1,1,30,1,984786.3125,1,48,5,5,0,313.230619220106
4655312,1,2,0,29,4,240000,1,18,5,1,1,313.230619220106
4655313,1,1,0,38,1,898453,1,54,5,3,0,213.83644413865
4655313,1,2,1,19,1,1200000,1,50,4,4,1,213.83644413865
4655313,1,4,1,29,4,4e+05,1,10,5,1,1,213.83644413865
4655314,1,1,1,25,1,3333333.25,1,48,6,5,0,204.036589794327
4655314,1,2,1,31,4,9e+05,1,72,5,1,0,204.036589794327
4655314,1,3,1,31,1,1625000,1,48,6,5,0,204.036589794327
4655315,1,1,0,39,1,1054877.625,1,48,5,5,0,207.692226355958
4655315,1,2,1,38,4,9e+05,1,66,4,2,1,207.692226355958
4655315,1,4,0,19,1,894453,1,48,6,5,0,207.692226355958
4655316,1,1,0,38,1,847908.6875,1,45,5,2,1,225.672866438739
4655317,1,1,0,49,4,580000,1,36,3,3,1,225.092891390282
4655317,1,2,0,23,1,80000,1,20,5,2,1,225.092891390282
4655318,1,1,1,40,1,781242,1,48,3,4,1,213.850400532603
4655318,1,3,0,22,4,781000,1,40,5,4,1,213.850400532603
4655319,1,1,1,44,4,1500000,1,40,3,1,1,288.637620708365
4655319,1,2,0,31,1,992929.4375,1,48,5,5,0,288.637620708365
4655320,1,1,1,43,1,6e+05,1,40,4,2,1,213.83644413865
4655320,1,2,0,36,4,3e+05,1,60,5,1,1,213.83644413865
4655321,1,1,1,35,1,8e+05,1,60,3,5,0,263.533531679378
4655321,1,2,0,33,1,983619.6875,1,48,5,3,0,263.533531679378
4655322,1,1,1,44,4,1900000,1,40,5,5,0,214.43037558106
4655323,1,1,1,32,1,9e+05,1,66,3,2,1,281.647597009733
4655323,1,2,0,30,4,6e+05,1,40,5,4,1,281.647597009733
4655325,1,1,1,24,1,1659166.625,1,48,5,5,0,276.120804474038
4655326,1,1,1,21,4,8e+05,1,72,4,1,0,234.27025568267
4655327,1,1,0,49,1,944453,1,57,4,5,0,226.846772929605
4655329,1,3,0,19,1,833333.3125,1,48,6,5,0,256.210432622578
4655330,1,1,1,32,4,8e+05,1,60,5,1,1,238.940533167637
4655330,1,2,0,28,1,3383333.25,1,50,6,5,0,238.940533167637
4655331,1,1,1,48,4,5e+05,1,50,4,2,1,287.546555142662
4655331,1,2,0,49,4,360000,1,42,3,1,1,287.546555142662
4655331,1,5,1,21,1,1188211,1,48,5,3,0,287.546555142662
4655332,1,1,1,35,2,1800000,1,40,6,5,0,240.114439658504
4655332,1,2,0,28,2,2397666.5,1,46,6,5,0,240.114439658504
4655333,1,1,0,27,1,2118211,1,48,5,5,0,256.122068969071
4655333,1,2,1,30,1,8e+05,1,48,5,2,1,256.122068969071
4655334,1,1,1,55,4,250000,1,18,3,1,1,226.076613383584
4655335,1,1,0,58,4,5e+05,1,70,3,1,1,253.216170535012
4655336,1,1,1,43,1,869453,1,48,5,5,0,215.010350629517
4655336,1,2,0,48,3,160000,1,14,3,1,1,215.010350629517
4655336,1,3,1,21,1,1175711,1,56,6,4,0,215.010350629517
4655337,1,1,1,58,5,3e+06,1,98,3,2,1,240.829431629317
4655338,1,1,0,51,4,2200000,1,54,5,5,0,204.603912271055
4655338,1,3,1,59,4,1800000,1,42,4,1,1,204.603912271055
4655338,2,1,1,63,4,320000,1,49,4,1,1,204.603912271055
4655339,1,1,1,32,2,1700000,1,30,6,5,0,247.358949133114
4655340,1,2,1,24,4,1200000,1,30,6,1,1,225.672866438739
4655341,1,2,0,57,4,4e+05,1,30,3,1,1,182.41190922336
4655343,1,2,0,48,4,8e+05,1,45,3,1,1,304.075772482061
4655346,1,1,1,57,4,80000,1,48,4,1,1,226.076613383584
4655349,1,1,1,38,4,8e+05,1,60,4,1,1,312.05671272924
4655351,1,1,1,42,1,1348211,1,48,5,5,0,142.653784360651
4655351,1,3,0,21,1,929877.6875,1,48,6,5,0,142.653784360651
4655352,1,1,1,46,4,3e+05,1,40,5,1,1,216.184257120383
4655352,1,2,0,41,4,120000,1,18,5,2,1,216.184257120383
4655353,1,1,0,31,1,1229877.625,1,60,5,5,0,275.369953979467
4658698,1,1,0,58,1,12900000,1,48,6,5,0,231.891138916568
4658698,1,2,1,32,4,8e+05,1,48,6,1,0,231.891138916568
4658698,1,3,1,29,1,1.2e+07,1,50,6,5,0,231.891138916568
4659016,1,3,0,29,1,2166666.75,1,48,6,5,0,223.158574591886
4659016,1,4,1,25,1,2166666.75,1,50,5,5,0,223.158574591886
4659017,1,2,0,59,2,4148333.5,1,30,6,5,0,209.976563178519
4659017,1,5,1,24,1,1288700,1,70,6,3,0,209.976563178519
4660826,1,3,1,25,1,2138211,1,48,6,5,0,234.442154052085
4660827,1,2,0,58,4,1e+05,1,30,3,1,1,234.764883967015
4660827,1,3,0,32,1,1252544.375,1,32,6,4,0,234.764883967015
4660827,1,4,0,28,1,1329877.625,1,40,5,5,0,234.764883967015
4660828,1,1,0,34,1,7e+05,1,63,3,3,1,252.576541557243
4660829,1,1,1,22,1,781242,1,50,6,5,0,221.624954235822
4660829,1,2,0,20,1,2e+05,1,9,6,3,1,221.624954235822
4660830,1,1,1,54,4,760000,1,54,5,2,1,184.151318333666
4660830,1,2,0,55,4,760000,1,12,4,2,1,184.151318333666
4660830,1,3,0,24,1,2616666.75,1,50,6,5,0,184.151318333666
4660831,1,1,1,52,4,1e+06,1,48,4,1,1,232.034634450847
4660831,1,3,1,34,4,6e+05,1,40,6,1,1,232.034634450847
4660832,1,2,1,44,1,1e+06,1,48,3,3,1,250.591020261762
4660832,1,4,0,23,1,1185877.625,1,48,6,5,0,250.591020261762
4660834,1,2,0,68,4,50000,1,2,4,1,1,216.504641308547
4660835,1,1,1,49,1,2500000,1,48,5,4,0,247.624165465453
4660835,1,2,0,53,1,1799833.375,1,48,5,5,0,247.624165465453
4660835,1,4,1,46,1,898619.6875,1,48,5,5,0,247.624165465453
4660836,1,1,1,41,1,2113044.5,1,56,6,4,0,254.152243595481
4660837,1,2,1,24,1,320000,1,28,6,3,1,193.086916064933
4660837,1,3,0,21,4,781242,1,45,6,5,1,193.086916064933
4660838,1,1,1,47,4,1e+06,1,48,3,1,1,339.78957917898
4660838,1,2,0,43,4,8e+05,1,58,4,5,1,339.78957917898
4660839,1,1,1,41,1,1133333.375,1,72,6,4,0,241.460898932528
4660839,1,2,0,27,1,480000,1,40,5,2,1,241.460898932528
4660840,1,1,1,67,4,1e+05,1,25,3,1,0,201.376089258815
4660840,1,2,0,46,4,120000,1,30,4,1,1,201.376089258815
4660841,1,1,0,66,2,3866666.75,1,48,6,5,0,217.345589443899
4660842,1,2,1,74,4,4e+05,1,35,3,1,1,150.946105649837
4660842,1,4,1,68,4,1800000,1,48,3,1,1,150.946105649837
4660842,1,5,1,64,4,5e+05,1,40,5,1,1,150.946105649837
4660842,1,6,1,34,1,4533333.5,1,48,6,5,0,150.946105649837
4660842,1,7,1,32,4,6e+05,1,26,5,1,1,150.946105649837
4660844,1,1,1,64,4,5e+05,1,30,3,1,0,234.531379709931
4660844,1,3,0,26,1,1194291.625,1,48,5,5,0,234.531379709931
4660845,1,1,1,23,1,869453,1,48,5,5,0,243.446420228009
4660846,1,1,1,34,1,1260000,1,55,5,3,0,263.282364924715
4660846,1,2,0,32,1,1367000,1,55,5,3,0,263.282364924715
4660847,1,1,1,40,1,1273211,1,48,5,5,0,359.392019618602
4660847,1,2,0,39,1,941211,1,48,5,5,0,359.392019618602
4660847,1,5,1,45,1,1279877.625,1,48,5,5,0,359.392019618602
4660848,1,2,1,29,1,946544.3125,1,48,6,3,0,234.510822496742
4660849,1,1,1,31,2,2118666.75,1,50,6,5,0,272.178981996865
4660849,1,2,0,34,4,2300000,1,40,6,1,1,272.178981996865
4660850,1,3,0,45,4,8e+05,1,48,6,4,1,201.570612856782
4660850,1,5,1,29,1,2275000,1,48,6,5,0,201.570612856782
4660850,1,6,0,27,1,1666666.625,1,48,6,5,0,201.570612856782
4660851,1,1,1,45,4,3e+06,1,50,5,1,1,263.282364924715
4660851,1,2,0,32,1,3358333.25,1,60,6,5,0,263.282364924715
4660852,1,1,1,59,1,2275000,1,40,6,4,0,216.504641308547
4660853,1,1,1,44,4,980000,1,70,3,3,1,263.282364924715
4660853,1,2,0,27,3,60000,1,18,5,1,1,263.282364924715
4660854,1,1,0,32,1,1366544.375,1,48,6,4,0,352.971590592347
4660854,1,2,1,32,4,3e+05,1,72,6,1,1,352.971590592347
4660855,1,4,0,28,1,450833.34375,1,45,5,5,0,315.725429397981
4660855,1,5,1,37,1,1030000,1,53,3,3,0,315.725429397981
4660856,1,1,1,61,1,1300000,1,48,4,5,0,242.799995690625
4660856,1,3,1,30,1,1547666.625,1,50,6,5,0,242.799995690625
4660857,1,1,1,23,1,1260000,1,66,5,4,0,230.755075565056
4660857,1,2,0,19,1,1063742,1,48,4,5,0,230.755075565056
4660857,1,4,0,52,3,80000,1,48,1,1,1,230.755075565056
4660858,1,1,1,63,4,5e+05,1,48,3,1,1,304.247326339814
4660859,1,1,1,48,5,3500000,1,110,5,2,1,263.282364924715
4660859,1,2,0,48,5,1e+06,1,100,5,2,1,263.282364924715
4660860,1,1,1,29,1,1094212,1,48,5,3,0,339.750598519863
4660860,1,5,1,30,1,1300000,1,48,6,4,0,339.750598519863
4660861,1,1,1,35,4,1300000,1,60,5,1,1,313.123386198776
4660861,1,2,0,24,4,640000,1,32,4,1,1,313.123386198776
4660863,1,1,1,61,4,1800000,1,36,6,1,1,212.081912626287
4660863,1,3,1,25,1,4e+05,1,32,6,5,1,212.081912626287
4660864,1,2,1,56,4,1e+05,1,40,4,1,1,216.504641308547
4660865,1,3,1,30,1,1088211,1,42,6,5,0,229.617984277257
4660868,1,1,0,31,1,958333.3125,1,54,5,2,1,355.447778638242
4660869,1,2,0,30,1,1483333.375,1,73,5,3,1,352.971590592347
4660870,1,1,1,58,5,750000,1,45,5,2,1,183.310370198315
4660870,1,2,0,56,5,6e+05,1,60,5,2,1,183.310370198315
4660870,1,3,1,35,1,6789333,1,56,6,5,0,183.310370198315
4660870,1,4,0,21,1,4e+05,1,24,6,2,1,183.310370198315
4660871,1,1,1,27,1,2009166.625,1,70,6,4,0,352.971590592347
4660874,1,3,1,49,1,1400000,1,70,3,2,1,214.028453262652
4660875,1,1,1,34,4,980000,1,42,5,1,0,263.282364924715
4660875,1,2,0,30,1,2565000,1,48,6,5,0,263.282364924715
4660876,1,1,1,53,4,1e+05,1,15,6,1,1,272.178981996865
4660876,1,2,0,41,1,380000,1,24,6,4,0,272.178981996865
4660877,1,4,1,44,1,1059044.375,1,48,5,2,0,235.999432644396
4660877,2,1,1,37,4,1e+06,1,58,6,1,1,235.999432644396
4660877,2,2,0,33,1,950000,1,48,6,2,1,235.999432644396
4660878,1,1,0,38,4,2e+06,1,91,5,2,1,258.996970583498
4660878,1,2,1,40,4,2e+06,1,64,5,4,0,258.996970583498
4660879,1,1,1,28,1,1318211,1,48,6,5,0,352.971590592347
4660879,1,2,0,25,4,6e+05,1,56,6,1,1,352.971590592347
4660880,1,1,1,55,1,833333.3125,1,60,5,3,0,181.36382956195
4660880,1,2,0,53,1,8e+05,1,48,5,2,1,181.36382956195
4660880,1,3,1,27,1,1562500,1,48,6,5,0,181.36382956195
4660880,1,4,0,23,1,937500,1,48,6,5,0,181.36382956195
4660881,1,1,1,52,5,5e+06,1,48,3,2,0,228.512391776244
4660881,1,2,0,48,3,933275.3125,1,48,3,2,0,228.512391776244
4660881,1,3,0,29,1,1037175.3125,1,48,6,5,0,228.512391776244
4660881,1,4,0,22,1,1119877.625,1,45,6,5,0,228.512391776244
4660882,1,1,0,31,1,931953,1,48,5,4,0,326.607567765612
4660882,1,5,1,25,4,3e+05,1,40,3,1,1,326.607567765612
4660883,1,3,0,33,1,1656000,1,48,6,5,0,194.916679573444
4660884,1,1,1,50,1,1063211,1,48,4,5,0,254.152243595481
4660885,1,1,1,51,1,1454877.625,1,48,5,5,0,236.918342097981
4660885,1,3,1,24,1,1588211,1,48,6,5,0,236.918342097981
4660885,1,4,1,19,1,781242,1,48,6,5,1,236.918342097981
4660886,1,1,1,23,1,390000,1,24,5,5,0,212.728337163672
4660887,1,1,1,24,1,1191544.375,1,48,6,5,0,182.010254099335
4660887,1,2,0,21,1,1240711,1,30,5,5,0,182.010254099335
4660888,1,1,1,48,1,1288700,1,48,5,4,0,331.15012460016
4660888,1,2,0,40,1,924591.6875,1,48,5,3,0,331.15012460016
4660888,1,3,0,19,1,880000,1,60,5,2,1,331.15012460016
4660889,1,1,0,62,3,487500,1,48,3,1,1,234.510822496742
4660889,1,2,1,27,1,1100000,1,56,5,4,0,234.510822496742
4660890,1,2,0,35,1,931953,1,48,5,3,0,242.799995690625
4660890,1,3,1,40,4,1100000,1,50,5,3,0,242.799995690625
4660891,1,1,1,58,1,5875000,1,48,6,3,0,214.028453262652
4660893,1,1,0,58,2,2416666.75,1,48,6,5,0,173.445494966194
4660893,1,2,0,63,2,2954166.75,1,48,6,5,0,173.445494966194
4660894,1,3,0,28,1,869453,1,48,5,5,0,253.728915352981
4660895,1,1,1,59,1,6e+05,1,40,3,2,1,221.424380192991
4660895,1,2,0,31,1,994744.6875,1,48,6,5,0,221.424380192991
4660895,1,5,1,66,1,6e+05,1,40,3,2,1,221.424380192991
4660896,1,1,1,60,1,1068333.375,1,48,3,5,0,225.634762637781
4660896,1,3,0,30,1,1195833.375,1,48,6,3,0,225.634762637781
4660897,1,1,1,62,1,4668333.5,1,50,6,5,0,214.558100672183
4660897,1,2,0,53,1,1.5e+07,1,60,6,5,0,214.558100672183
4660899,1,1,0,38,1,5455000,1,48,6,5,0,281.075599069015
4660899,1,2,1,38,4,8100000,1,40,6,5,0,281.075599069015
4660900,1,1,0,47,1,1062500,1,52,4,4,0,232.564281860378
4660900,1,2,1,52,4,3e+05,1,15,5,1,1,232.564281860378
4660901,1,1,1,51,4,3e+05,1,18,5,1,1,239.32611321492
4660902,1,1,1,53,4,6e+05,1,60,4,2,1,234.402983343277
4660902,1,2,0,55,4,3e+05,1,48,3,1,1,234.402983343277
4660904,1,1,0,51,4,3e+06,1,40,6,5,0,244.170591235507
4660905,1,1,1,59,1,1391666.625,1,84,6,5,0,172.604546830843
4660905,1,3,0,24,1,7e+05,1,48,6,3,1,172.604546830843
4660905,1,4,1,23,1,9e+05,1,48,6,3,0,172.604546830843
4660907,1,1,1,58,4,5e+06,1,40,6,5,0,201.376089258815
4660907,1,2,0,39,4,2e+06,1,40,6,5,0,201.376089258815
4660908,1,1,0,36,1,1075000,1,45,6,5,0,280.8296010962
4660908,1,2,1,24,1,3825000,1,45,6,5,0,280.8296010962
4660911,1,1,0,53,1,10791667,1,48,6,4,0,265.75855297061
4660912,1,1,1,29,1,1105000,1,44,5,2,0,272.178981996865
4660912,1,2,0,28,1,977908.6875,1,40,6,4,0,272.178981996865
4660913,1,2,1,53,4,8e+05,1,30,6,1,1,234.510822496742
4660914,1,1,1,45,4,9e+05,1,60,4,1,1,229.365980855756
4660915,1,1,0,55,2,3634166.75,1,40,6,5,0,206.2689274783
4660916,1,1,0,37,4,781242,1,60,3,1,1,271.117801607028
4660918,1,1,0,38,1,1960673,1,48,6,5,0,204.322386841936
4660921,1,1,0,41,1,720000,1,36,4,2,1,191.140375428568
4660921,1,2,1,21,1,884453,1,38,5,4,0,191.140375428568
4660921,1,3,0,20,1,931953,1,40,5,4,0,191.140375428568
4660923,1,1,1,62,4,6e+05,1,20,4,1,1,203.32262989518
4660923,1,2,0,58,4,5e+05,1,40,6,1,0,203.32262989518
4660923,1,3,1,24,1,2500000,1,48,6,5,0,203.32262989518
4660925,1,1,0,56,1,8e+05,1,49,4,2,0,216.504641308547
4660925,1,2,1,61,4,150000,1,77,4,1,1,216.504641308547
4660926,1,1,0,28,1,938286.3125,1,48,5,4,0,361.868207664497
4660927,1,1,1,31,1,927011.3125,1,48,6,5,0,352.971590592347
4660928,1,1,1,71,4,1200000,1,91,3,1,1,220.682386545991
4660928,1,4,0,44,1,3450000,1,48,6,5,0,220.682386545991
4660928,1,5,1,26,1,1834877.625,1,48,5,5,0,220.682386545991
4660929,1,1,0,36,1,1380687.375,1,60,3,3,0,212.081912626287
4660929,1,2,1,41,4,1800000,1,60,3,1,1,212.081912626287
4660929,1,3,0,18,1,781242,1,48,6,5,1,212.081912626287
4660930,1,1,0,56,4,9e+05,1,48,5,1,1,234.510822496742
4660930,1,2,1,32,1,1416666.625,1,70,4,2,0,234.510822496742
4660934,1,1,1,68,4,2200000,1,20,4,2,1,216.504641308547
4660935,1,1,1,23,1,1175000,1,62,5,4,0,243.446420228009
4660936,1,1,0,74,4,120000,1,42,3,1,1,252.537560898126
4660936,1,2,0,29,1,983000,1,50,6,4,0,252.537560898126
4660936,1,3,1,45,1,1680000,1,50,5,4,0,252.537560898126
4660937,1,1,1,52,1,833333.3125,1,48,5,2,1,199.740849348272
4660937,1,2,0,44,1,833333.3125,1,48,5,2,1,199.740849348272
4660937,1,3,1,22,1,833333.3125,1,48,6,2,1,199.740849348272
4660937,1,4,0,20,1,833333.3125,1,48,6,2,1,199.740849348272
4660938,1,3,1,25,1,1300000,1,48,5,4,0,214.028453262652
4660939,1,1,1,62,1,932744.6875,1,48,5,5,0,216.504641308547
4660940,1,1,1,75,4,2e+05,1,42,3,1,1,228.236805836986
4660940,1,5,0,49,1,988611,1,48,5,2,0,228.236805836986
4660940,1,6,0,48,1,932111,1,48,5,2,0,228.236805836986
4660940,1,7,1,47,1,839733.3125,1,48,5,2,0,228.236805836986
4660943,1,2,1,56,1,225000,1,24,6,2,1,195.181323939105
4660945,1,1,1,24,1,782500,1,84,5,3,0,243.446420228009
4660946,1,2,0,34,4,1e+06,1,50,6,1,1,281.075599069015
4660947,1,1,0,42,5,7e+05,1,48,5,2,0,355.447778638242
4660948,1,1,1,43,1,1096666.625,1,48,5,5,0,180.024732803853
4660948,1,2,0,42,3,60000,1,16,5,1,1,180.024732803853
4660948,1,5,0,20,1,902786.3125,1,48,6,4,0,180.024732803853
4660950,1,4,1,62,4,7e+05,1,40,4,2,0,219.841438410639
4660950,1,5,1,28,1,869453,1,48,6,5,1,219.841438410639
4660951,1,2,0,41,1,869453,1,48,5,5,0,263.282364924715
4660952,1,1,1,23,1,1183333.375,1,48,5,4,0,212.728337163672
4660952,1,2,0,20,1,780000,1,60,5,2,1,212.728337163672
4660953,1,3,0,30,1,869453,1,48,6,4,0,278.832915280204
4660954,1,1,0,51,3,931953,1,48,3,1,0,265.75855297061
4660955,1,1,1,53,1,1400000,1,53,4,4,0,256.520782537603
4660955,1,3,1,26,1,2291666.75,1,40,6,5,0,256.520782537603
4660956,1,1,1,52,4,2550000,1,56,5,5,0,236.918342097981
4660956,1,2,1,22,1,1291666.625,1,48,6,5,0,236.918342097981
4660958,1,1,1,60,1,5e+05,1,21,4,2,1,236.146062407286
4660959,1,1,0,54,1,1059044.375,1,48,6,5,0,252.576541557243
4660959,1,2,1,23,4,4e+05,1,60,6,1,1,252.576541557243
4660960,1,1,0,60,4,7e+05,1,72,3,1,1,223.80499912927
4660961,1,1,1,35,1,945286.3125,1,48,6,4,0,370.764824736647
4660963,1,1,1,23,1,1148266.625,1,48,6,5,0,221.624954235822
4660963,1,2,0,22,1,1166666.625,1,56,5,3,0,221.624954235822
4660964,1,1,1,55,4,6e+05,1,48,6,2,1,200.846441849285
4660965,1,1,0,58,4,1400000,1,60,4,1,1,236.987010542638
4660966,1,1,1,39,1,2120000,1,48,3,5,0,234.510822496742
4660966,1,2,0,55,3,928033.3125,1,48,5,2,0,234.510822496742
4660968,1,2,0,78,4,4e+05,1,10,1,2,1,170.148915998136
4660968,1,3,0,53,4,4e+05,1,10,5,2,0,170.148915998136
4660968,1,6,0,21,2,2e+06,1,40,6,5,0,170.148915998136
4660969,1,1,0,36,1,750000,1,56,3,2,1,274.65517004276
4660970,1,1,0,59,3,843742,1,48,3,1,0,223.80499912927
4660970,1,2,1,20,1,1408333.375,1,48,5,5,0,223.80499912927
4660971,1,1,0,31,4,2e+06,1,48,6,4,0,352.971590592347
4660971,1,2,1,36,4,2500000,1,48,6,1,0,352.971590592347
4660972,1,2,1,38,1,6e+05,1,63,4,2,1,218.258254500069
4660972,1,3,0,35,4,9e+05,1,48,5,3,1,218.258254500069
4660972,1,6,0,33,1,864333.3125,1,48,5,2,0,218.258254500069
4660972,1,9,0,28,4,1100000,1,48,6,3,1,218.258254500069
4660973,1,1,0,37,1,833916.6875,1,72,4,5,1,241.460898932528
4660973,2,1,1,32,1,1500000,1,69,6,5,0,241.460898932528
4660974,1,1,1,40,1,2367683.25,1,60,6,5,0,361.868207664497
4660974,1,2,0,31,1,4333333.5,1,48,6,5,0,361.868207664497
4660975,1,1,0,32,1,1028333.3125,1,45,6,5,0,427.002616800716
4660975,1,2,1,38,1,1028333.3125,1,48,6,5,0,427.002616800716
4660975,1,6,1,53,1,932744.6875,1,48,5,2,0,427.002616800716
4660976,1,1,1,43,4,5e+05,1,60,5,1,1,281.075599069015
4660976,1,2,0,33,1,1071044.375,1,45,6,5,0,281.075599069015
4660977,1,1,1,24,1,936119.6875,1,48,5,5,0,302.417562831304
4660977,1,2,0,22,1,616666.6875,1,50,4,3,1,302.417562831304
4660978,1,1,1,49,4,1e+06,1,60,3,1,1,258.996970583498
4660979,1,1,0,26,1,869066.6875,1,48,6,5,0,355.447778638242
4660980,1,1,0,31,1,1021786.3125,1,48,4,4,0,513.256863282753
4660981,1,1,1,25,1,1313333.375,1,60,5,3,0,352.971590592347
4660983,1,1,1,39,4,1500000,1,48,5,1,1,322.25350752801
4660984,1,1,0,46,4,4e+05,1,24,3,1,1,201.846198796041
4660984,1,2,1,46,4,5e+05,1,25,3,1,1,201.846198796041
4660984,1,3,0,23,1,4e+05,1,48,5,2,1,201.846198796041
4660985,1,2,1,32,1,1163211,1,48,5,5,0,263.282364924715
4660986,1,1,1,50,1,1083333.375,1,48,4,4,0,234.510822496742
4660987,1,1,1,43,1,1225000,1,48,6,2,0,331.15012460016
4660988,1,1,0,45,2,2e+06,1,30,6,5,0,234.442154052085
4660988,1,2,1,47,1,1365877.625,1,48,6,5,0,234.442154052085
4660989,1,2,0,54,4,1e+06,1,30,6,1,0,214.558100672183
4660990,1,1,1,36,1,1293700,1,48,6,5,0,254.152243595481
4660991,1,1,0,66,3,340000,1,16,3,2,1,232.034634450847
4660993,1,1,1,54,1,893333.3125,1,60,5,3,0,322.25350752801
4660993,1,2,0,39,4,8e+05,1,6,5,1,1,322.25350752801
4660994,1,1,0,20,1,1158333.375,1,48,6,4,0,225.910348577039
4660995,1,3,0,40,1,2500000,1,48,6,5,0,225.634762637781
4660996,1,1,1,25,1,1718211,1,48,6,5,0,322.020003270926
4660997,1,3,1,19,1,869453,1,48,5,4,0,250.100353511348
4660998,1,1,1,24,1,8e+05,1,84,5,2,1,151.292171034998
4660998,1,3,0,20,1,888211,1,48,5,4,0,151.292171034998
4660999,1,3,1,26,1,4333333.5,1,48,6,5,0,214.028453262652
4661000,1,1,0,42,1,844575.3125,1,48,4,5,0,252.576541557243
4661003,1,1,1,80,4,3e+05,1,28,4,1,0,189.769779883686
4661003,1,2,1,46,4,860000,1,16,6,1,0,189.769779883686
4661005,1,2,0,28,1,969453,1,48,6,5,0,272.178981996865
4661005,1,1,1,29,1,1062744.625,1,48,5,5,0,272.178981996865
4661006,1,1,1,31,4,1500000,1,48,5,2,1,281.309103326099
4661007,1,2,1,24,4,6e+05,1,12,6,1,1,166.722893238199
4661007,1,3,1,24,1,869453,1,48,6,4,1,166.722893238199
4661008,1,1,1,49,1,1695000,1,48,4,5,0,318.201617443876
4661008,1,3,0,26,1,1227333.375,1,48,6,5,0,318.201617443876
4661008,1,5,0,22,1,814575.3125,1,48,6,5,0,318.201617443876
4661009,1,2,1,30,2,1986666.625,1,84,6,5,0,238.984710886633
4661009,2,1,0,53,1,1031953,1,48,5,5,0,238.984710886633
4661010,1,1,0,36,1,885366.6875,1,48,6,2,0,352.971590592347
4661010,1,3,1,45,4,2500000,1,48,6,5,0,352.971590592347
4661011,1,1,1,31,1,1138211,1,48,5,5,0,263.282364924715
4661012,1,1,1,40,4,2e+06,1,40,3,1,1,281.075599069015
4661013,1,2,0,32,1,1121666.625,1,76,5,2,0,245.814959170131
4661013,1,1,1,34,1,1114333.375,1,36,5,2,0,245.814959170131
4661014,1,2,0,46,1,1009166.6875,1,48,6,4,0,272.178981996865
4661015,1,1,1,45,1,450000,1,40,5,2,1,254.152243595481
4661016,1,1,1,31,2,4800000,1,40,6,5,0,212.081912626287
4661016,1,4,0,24,1,1688211,1,40,6,5,0,212.081912626287
4661017,1,1,1,61,1,1059044.375,1,66,4,3,0,234.531379709931
4661017,1,3,0,31,1,941544.3125,1,52,5,5,0,234.531379709931
4661018,1,1,0,67,4,1200000,1,84,5,1,1,236.987010542638
4661019,1,2,0,39,3,350000,1,12,3,1,1,322.25350752801
4661019,1,3,0,19,1,6e+05,1,40,5,5,1,322.25350752801
4661019,1,1,1,33,1,1986000,1,48,6,5,0,322.25350752801
4661020,1,1,1,30,1,1491666.75,1,50,6,3,0,281.075599069015
4661021,1,2,0,28,1,2140000,1,40,6,5,0,272.178981996865
4661021,1,1,1,27,1,1388211,1,24,6,5,0,272.178981996865
4661022,1,1,0,57,1,1134600,1,60,6,5,0,236.987010542638
4661023,1,2,1,21,4,7e+05,1,70,5,2,1,212.728337163672
4661024,1,2,0,20,1,1288333.375,1,57,6,5,0,212.728337163672
4661024,1,1,1,22,1,9e+05,1,60,6,2,0,212.728337163672
4661025,1,1,0,47,4,9e+05,1,84,5,1,1,201.846198796041
4661025,1,4,0,23,1,1700000,1,45,6,5,0,201.846198796041
4661025,1,3,1,27,1,3280000,1,40,6,5,0,201.846198796041
4661026,1,1,1,28,1,1182377.625,1,48,6,5,0,190.610728019038
4661027,1,3,1,32,1,4500000,1,48,6,5,0,223.158574591886
4661027,1,1,1,60,1,2400000,1,48,3,4,0,223.158574591886
4661028,1,2,1,54,4,8e+05,1,50,5,1,1,206.200259033643
4661028,1,1,0,54,1,968211,1,48,5,5,0,206.200259033643
4661028,1,4,0,21,1,869453,1,48,6,5,0,206.200259033643
4661029,1,1,0,45,1,4083333.25,1,48,6,4,0,265.75855297061
4661032,1,1,0,50,3,680000,1,18,4,1,1,268.127091912732
4661032,1,2,1,19,2,425000,1,50,5,5,0,268.127091912732
4661034,1,3,0,33,1,1066211,1,48,5,5,0,309.032515455526
4661034,1,1,0,58,4,80000,1,5,3,1,1,309.032515455526
4661034,1,2,1,27,1,888211,1,68,5,5,0,309.032515455526
4661034,1,4,1,36,1,1349687.375,1,60,5,2,1,309.032515455526
4661035,1,1,1,56,4,8e+05,1,50,3,1,1,234.063382551472
4661035,1,2,0,49,4,781242,1,40,3,1,0,234.063382551472
4661036,1,2,0,41,1,901453,1,48,5,5,0,239.32611321492
4661036,1,1,1,45,1,1388211,1,48,3,2,0,239.32611321492
4661037,1,1,1,26,1,7e+05,1,48,4,4,1,254.152243595481
4661040,1,2,0,24,1,1100000,1,40,5,5,0,221.858458492906
4661040,1,1,1,21,1,1254877.625,1,48,5,5,0,221.858458492906
4661040,1,3,0,25,1,869452,1,48,5,5,0,221.858458492906
4663838,1,1,0,60,4,4e+05,1,24,3,2,1,250.061372852231
4663838,1,2,1,32,4,4e+05,1,45,3,2,1,250.061372852231
4663838,1,4,1,34,4,1200000,1,50,4,2,1,250.061372852231
4663839,1,1,1,57,4,1200000,1,24,6,1,0,214.028453262652
4663839,1,2,0,61,2,3291250,1,40,6,5,0,214.028453262652
4663839,1,3,1,27,1,1408333.375,1,48,6,4,0,214.028453262652
4663840,1,1,1,38,4,1300000,1,45,5,5,0,250.100353511348
4663840,1,2,0,33,1,1282000,1,48,6,5,0,250.100353511348
4663841,1,1,0,44,4,3e+05,1,60,3,1,1,263.282364924715
4663841,1,2,1,43,4,5e+05,1,49,3,1,1,263.282364924715
4663842,1,1,1,47,4,5e+06,1,45,6,5,0,192.716077466807
4663842,1,3,0,24,4,3114000,1,60,6,5,0,192.716077466807
4665547,1,4,1,50,1,1285000,1,50,3,5,0,223.32651142737
4665547,1,2,0,22,1,870833.3125,1,45,5,2,1,223.32651142737
4665547,1,1,1,34,1,1454166.625,1,50,3,5,0,223.32651142737
4665548,1,1,1,60,2,1851429,1,48,6,5,0,304.247326339814
4665548,1,2,0,46,1,999666.6875,1,48,6,5,0,304.247326339814
4665549,1,1,1,44,4,6e+05,1,84,3,1,1,269.70279395097
4665550,1,5,0,18,4,540000,1,21,4,2,1,183.711811290883
4665550,1,2,0,42,4,5e+05,1,48,3,2,1,183.711811290883
4665550,1,1,1,34,1,940622.6875,1,48,3,5,1,183.711811290883
4665550,1,7,1,30,1,991453,1,48,4,5,0,183.711811290883
4665551,1,3,0,64,4,80000,1,15,3,1,1,176.380850975718
4665551,1,4,1,60,1,648000,1,68,3,4,1,176.380850975718
4665552,1,2,0,33,1,433833.34375,1,48,6,3,0,255.013748944021
4665554,1,1,1,64,4,781242,1,72,3,1,1,245.27618373652
4665556,1,2,0,41,5,1500000,1,60,6,2,1,228.512391776244
4665556,1,3,1,19,1,850000,1,48,6,2,1,228.512391776244
4665556,1,1,1,39,5,2500000,1,50,5,2,1,228.512391776244
4665556,1,5,0,27,1,1241666.625,1,50,6,5,0,228.512391776244
4665557,1,1,1,29,1,5e+05,1,60,3,3,1,254.152243595481
4665558,1,1,0,42,2,8083333,1,40,6,5,0,225.634762637781
4665559,1,4,1,60,4,1100000,1,84,6,1,1,200.866999062473
4665559,1,3,0,42,4,1200000,1,42,6,2,0,200.866999062473
4665560,1,1,1,52,1,898619.6875,1,48,3,4,0,348.919700508213
4665561,1,1,1,40,1,1200000,1,48,3,3,1,206.200259033643
4665561,1,2,0,39,4,6e+05,1,48,4,1,1,206.200259033643
4665561,1,3,0,20,1,8e+05,1,48,6,3,1,206.200259033643
4665561,1,5,1,18,1,8e+05,1,48,6,2,1,206.200259033643
4665562,1,2,0,48,1,985877.6875,1,48,5,5,0,232.564281860378
4665562,1,1,1,48,1,1727544.375,1,48,5,4,0,232.564281860378
4665563,1,1,1,26,1,923211,1,48,5,5,0,313.123386198776
4665564,1,1,1,51,2,2410000,1,45,5,5,0,309.071496114642
4665564,1,4,1,20,4,480000,1,48,6,3,1,309.071496114642
4665564,1,3,0,22,1,1875000,1,48,6,5,0,309.071496114642
4665565,1,1,1,50,1,1300000,1,55,3,2,0,197.560804454823
4665565,1,2,0,46,4,960000,1,50,3,1,1,197.560804454823
4665565,1,4,1,18,1,5e+05,1,28,4,4,1,197.560804454823
4665566,1,2,1,21,1,1233333.375,1,68,5,3,1,210.622987715903
4665568,1,1,1,52,4,7e+05,1,50,3,1,1,295.889484701275
4665570,1,1,0,33,1,949453,1,48,5,5,0,213.219003914086
4665571,1,1,1,47,4,1500000,1,48,4,1,1,322.25350752801
4665571,1,3,0,21,1,976544.3125,1,48,6,4,0,322.25350752801
4665571,1,2,0,43,4,1e+06,1,48,5,1,1,322.25350752801
4665572,1,1,1,24,4,8e+05,1,48,4,1,1,302.417562831304
4665573,1,1,1,24,1,8e+05,1,48,4,2,1,299.941374785409
4665574,1,2,0,31,1,839575.3125,1,53,3,3,1,206.457421526973
4665574,1,1,1,32,4,3e+05,1,56,3,3,1,206.457421526973
4665574,1,7,1,24,1,1115833.375,1,55,5,5,0,206.457421526973
4665575,1,2,0,36,4,6e+05,1,40,3,1,1,206.200259033643
4665575,1,1,1,40,1,1713211,1,48,3,5,0,206.200259033643
4665576,1,1,0,27,1,781242,1,48,5,2,1,355.447778638242
4665577,1,1,1,56,1,925733.3125,1,48,3,5,0,192.736634679995
4665577,1,2,0,38,1,896266.6875,1,48,3,5,0,192.736634679995
4665578,1,1,1,48,4,2e+05,1,48,5,1,1,416.787460183658
4665578,1,7,0,23,4,8e+05,1,36,5,2,1,416.787460183658
4665578,1,6,1,24,1,966119.6875,1,48,5,5,0,416.787460183658
4665580,1,1,1,26,1,952786.3125,1,48,5,5,0,232.330777603294
4665581,1,1,0,35,1,833333.3125,1,48,5,5,0,265.75855297061
4665584,1,2,0,37,1,1543211,1,48,6,5,0,224.295665879684
4665588,1,3,0,29,1,3091666.75,1,60,6,5,0,194.916679573444
4665588,1,4,0,24,1,1304877.625,1,40,6,4,0,194.916679573444
4665589,1,2,0,56,4,7e+05,1,40,4,1,1,216.504641308547
4665589,1,1,1,63,4,1500000,1,40,5,1,1,216.504641308547
4665590,1,2,1,57,4,1100000,1,70,3,1,1,254.406305065754
4665590,1,1,0,51,4,1e+06,1,80,3,1,1,254.406305065754
4665590,1,3,0,33,4,7e+05,1,50,3,1,1,254.406305065754
4665591,1,1,1,51,1,869453,1,48,5,3,0,236.918342097981
4665591,1,3,1,24,1,936119.6875,1,40,6,3,0,236.918342097981
4665591,1,2,0,41,4,3e+05,1,70,5,1,1,236.918342097981
4665592,1,1,1,68,4,1e+05,1,40,3,1,0,236.146062407286
4665593,1,3,0,27,1,1430000,1,40,6,5,0,234.531379709931
4665594,1,1,1,46,1,1400000,1,42,3,2,1,254.152243595481
4665595,1,1,1,61,4,140000,1,30,5,1,1,236.146062407286
4665597,1,4,1,32,4,7e+05,1,77,4,1,1,236.879361438864
4665597,1,3,0,34,4,9e+05,1,60,4,5,0,236.879361438864
4665597,1,1,0,62,4,50000,1,15,4,1,1,236.879361438864
4665598,1,1,0,55,1,830000,1,48,4,5,0,166.722893238199
4665598,1,3,1,23,1,888211,1,48,6,5,0,166.722893238199
4665599,1,1,0,66,5,6e+05,1,40,3,2,0,217.345589443899
4665600,1,1,0,40,3,458333.34375,1,24,3,1,0,221.858458492906
4665601,1,1,0,36,4,6e+05,1,56,3,1,1,265.75855297061
4665602,1,2,0,32,4,3e+05,1,4,3,1,1,317.968113186792
4665602,1,1,1,33,4,9e+05,1,48,4,1,1,317.968113186792
4665604,1,2,1,24,1,919453,1,48,5,5,0,232.935120458504
4665604,1,1,0,47,1,564500,1,24,3,5,0,232.935120458504
4665605,1,2,0,38,1,936666.6875,1,48,5,4,0,193.577582815347
4665607,1,2,0,26,1,1221666.625,1,60,5,5,0,342.226786565758
4665607,1,1,1,27,1,830000,1,72,5,5,1,342.226786565758
4665607,1,4,0,59,4,50000,1,5,1,1,1,342.226786565758
4665609,1,1,1,67,4,1e+06,1,20,5,1,1,236.146062407286
4665610,1,1,0,32,1,896333.3125,1,48,5,4,0,445.137004305874
4665611,1,1,1,35,1,994453,1,60,5,5,0,241.460898932528
4665611,1,2,0,35,1,988786.3125,1,50,5,4,0,241.460898932528
4665612,1,1,0,62,4,140000,1,3,5,1,1,185.510972304952
4665612,1,2,0,28,1,3641666.75,1,40,6,5,0,185.510972304952
4665612,1,5,1,56,4,6e+05,1,30,6,1,1,185.510972304952
4665614,1,1,0,55,3,7e+05,1,48,5,1,1,232.034634450847
4665614,1,2,1,52,1,1183333.375,1,48,4,4,0,232.034634450847
4665614,1,3,1,28,1,1635877.625,1,53,5,5,0,232.034634450847
4665616,1,2,1,24,1,2608333.25,1,30,6,5,0,222.964050993919
4665617,1,4,1,51,4,4e+05,1,35,5,1,0,230.088093814483
4665618,1,1,1,60,1,2491666.75,1,48,5,5,0,216.504641308547
4665620,1,2,0,56,1,4333333.5,1,30,6,4,0,201.31655138651
4665622,1,2,0,25,4,3e+05,1,20,5,1,1,269.70279395097
4665622,1,1,1,35,1,1082211,1,48,5,4,0,269.70279395097
4665622,2,1,1,45,1,950000,1,75,4,2,1,269.70279395097
4665623,1,3,0,40,1,1936544.375,1,48,5,5,0,271.423893827708
4665626,1,3,0,43,1,1160000,1,40,6,2,0,234.531379709931
4665628,1,5,0,53,4,150000,1,25,5,1,1,195.482041769537
4665628,1,6,1,55,4,8e+05,1,30,4,1,1,195.482041769537
4665628,1,4,0,29,1,1041666.6875,1,45,6,5,0,195.482041769537
4665629,1,4,1,22,1,1482377.625,1,48,6,5,0,209.976563178519
4665629,1,2,0,53,1,958877.6875,1,40,6,4,0,209.976563178519
4665629,1,1,1,56,4,1e+06,1,72,6,1,1,209.976563178519
4665630,1,1,0,39,1,989119.6875,1,45,4,4,0,204.322386841936
4665631,1,1,1,46,2,1333333.375,1,48,6,5,0,188.664187382673
4665631,1,4,1,22,1,902786.3125,1,48,6,4,0,188.664187382673
4665631,1,2,0,45,2,933333.3125,1,48,6,5,0,188.664187382673
4665631,1,3,0,24,1,1121544.375,1,48,6,5,0,188.664187382673
4665632,1,1,1,39,1,1637377.625,1,48,6,5,0,272.178981996865
4665632,1,2,0,30,1,1258211,1,48,6,5,0,272.178981996865
4665634,1,1,0,69,4,5e+05,1,24,3,1,1,252.786144578814
4665635,1,2,0,52,1,1214333.375,1,52,6,3,0,262.52494066333
4665636,1,2,0,18,1,20000,1,10,5,2,1,226.910226307917
4665636,1,1,1,24,1,750000,1,44,6,2,1,226.910226307917
4665638,1,1,1,65,1,1200000,1,24,3,5,0,326.606791441258
4665641,1,1,1,61,1,1800000,1,40,5,4,0,164.198596509107
4665641,1,4,0,24,1,1688211,1,48,6,5,0,164.198596509107
4665641,1,3,0,41,1,1134502.625,1,40,6,4,0,164.198596509107
4665642,1,1,0,27,3,720000,1,45,5,1,1,283.475789835318
4665643,1,3,0,21,1,1121544.375,1,45,5,5,0,236.649022392433
4665643,1,1,0,49,1,650000,1,43,5,2,1,236.649022392433
4665644,1,5,0,19,1,462500,1,24,6,5,0,204.046800902678
4665644,1,4,0,48,3,781242,1,48,3,1,0,204.046800902678
4665645,1,1,1,63,4,780000,1,48,5,1,0,216.504641308547
4665645,1,2,0,65,4,220000,1,18,3,2,0,216.504641308547
4665647,1,2,0,40,1,1e+07,1,40,6,3,0,357.816317580363
4665647,1,1,1,54,1,5e+06,1,40,6,3,0,357.816317580363
4665647,1,6,0,41,3,781242,1,48,3,1,0,357.816317580363
4665647,1,3,1,21,1,9e+05,1,40,6,3,0,357.816317580363
4665648,1,2,0,37,1,9e+05,1,84,6,2,1,217.806568408772
4665648,1,5,0,44,4,840000,1,54,5,2,1,217.806568408772
4665648,1,1,1,22,1,840000,1,84,5,2,1,217.806568408772
4665650,1,1,1,49,4,4e+05,1,32,4,2,1,248.068567317737
4665650,1,2,0,44,4,250000,1,36,5,1,1,248.068567317737
4665650,1,3,0,19,1,1022700,1,48,6,2,0,248.068567317737
4665651,1,1,1,39,4,1500000,1,40,5,1,0,272.178981996865
4665652,1,1,0,47,1,4333333.5,1,48,6,5,0,204.322386841936
4665653,1,1,1,34,1,4000500,1,48,6,5,0,248.068567317737
4665653,1,2,0,30,1,2738333.25,1,48,6,4,0,248.068567317737
4665657,1,1,1,46,1,11916667,1,45,6,5,0,240.951808736186
4665657,1,2,0,40,1,5e+06,1,45,6,5,0,240.951808736186
4665658,1,1,1,62,4,8e+05,1,72,3,1,1,236.146062407286
4665660,1,2,0,54,2,2958333.25,1,48,6,5,0,182.575616295428
4665660,1,5,0,86,3,6e+05,1,48,3,1,1,182.575616295428
4665661,1,2,0,55,4,5e+05,1,14,6,1,1,190.140618481813
4665662,1,1,1,40,1,1e+06,1,60,6,5,0,280.834522586363
4665662,1,2,0,46,1,410000,1,24,5,2,0,280.834522586363
4665663,1,2,1,28,1,1796544.375,1,40,6,5,0,251.676055549586
4665663,1,1,1,52,4,1500000,1,60,4,1,1,251.676055549586
4665667,1,2,1,35,1,420000,1,48,5,2,1,278.353413050305
4665667,1,1,0,39,1,250000,1,30,3,2,1,278.353413050305
4665668,1,1,0,49,3,280000,1,48,3,1,1,283.475789835318
4665669,1,2,1,57,4,7e+05,1,36,6,1,1,247.567117144696
4665669,1,1,0,40,3,50000,1,8,5,1,1,247.567117144696
4665670,1,1,1,45,1,1006500,1,48,4,4,0,260.80617687882
4665670,1,2,0,53,1,870000,1,48,3,5,0,260.80617687882
4665670,1,3,1,31,1,1275000,1,48,5,5,0,260.80617687882
4665671,1,1,1,63,4,1900000,1,40,6,5,0,203.32262989518
4665672,1,1,1,48,1,3e+06,1,48,6,4,0,352.971590592347
4665672,1,2,0,47,1,8450000,1,48,6,4,0,352.971590592347
4665673,1,1,0,37,5,3e+06,1,60,6,3,0,261.473158629393
4665674,1,6,1,49,1,1200000,1,48,3,4,1,287.49602809527
4665674,1,2,0,31,4,1e+05,1,21,5,1,1,287.49602809527
4665674,1,1,1,31,4,1200000,1,50,3,1,1,287.49602809527
4665675,1,2,1,36,1,1850500,1,48,5,5,0,339.78957917898
4665675,1,1,0,34,1,1056666.625,1,48,5,5,0,339.78957917898
4665676,1,1,0,29,3,140000,1,10,5,1,1,292.965514712278
4665677,1,2,1,60,1,1163700,1,70,3,5,0,261.627929318955
4665678,1,1,0,58,3,150000,1,48,3,1,1,236.987010542638
4665679,1,1,1,57,1,1073000,1,50,5,5,0,251.889133234439
4665680,1,1,1,60,4,8e+05,1,80,5,1,1,245.27618373652
4665681,1,1,1,34,1,995211,1,48,4,5,0,254.152243595481
4665682,1,1,0,49,4,250000,1,16,5,1,1,263.282364924715
4665682,2,1,1,32,1,780000,1,48,6,4,1,263.282364924715
4665684,1,1,1,60,4,1200000,1,48,4,2,1,241.224293652386
4665684,1,3,0,28,1,1555666.625,1,48,6,5,0,241.224293652386
4665684,1,4,1,22,1,993291.5625,1,48,5,5,0,241.224293652386
4665685,1,1,1,50,1,1750000,1,60,5,5,0,232.564281860378
4665685,1,2,0,39,3,1e+06,1,48,5,1,1,232.564281860378
4665686,1,1,1,26,1,930119.6875,1,48,5,5,0,232.330777603294
4665688,1,1,0,53,5,450000,1,51,4,2,1,272.178981996865
4665688,1,2,1,31,1,1500000,1,51,6,4,0,272.178981996865
4665689,1,1,0,20,4,1e+05,1,17,6,1,1,315.599574244671
4665690,1,3,0,28,1,1379877.625,1,48,6,4,0,252.77106515521
4665690,1,1,1,48,1,1933333.375,1,48,4,5,0,252.77106515521
4665690,1,4,0,25,1,869453,1,40,6,5,0,252.77106515521
4665692,1,3,0,22,1,927786.3125,1,48,5,5,0,175.550844413963
4665692,1,2,0,23,1,1148619.625,1,48,6,4,0,175.550844413963
4665693,1,2,0,31,1,390000,1,20,6,5,1,208.637466420422
4665693,1,3,1,36,1,841666.6875,1,48,5,2,1,208.637466420422
4665693,1,1,0,60,1,8e+05,1,30,6,3,0,208.637466420422
4665694,1,1,1,33,5,1800000,1,50,6,2,0,263.282364924715
4665694,1,2,0,40,1,4300000,1,40,6,5,0,263.282364924715
4665695,1,2,0,47,1,1160544.375,1,48,5,5,0,352.971590592347
4665696,1,1,0,27,1,839408.6875,1,48,5,4,0,272.178981996865
4665696,1,3,1,25,4,8e+05,1,30,6,5,1,272.178981996865
4665697,1,1,1,31,1,6e+06,1,40,6,5,0,254.152243595481
4665698,1,1,0,72,1,3e+05,1,8,4,3,0,232.935120458504
4665698,1,2,0,53,1,812908.6875,1,48,5,5,0,232.935120458504
4665699,1,3,0,45,1,1950000,1,48,6,5,0,223.158574591886
4665699,1,4,1,43,1,2291666.75,1,48,6,4,0,223.158574591886
4665700,1,2,0,27,1,931119.6875,1,48,6,5,0,246.117131871871
4665701,1,1,0,57,1,350000,1,40,5,2,1,232.034634450847
4665702,1,2,1,24,1,863333.3125,1,48,5,4,0,240.990789395303
4665702,1,3,0,25,1,863333.3125,1,48,5,5,0,240.990789395303
4665703,1,1,1,40,1,4333333.5,1,48,6,5,0,370.998328993731
4665703,1,2,0,37,1,4550000,1,48,6,5,0,370.998328993731
4665703,1,5,0,53,3,9e+05,1,50,6,1,1,370.998328993731
4665705,1,3,1,39,1,1e+06,1,72,4,3,1,216.926639614304
4665705,1,2,0,36,1,1309666.625,1,72,5,5,0,216.926639614304
4665705,1,7,1,58,1,1383333.375,1,48,3,5,0,216.926639614304
4665706,1,1,0,58,1,1253544.375,1,40,6,2,0,206.2689274783
4665707,1,3,0,36,4,550000,1,48,5,2,1,302.141976892046
4665709,1,1,1,34,4,1e+06,1,70,4,1,1,254.152243595481
4665710,1,1,0,32,1,2604166.75,1,48,6,5,0,265.75855297061
4665711,1,1,0,27,1,3433333.25,1,38,6,5,0,245.27618373652
4665712,1,1,1,71,4,3e+05,1,42,3,1,1,216.504641308547
4665712,1,2,0,70,4,3e+05,1,25,4,1,1,216.504641308547
4665713,1,2,1,36,1,2916666.75,1,48,6,5,0,234.510822496742
4665714,1,1,0,49,1,910000,1,60,5,2,1,263.282364924715
4665714,1,2,1,54,4,1e+06,1,56,5,1,1,263.282364924715
4665715,1,1,0,41,1,1385711,1,48,6,5,0,333.859816903139
4665716,1,1,0,33,4,5e+05,1,30,3,1,1,364.344395710392
4665717,1,1,1,29,4,2500000,1,36,6,2,1,272.178981996865
4665718,1,1,0,35,1,840000,1,66,4,2,1,258.996970583498
4665718,1,2,1,35,4,1e+06,1,60,4,1,1,258.996970583498
4665719,1,2,1,37,4,250000,1,48,3,1,1,233.669874361391
4665719,1,1,1,65,4,2e+05,1,84,1,1,1,233.669874361391
4665720,1,1,1,50,4,920000,1,60,1,1,1,232.564281860378
4665720,1,2,0,45,1,934453,1,48,3,5,0,232.564281860378
4665721,1,2,0,24,1,1700454,1,48,6,5,0,302.417562831304
4665723,1,3,0,27,1,2003000,1,48,6,5,0,225.634762637781
4665725,1,1,1,25,1,9e+05,1,58,3,2,1,272.178981996865
4665726,1,1,1,29,4,1500000,1,60,5,1,1,210.252149117777
4665726,1,2,0,21,1,1288211,1,48,6,5,0,210.252149117777
4665727,1,1,1,28,1,1302666.625,1,60,5,5,0,313.123386198776
4665728,1,3,1,19,4,150000,1,24,3,1,1,372.465367400197
4665731,1,1,1,54,4,4e+05,1,60,4,1,1,210.252149117777
4665732,1,1,0,41,4,5e+05,1,30,4,1,1,235.040469906273
4665733,1,1,1,36,2,2500000,1,48,6,5,0,272.178981996865
4665733,1,2,0,27,1,1288211,1,48,6,5,0,272.178981996865
4665734,1,1,1,56,1,932950,1,48,6,5,0,254.406305065754
4665734,1,3,0,30,2,3466666.75,1,48,6,5,0,254.406305065754
4665734,1,2,0,48,1,870450,1,48,5,5,0,254.406305065754
4665735,1,5,0,48,4,1e+05,1,18,3,1,1,228.278887519161
4665739,1,1,1,44,5,1e+06,1,70,5,3,0,243.338771124235
4665739,1,2,0,45,5,1e+06,1,70,5,3,1,243.338771124235
4665739,1,3,1,25,1,3032666.75,1,45,6,5,0,243.338771124235
4665740,1,1,1,69,4,7e+05,1,48,3,1,0,233.669874361391
4665741,1,1,0,38,1,781242,1,70,6,2,1,243.937086978423
4665742,1,1,1,25,1,833333.3125,1,70,4,3,0,322.25350752801
4665743,1,1,1,38,1,150000,1,40,3,2,1,451.557433332129
4665744,1,1,0,41,4,4e+05,1,84,5,1,1,252.576541557243
4665744,1,2,1,22,4,7e+05,1,72,6,3,1,252.576541557243
4665746,1,1,0,30,1,7e+05,1,30,3,2,1,342.265767224875
4665746,1,3,1,22,1,1121544.375,1,48,4,3,0,342.265767224875
4665747,1,1,1,46,4,781000,1,48,5,1,1,228.278887519161
4665747,1,2,0,40,4,5e+05,1,84,5,1,0,228.278887519161
4665748,1,1,1,25,4,1100000,1,84,6,1,1,352.971590592347
4665751,1,1,1,56,1,8e+05,1,50,4,2,1,236.146062407286
4665752,1,2,0,58,4,3e+06,1,40,6,1,1,183.310370198315
4665752,1,3,1,36,1,3e+06,1,48,6,2,1,183.310370198315
4665753,1,1,1,35,1,1422744.625,1,72,5,5,0,237.175504591311
4665753,1,2,0,35,1,937500,1,25,5,3,1,237.175504591311
4665754,1,2,0,49,1,810408.6875,1,48,4,5,0,241.460898932528
4665754,1,1,1,40,1,997500,1,60,3,5,0,241.460898932528
4665755,1,1,1,46,4,9e+05,1,60,5,1,0,281.075599069015
4665756,1,1,0,27,1,996833.3125,1,48,5,5,0,274.65517004276
4665757,1,1,1,38,1,1979877.625,1,48,6,5,0,241.460898932528
4665757,1,2,0,35,4,1900000,1,48,6,5,0,241.460898932528
4665758,1,1,0,52,1,966053,1,48,4,5,0,244.170591235507
4665759,1,1,1,24,1,781242,1,48,6,4,0,243.446420228009
4665760,1,1,0,48,1,862500,1,43,6,5,0,260.80617687882
4665760,1,3,1,34,1,3e+06,1,48,6,5,0,260.80617687882
4665760,1,2,1,50,4,1400000,1,72,3,1,0,260.80617687882
4665761,1,1,0,36,3,1958833.375,1,75,5,1,0,239.394530143876
4665761,1,2,1,18,1,3e+05,1,35,6,2,1,239.394530143876
4665762,1,1,0,37,4,250000,1,16,5,1,1,263.282364924715
4665762,1,2,1,37,4,2e+06,1,40,4,1,1,263.282364924715
4665763,1,1,0,51,4,6e+05,1,48,4,2,1,241.460898932528
4665763,1,2,1,30,1,1e+06,1,48,5,2,1,241.460898932528
4665763,1,3,0,21,1,901453,1,48,5,5,0,241.460898932528
4665765,1,1,0,46,3,938766.6875,1,50,4,1,1,252.576541557243
4665765,1,2,1,20,1,9e+05,1,91,5,2,1,252.576541557243
4665766,1,1,1,21,4,5e+05,1,48,4,4,1,221.624954235822
4665766,1,2,0,21,4,4e+05,1,48,4,4,1,221.624954235822
4665767,1,1,0,47,4,1200000,1,65,5,5,1,221.858458492906
4665767,1,3,0,20,1,550000,1,50,5,2,1,221.858458492906
4665768,1,1,1,56,5,2500000,1,40,5,3,0,240.990789395303
4665770,1,1,0,52,4,1500000,1,70,4,1,1,331.15012460016
4665770,1,2,1,31,4,2e+06,1,48,5,1,1,331.15012460016
4665770,1,3,0,20,1,962744.6875,1,48,5,5,0,331.15012460016
4665771,1,2,1,41,4,6e+06,1,30,6,5,0,261.434177970276
4665771,1,3,0,40,4,1200000,1,35,6,4,0,261.434177970276
4665774,1,1,1,58,4,320000,1,6,4,1,1,245.27618373652
4665775,1,1,0,38,1,3647500,1,48,6,5,0,265.75855297061
4665777,1,1,0,53,4,320000,1,20,4,1,1,265.75855297061
4665780,1,1,0,43,4,5400000,1,50,6,5,0,274.65517004276
4665781,1,3,0,34,1,1570000,1,40,6,5,0,315.323988305413
4665784,1,1,1,52,1,4e+05,1,60,5,2,1,254.152243595481
4665787,1,1,0,54,4,8e+05,1,48,5,1,1,265.75855297061
4665788,1,1,0,20,1,932744.6875,1,48,5,5,0,195.192265512702
4665788,1,2,0,21,1,932744.6875,1,40,5,5,0,195.192265512702
4665792,1,1,0,23,1,909453,1,54,5,5,0,225.910348577039
4665793,1,1,0,73,1,240000,1,70,1,2,1,236.987010542638
4665796,1,1,0,41,4,450000,1,60,3,3,1,252.576541557243
4665797,1,1,1,42,5,2e+06,1,50,3,2,1,212.922860761639
4665797,1,2,0,45,1,869453,1,48,5,5,0,212.922860761639
4668984,1,1,1,36,1,6245400,1,40,6,5,0,263.282364924715
4668985,1,1,1,60,4,1e+06,1,40,6,1,1,216.504641308547
4668986,1,1,0,40,4,7e+06,1,48,6,4,0,263.282364924715
4668986,1,2,1,31,2,7350000,1,44,6,5,0,263.282364924715
4669783,1,1,1,25,1,1003211,1,48,5,5,0,223.434160531144
4669783,1,2,0,22,1,930929.4375,1,48,6,5,0,223.434160531144
4669784,1,3,1,20,1,240000,1,16,4,2,1,230.988579822139
4669784,1,1,0,46,4,450000,1,30,3,1,1,230.988579822139
4669784,1,2,0,28,1,971119.6875,1,48,5,4,0,230.988579822139
4669785,1,1,0,38,1,1023200,1,48,5,5,0,267.893587655648
4669787,1,1,1,37,2,3600000,1,40,6,5,0,272.178981996865
4669787,1,2,0,36,2,4433333.5,1,40,6,5,0,272.178981996865
4671413,1,1,1,37,1,1040000,1,54,4,2,1,219.382270447011
4671413,1,2,0,38,5,3500000,1,66,3,2,0,219.382270447011
4671414,1,1,1,38,1,750000,1,60,3,4,1,361.868207664497
4671414,1,2,0,35,1,8e+05,1,48,5,2,1,361.868207664497
4671415,1,2,1,29,1,1022711,1,48,5,5,0,234.510822496742
4671416,1,1,1,58,1,6500000,1,48,6,5,0,185.78655824421
4671416,1,2,0,56,1,9e+06,1,48,6,5,0,185.78655824421
4671417,1,2,0,54,4,7e+05,1,28,6,1,1,225.634762637781
4671417,1,3,1,56,4,1200000,1,40,4,1,1,225.634762637781
4671418,1,3,1,21,4,1250000,1,30,6,5,0,232.094172323153
4671419,1,1,1,62,1,1e+07,1,48,6,5,0,216.504641308547
4671420,1,1,1,42,1,1800000,1,30,6,4,1,339.78957917898
4671420,1,2,0,44,1,9e+05,1,56,6,2,0,339.78957917898
4671420,1,3,1,18,1,350000,1,20,6,2,1,339.78957917898
4671422,1,1,1,40,1,1041833.3125,1,35,3,2,0,352.971590592347
4671422,1,2,0,40,1,1035000,1,48,5,5,1,352.971590592347
4671423,1,2,1,50,1,869453,1,48,6,5,0,234.510822496742
4671425,1,1,1,55,4,2e+06,1,25,5,1,1,218.912160909785
4671425,1,2,0,47,4,5e+05,1,20,5,1,1,218.912160909785
4671426,1,3,1,19,1,4e+05,1,40,6,3,1,232.094172323153
4671428,1,1,1,36,4,5e+06,1,60,6,5,0,254.152243595481
4671429,1,1,1,24,1,2491666.75,1,40,6,5,0,243.446420228009
4671430,1,1,1,53,1,846483.3125,1,90,3,2,0,208.146799670008
4671430,1,3,1,23,5,9e+05,1,45,5,2,1,208.146799670008
4671430,1,4,1,21,1,2e+05,1,45,5,2,1,208.146799670008
4671431,1,4,0,31,3,7e+05,1,48,5,1,0,281.309103326099
4671432,1,4,1,45,4,6e+05,1,48,5,2,1,389.355014513782
4671433,1,1,0,31,1,5416666.5,1,40,6,5,0,265.75855297061
4671434,1,1,1,45,2,4333333.5,1,48,6,5,0,219.382270447011
4671435,1,1,1,34,2,2280000,1,60,6,5,0,361.868207664497
4671436,1,1,1,66,1,3250000,1,30,6,4,0,225.634762637781
4671436,1,2,0,67,1,2166666.75,1,30,6,4,0,225.634762637781
4671436,1,3,0,29,1,5208333.5,1,48,6,5,0,225.634762637781
4671439,1,1,1,39,1,2500000,1,48,6,4,0,254.152243595481
4671442,1,1,1,48,1,847233.3125,1,48,3,1,0,272.178981996865
4671442,1,2,0,28,4,8e+05,1,40,5,1,1,272.178981996865
4671444,1,1,0,33,2,9650000,1,45,6,5,0,265.75855297061
4671445,1,1,1,60,4,9e+06,1,25,6,1,0,236.146062407286
4671448,1,1,1,30,1,966500,1,60,6,5,0,352.971590592347
4671448,1,2,0,26,1,879000,1,48,6,5,0,352.971590592347
4671449,1,2,1,54,4,1600000,1,50,6,2,0,234.510822496742
4671450,1,1,0,45,1,50000,1,11,4,2,1,255.202242992694
4671450,1,2,0,21,1,390000,1,30,6,2,1,255.202242992694
4671450,1,4,0,25,4,3e+05,1,48,6,1,1,255.202242992694
4671450,1,5,1,27,4,5e+05,1,66,5,4,1,255.202242992694
4671451,1,1,1,32,1,7e+05,1,30,5,3,1,254.152243595481
4671453,1,1,1,29,1,6e+05,1,36,6,2,1,251.676055549586
4671453,1,2,1,30,1,9e+05,1,60,5,2,1,251.676055549586
4671454,1,1,0,53,4,1200000,1,35,4,1,1,265.75855297061
4671455,1,1,1,30,1,2096544.375,1,48,6,4,0,272.178981996865
4671455,1,2,0,34,2,1842144.375,1,48,6,5,0,272.178981996865
4671457,1,2,1,36,1,1017500,1,69,4,3,0,258.996970583498
4671457,1,3,1,18,1,938615.3125,1,48,5,3,1,258.996970583498
4671458,1,1,0,41,3,2e+05,1,32,5,1,1,370.479846104715
4671458,1,6,1,39,1,869453,1,50,3,4,0,370.479846104715
4671458,1,7,0,24,3,80000,1,32,4,1,1,370.479846104715
4671459,1,1,1,30,1,1063211,1,48,6,5,0,240.970232182114
4671459,1,2,1,23,1,1369453,1,48,5,4,0,240.970232182114
4671461,1,3,0,21,1,1318700,1,48,5,5,0,322.25350752801
4671462,1,1,1,26,1,1041666.6875,1,48,6,5,0,340.280245929394
4671462,1,4,0,38,1,1905000,1,48,6,4,0,340.280245929394
4671463,1,1,1,40,4,4e+05,1,40,5,1,1,272.178981996865
4671463,1,2,0,30,4,4e+05,1,24,5,1,1,272.178981996865
4671464,1,1,1,49,1,2065250,1,48,5,5,0,171.128115731703
4671465,1,1,0,56,1,934611,1,48,5,5,0,234.510822496742
4671465,1,2,1,29,2,1488945,1,45,6,5,0,234.510822496742
4671467,1,1,0,54,4,120000,1,40,6,1,0,368.522140947836
4671467,1,2,1,33,1,962786.3125,1,48,5,5,0,368.522140947836
4671467,1,4,1,32,1,991953,1,48,6,5,0,368.522140947836
4671468,1,1,1,31,2,2475000,1,65,6,5,0,313.123386198776
4671469,1,2,1,50,4,9e+05,1,78,4,5,1,238.514601349407
4671469,1,4,0,42,4,4e+05,1,40,6,1,1,238.514601349407
4671469,1,5,1,20,1,1625000,1,48,6,5,0,238.514601349407
4671470,1,1,0,59,3,550000,1,27,1,1,1,246.117131871871
4671470,1,2,0,35,1,1045000,1,48,5,5,0,246.117131871871
4671471,1,1,1,56,5,2e+06,1,20,4,2,1,232.094172323153
4671471,1,2,0,48,5,2e+06,1,48,4,2,1,232.094172323153
4671473,1,1,1,41,2,3375000,1,40,6,5,0,263.282364924715
4671474,1,1,0,34,4,1e+06,1,84,6,1,1,265.75855297061
4671475,1,2,1,59,4,3500000,1,60,5,1,0,227.808777981935
4671475,1,3,1,20,4,5e+05,1,31,6,1,1,227.808777981935
4671476,1,1,0,34,4,480000,1,40,5,1,1,267.893587655648
4671477,1,1,1,59,1,1100000,1,48,5,5,0,195.894065757495
4671477,1,2,0,65,3,1083333.375,1,48,3,1,0,195.894065757495
4671477,1,3,1,36,1,1058211,1,48,6,3,0,195.894065757495
4671477,1,4,1,31,1,806000,1,48,5,3,0,195.894065757495
4671478,1,1,0,60,4,1e+05,1,35,6,1,0,232.935120458504
4671478,1,2,0,38,4,3e+05,1,20,4,2,1,232.935120458504
4671479,1,1,1,58,5,8e+06,1,48,6,3,1,201.376089258815
4671479,1,3,1,23,1,1408333.375,1,48,6,3,0,201.376089258815
4671479,1,4,0,22,1,902786.3125,1,48,6,3,0,201.376089258815
4671480,1,1,1,43,1,1402908.625,1,43,3,5,0,254.152243595481
4671481,1,1,1,40,4,2100000,1,55,6,1,1,201.846198796041
4671481,1,2,0,38,1,938211,1,48,6,4,0,201.846198796041
4671482,1,1,0,49,4,1800000,1,48,5,4,0,215.399048807534
4671482,1,2,0,19,4,90000,1,15,6,2,1,215.399048807534
4671483,1,1,1,54,5,1500000,1,65,6,2,1,232.564281860378
4671483,1,2,0,43,1,1625000,1,40,6,5,0,232.564281860378
4671483,1,3,0,22,1,2150000,1,48,6,5,0,232.564281860378
4671484,1,1,0,33,1,2291666.75,1,40,6,5,0,265.75855297061
4671486,1,1,0,40,1,962119.6875,1,48,5,5,0,216.906082401115
4671486,1,2,1,44,1,1300000,1,60,4,5,0,216.906082401115
4671486,1,5,1,35,1,932786.3125,1,48,5,5,0,216.906082401115
4671487,1,1,0,60,3,932744.6875,1,42,3,1,0,333.330169493608
4671487,1,2,0,33,1,984144.6875,1,48,5,5,0,333.330169493608
4671487,1,4,1,27,1,932744.6875,1,48,5,5,0,333.330169493608
4671488,1,1,1,39,1,1423211,1,48,5,5,0,306.966146666874
4671488,1,2,0,37,1,931953,1,48,5,2,0,306.966146666874
4671489,1,1,1,45,1,2025000,1,40,6,4,0,258.996970583498
4671489,1,2,0,36,4,155000,1,21,5,4,1,258.996970583498
4671493,1,1,1,35,4,1500000,1,36,6,1,0,352.971590592347
4671493,1,2,0,32,2,5400000,1,48,6,4,0,352.971590592347
4671494,1,1,0,44,1,4e+06,1,48,6,4,0,221.858458492906
4671495,1,1,1,52,4,9e+05,1,72,4,1,1,263.048860667631
4671496,1,1,1,26,1,992744.6875,1,48,5,4,0,442.660816259979
4671497,1,1,1,23,4,9e+05,1,55,6,5,1,243.446420228009
4671498,1,2,0,36,1,7e+06,1,50,6,5,0,432.149516490474
4671498,1,5,0,41,1,1779000,1,36,6,5,0,432.149516490474
4671499,1,1,1,34,4,2700000,1,70,5,5,0,281.075599069015
4671499,1,2,0,38,2,2425333.25,1,30,6,5,0,281.075599069015
4671500,1,1,1,46,4,7e+05,1,64,3,2,1,232.564281860378
4671500,1,2,0,38,4,7e+05,1,74,3,2,1,232.564281860378
4671501,1,1,1,33,2,1460000,1,72,5,5,0,361.868207664497
4671502,1,2,0,38,1,2532000,1,48,6,4,0,281.075599069015
4671503,1,1,1,27,1,961119.6875,1,53,4,2,0,442.660816259979
4671504,1,1,0,46,1,963744.6875,1,48,5,5,0,235.040469906273
4671505,1,2,0,41,1,7066666.5,1,48,6,4,0,322.25350752801
4671507,1,1,1,26,1,878036.3125,1,48,6,5,0,249.199867503691
4671507,1,2,1,26,1,877944.3125,1,48,6,5,0,249.199867503691
4671507,1,3,1,28,1,2812500,1,48,6,2,0,249.199867503691
4671509,1,1,1,49,1,1915000,1,72,5,4,0,216.906082401115
4671509,1,2,0,53,1,1500000,1,54,3,4,1,216.906082401115
4671509,1,3,1,28,1,1366345.5,1,40,6,4,0,216.906082401115
4671509,1,4,0,22,1,1200000,1,50,5,4,1,216.906082401115
4671509,1,5,1,19,1,9e+05,1,50,6,4,1,216.906082401115
4671511,1,4,1,37,1,8e+05,1,48,5,3,0,236.918342097981
4671512,1,3,0,36,1,1243700,1,55,6,5,0,199.270739811046
4671513,1,2,0,50,4,2500000,1,36,6,1,1,201.846198796041
4671514,1,1,1,62,4,8e+05,1,50,6,1,1,245.27618373652
4671514,1,2,0,46,2,3500000,1,52,6,5,0,245.27618373652
4671516,1,1,0,31,1,928700,1,48,5,2,0,364.344395710392
4671517,1,1,1,37,5,1500000,1,40,3,2,1,219.382270447011
4671519,1,1,1,33,2,2929166.75,1,88,6,5,0,313.123386198776
4671519,1,2,0,23,4,6e+05,1,70,5,2,1,313.123386198776
4671521,1,2,1,22,4,770000,1,15,6,5,1,230.264408814642
4671522,1,1,1,24,1,2788000,1,48,6,4,0,212.728337163672
4671523,1,1,1,35,1,3641666.75,1,40,6,5,0,254.152243595481
4671524,1,5,0,34,1,932744.6875,1,48,5,5,0,209.976563178519
4671525,1,1,1,65,4,1200000,1,42,4,2,1,216.504641308547
4671527,1,3,0,30,1,2226666.75,1,48,6,5,0,234.764883967015
4671527,1,4,0,28,1,3900000,1,48,6,3,0,234.764883967015
4671528,1,3,1,54,2,4183333.5,1,48,6,5,0,232.034634450847
4671529,1,1,0,33,4,1200000,1,48,5,1,1,265.75855297061
4671532,1,1,1,42,2,5300000,1,44,6,5,0,352.971590592347
4671535,1,1,1,46,1,932744.6875,1,48,3,2,0,236.918342097981
4671535,1,3,1,22,1,1388211,1,72,5,4,0,236.918342097981
4671535,1,4,1,20,1,869453,1,48,5,5,0,236.918342097981
4671536,1,1,1,24,4,4e+05,1,10,6,1,0,221.624954235822
4671537,1,1,0,60,4,1e+05,1,28,5,1,1,236.987010542638
4671538,1,1,1,32,4,7e+05,1,48,5,3,0,398.760721782274
4671538,1,6,1,19,1,1200000,1,48,4,2,0,398.760721782274
4671540,1,1,0,59,4,70000,1,15,5,1,1,234.510822496742
4671541,1,1,0,37,4,3e+05,1,18,5,1,1,364.344395710392
4671542,1,1,0,62,4,6e+05,1,40,3,1,1,234.510822496742
4671543,1,1,1,59,4,8e+05,1,72,6,1,0,218.912160909785
4671546,1,1,1,53,2,6662667,1,40,6,5,0,234.510822496742
4671549,1,1,1,44,5,1e+06,1,49,6,2,1,263.282364924715
4671549,1,2,0,28,1,4e+05,1,16,4,2,1,263.282364924715
4671550,1,1,1,55,1,1558333.375,1,50,6,5,0,227.141796231362
4671550,1,2,0,51,4,1e+05,1,15,6,1,1,227.141796231362
4671550,1,3,1,29,1,3200000,1,40,6,5,0,227.141796231362
4671550,1,4,1,25,1,2616666.75,1,50,6,5,0,227.141796231362
4671551,1,1,0,56,1,936119.6875,1,50,5,5,0,206.2689274783
4671551,1,2,0,21,1,1673333.375,1,45,6,4,0,206.2689274783
4671552,1,1,0,57,4,1e+06,1,48,6,1,1,203.792739432405
4671552,1,2,1,29,4,1700000,1,48,6,5,0,203.792739432405
4671554,1,1,1,26,1,1225000,1,48,5,5,0,313.123386198776
4671554,1,2,0,24,1,8e+05,1,60,6,2,1,313.123386198776
4671555,1,2,0,47,3,8e+05,1,40,5,2,1,352.971590592347
4671556,1,2,0,66,4,1e+05,1,5,5,1,1,299.66578884615
4671556,1,3,1,43,5,3e+06,1,40,6,2,1,299.66578884615
4671556,1,4,0,39,1,3235000,1,40,6,5,0,299.66578884615
4671557,1,1,0,60,4,250000,1,21,6,1,0,166.145137145471
4671557,1,4,1,61,4,350000,1,90,6,1,1,166.145137145471
4671558,1,1,1,42,4,8e+05,1,45,3,1,1,263.048860667631
4671559,1,1,1,27,1,8e+05,1,48,1,3,0,223.434160531144
4671559,1,2,0,23,3,781242,1,60,6,1,1,223.434160531144
4671561,1,1,1,61,1,3625000,1,48,5,5,0,225.634762637781
4671561,1,2,0,56,2,3484333.25,1,48,6,5,0,225.634762637781
4671561,1,3,0,28,2,3433333.5,1,40,6,5,0,225.634762637781
4671563,1,3,1,28,1,2700000,1,48,6,5,0,214.028453262652
4671565,1,2,0,55,1,1130000,1,48,6,4,0,230.458932412609
4671565,1,4,1,21,1,985366.6875,1,47,6,4,0,230.458932412609
4671566,1,2,0,40,1,3645833.25,1,40,6,4,0,352.971590592347
4671567,1,1,1,76,4,40000,1,36,3,2,1,214.028453262652
4671567,1,2,0,60,4,40000,1,46,3,2,0,214.028453262652
4671567,1,3,1,40,1,1522000,1,72,6,5,0,214.028453262652
4671568,1,1,0,41,1,2708333.25,1,48,6,5,0,270.369775701543
4671568,1,2,1,21,1,8e+05,1,48,6,4,0,270.369775701543
4671570,1,1,0,41,1,932744.6875,1,54,5,5,0,280.8296010962
4671570,1,5,1,22,1,957786.3125,1,40,5,4,0,280.8296010962
4671571,1,1,1,24,4,9e+05,1,48,6,1,1,243.446420228009
4671572,1,1,1,62,1,5044833.5,1,60,6,5,0,216.504641308547
4671572,1,2,0,60,4,1e+06,1,40,5,1,1,216.504641308547
4671573,1,1,1,53,4,1500000,1,48,3,4,0,247.624165465453
4671573,1,2,0,52,4,9e+05,1,40,3,1,1,247.624165465453
4671574,1,2,0,24,1,963033.3125,1,48,6,3,0,221.624954235822
4671575,1,1,1,53,5,2e+06,1,48,5,2,0,240.970232182114
4671575,1,2,1,20,1,8e+05,1,48,4,2,1,240.970232182114
4671576,1,3,0,25,1,1041666.6875,1,48,6,5,0,210.506210588049
4671576,1,4,1,24,1,2383333.5,1,48,6,4,0,210.506210588049
4671577,1,1,1,39,4,6e+06,1,50,6,5,0,254.152243595481
4671579,1,1,0,36,4,8e+05,1,56,4,3,1,228.278887519161
4671579,1,2,1,46,4,2500000,1,105,3,1,1,228.278887519161
4671580,1,1,1,25,4,1300000,1,60,6,4,0,254.152243595481
4671581,1,1,1,54,1,962744.6875,1,48,3,5,0,210.554319271246
4671581,1,2,0,40,4,50000,1,2,3,1,1,210.554319271246
4671581,1,4,1,19,1,869453,1,48,5,3,1,210.554319271246
4671583,1,1,1,32,1,1894877.75,1,48,5,5,0,263.282364924715
4671583,1,2,0,29,1,1266119.625,1,48,5,5,0,263.282364924715
4671584,1,1,1,26,1,2083333.375,1,44,6,4,0,254.152243595481
4671585,1,1,1,64,2,1588700,1,50,5,5,0,236.146062407286
4671586,1,1,0,46,1,4961500,1,90,6,5,0,274.888674299844
4671586,2,1,0,25,1,1108333.375,1,40,6,5,0,274.888674299844
4671587,1,1,1,27,1,1562500,1,40,5,3,0,254.152243595481
4671589,1,1,1,41,1,9e+05,1,84,5,1,1,272.178981996865
4671590,1,1,1,70,4,2e+05,1,6,4,1,0,245.27618373652
4671591,1,1,1,68,1,932744.6875,1,48,4,5,0,216.504641308547
4671592,1,1,0,22,4,6e+05,1,40,4,1,1,234.806965649189
4671593,1,1,1,38,5,1500000,1,25,6,2,0,272.178981996865
4671593,1,2,0,30,1,1262033.375,1,50,6,5,0,272.178981996865
4671594,1,1,0,72,4,1e+05,1,15,3,1,1,236.987010542638
4671595,1,1,0,61,1,4e+05,1,25,5,4,1,209.976563178519
4671595,1,2,1,68,4,1e+06,1,60,4,1,1,209.976563178519
4671595,1,3,1,41,4,9e+05,1,60,5,1,1,209.976563178519
4671595,1,4,0,38,1,1492377.625,1,48,5,5,0,209.976563178519
4671595,1,5,1,20,1,250000,1,6,6,2,1,209.976563178519
4671596,1,1,1,32,1,6033333.5,1,45,6,5,0,254.152243595481
4671597,1,1,0,33,1,3333333.25,1,48,6,4,0,265.75855297061
4671598,1,2,0,46,4,6e+05,1,48,6,1,1,291.065314926447
4671599,1,1,0,25,4,4e+05,1,49,5,1,1,274.65517004276
4671600,1,1,0,42,3,1066666.625,1,40,4,2,0,221.858458492906
4671600,1,2,0,24,4,1e+06,1,16,5,1,1,221.858458492906
4671600,1,3,1,22,1,1300000,1,50,6,4,0,221.858458492906
4671601,1,1,1,42,5,2500000,1,50,3,2,1,228.278887519161
4671601,1,2,0,34,1,870400,1,48,5,2,0,228.278887519161
4671601,1,3,0,18,1,395000,1,1,6,5,0,228.278887519161
4671601,1,4,1,20,4,2e+05,1,30,5,2,1,228.278887519161
4671602,1,1,1,35,1,1313333.375,1,54,5,4,0,254.152243595481
4671603,1,1,0,20,1,650000,1,60,5,2,1,183.888126291042
4671603,1,2,1,22,4,6e+05,1,98,5,1,1,183.888126291042
4671603,1,3,1,19,4,6e+05,1,98,5,1,1,183.888126291042
4671603,1,4,1,26,4,5e+05,1,98,6,1,1,183.888126291042
4671604,1,2,1,26,4,6e+05,1,40,6,1,1,234.510822496742
4671607,1,1,0,61,3,954877.6875,1,40,5,1,1,236.987010542638
4671608,1,1,1,58,4,5e+05,1,72,3,1,1,241.418817250353
4671608,1,3,1,33,1,1863333.375,1,54,5,5,0,241.418817250353
4671608,1,4,0,30,1,869453,1,48,6,5,0,241.418817250353
4671608,1,5,0,28,1,932744.6875,1,48,5,5,0,241.418817250353
4671609,1,1,0,27,1,1354166.625,1,48,6,4,0,265.75855297061
4671611,1,1,1,71,4,2e+05,1,72,3,3,1,216.504641308547
4671612,1,1,1,49,5,1600000,1,65,6,2,0,263.282364924715
4671612,1,2,0,54,1,360000,1,24,6,2,1,263.282364924715
4671613,1,1,1,45,4,1200000,1,40,5,1,1,223.434160531144
4671614,1,1,1,61,1,1116119.625,1,60,3,5,0,214.028453262652
4671614,1,2,0,60,3,983333.3125,1,40,3,2,1,214.028453262652
4671616,1,1,1,54,4,1500000,1,98,4,1,1,259.230474840582
4671616,1,2,0,50,1,932744.6875,1,48,4,5,0,259.230474840582
4671616,1,3,0,26,1,3e+05,1,25,6,2,1,259.230474840582
4671617,1,1,1,56,4,1e+06,1,48,5,1,0,245.27618373652
4671618,1,1,1,31,1,1085166.625,1,48,6,5,0,254.152243595481
4671619,1,1,1,29,5,1800000,1,60,5,2,1,223.434160531144
4671619,1,2,0,21,1,781242,1,48,5,5,0,223.434160531144
4671620,1,1,1,21,4,6e+05,1,72,6,1,1,243.446420228009
4671621,1,1,1,33,1,450000,1,72,4,4,1,352.971590592347
4671621,1,2,0,29,4,430000,1,66,6,4,1,352.971590592347
4671627,1,1,1,33,1,841700,1,50,4,2,0,258.996970583498
4671627,1,2,0,30,1,888700,1,50,4,2,0,258.996970583498
4675303,1,1,1,33,5,1800000,1,100,4,2,0,243.640943825976
4675304,1,3,0,33,1,996119.6875,1,48,5,5,0,234.531379709931
4675305,1,1,0,66,4,1200000,1,40,5,1,1,206.2689274783
4675305,1,2,0,24,1,930929.4375,1,48,6,5,0,206.2689274783
4675306,1,1,1,27,1,1097000,1,48,6,5,0,254.152243595481
4677422,1,3,1,35,4,1e+06,1,40,5,1,1,214.028453262652
4677422,1,1,1,62,4,1600000,1,48,4,5,0,214.028453262652
4677422,1,2,0,58,4,1500000,1,65,5,1,1,214.028453262652
4677423,1,2,0,26,4,60000,1,48,5,3,1,272.178981996865
4677423,1,1,1,30,1,1170366.625,1,72,4,4,0,272.178981996865
4677424,1,1,1,37,2,6958333.5,1,40,6,5,0,341.385838430407
4677425,1,1,1,61,4,8e+05,1,30,5,1,1,232.094172323153
4680209,1,1,0,52,4,6e+05,1,40,3,1,1,252.576541557243
4680209,1,2,1,24,1,781242,1,48,5,5,0,252.576541557243
4680210,1,1,1,57,1,2050000,1,48,6,5,0,241.224293652386
4680210,1,3,0,29,1,3350000,1,48,6,5,0,241.224293652386
4680210,1,4,1,24,1,921544.3125,1,45,6,2,0,241.224293652386
4680211,1,1,1,57,4,1500000,1,35,6,1,1,261.060238349092
4680211,1,2,0,51,1,2300000,1,56,6,5,0,261.060238349092
4680211,1,3,0,25,1,1875000,1,48,6,5,0,261.060238349092
4680211,1,4,1,30,1,3125000,1,48,6,5,0,261.060238349092
4680212,1,2,1,59,4,7e+05,1,40,3,2,1,216.504641308547
4680213,1,1,1,42,4,8e+05,1,48,4,2,1,250.100353511348
4680213,1,2,0,52,3,879453,1,48,4,1,0,250.100353511348
4680214,1,3,0,27,1,1869211,1,48,6,5,0,234.531379709931
4680215,1,1,1,53,2,3558333.25,1,40,6,5,0,236.918342097981
4680215,1,2,0,54,2,3733333.25,1,40,6,5,0,236.918342097981
4680218,1,1,1,29,4,1e+06,1,48,4,5,1,281.075599069015
4680218,1,2,0,31,1,9e+05,1,60,5,2,1,281.075599069015
4680219,1,1,1,68,4,1100000,1,48,3,1,0,209.976563178519
4680219,1,3,0,31,1,3233333.25,1,40,6,5,0,209.976563178519
4680219,1,4,1,36,1,1433333.375,1,48,6,4,0,209.976563178519
4680220,1,3,0,24,1,1900000,1,48,6,5,0,185.78655824421
4680221,1,1,1,32,4,1480000,1,28,6,5,0,370.764824736647
4680221,1,2,0,28,1,591666.6875,1,25,6,3,1,370.764824736647
4680222,1,2,1,58,4,1780000,1,40,5,5,0,214.028453262652
4680222,1,3,1,53,1,4533333.5,1,48,6,5,0,214.028453262652
4680223,1,3,0,24,1,1280000,1,60,6,3,0,185.78655824421
4680224,1,2,0,56,1,1310000,1,48,5,5,0,226.475710773133
4680225,1,3,0,39,4,2e+06,1,48,6,1,0,225.634762637781
4680226,1,2,0,28,1,2700000,1,60,6,4,0,274.888674299844
4680227,1,1,1,75,4,5e+05,1,30,5,1,0,216.504641308547
4680227,1,2,0,71,4,4e+05,1,36,4,1,1,216.504641308547
4680228,1,3,0,23,1,1030000,1,48,6,5,0,304.247326339814
4680229,1,3,1,36,1,1388211,1,48,6,5,0,252.77106515521
4680229,1,4,0,35,1,931953,1,48,5,3,0,252.77106515521
4680231,1,1,1,65,4,781400,1,78,4,1,1,195.181323939105
4680231,1,2,1,61,4,6e+05,1,40,6,2,1,195.181323939105
4680231,1,3,1,55,1,1625000,1,91,3,3,0,195.181323939105
4680232,1,1,1,53,4,8e+05,1,28,4,1,1,272.412486253949
4680232,1,2,0,54,4,80000,1,42,5,1,1,272.412486253949
4680233,1,1,0,56,2,2550000,1,40,6,5,0,252.537560898126
4680233,1,3,0,36,2,1944500,1,30,6,5,0,252.537560898126
4680234,1,1,0,43,4,1700000,1,98,6,3,0,352.971590592347
4680234,1,2,1,36,1,1088211,1,48,4,5,0,352.971590592347
4680235,1,1,1,70,5,9e+05,1,84,3,2,1,203.32262989518
4680235,1,3,1,24,1,9e+05,1,48,5,2,1,203.32262989518
4680236,1,1,0,32,1,10156146,1,56,6,5,0,265.75855297061
4680237,1,1,1,60,5,2e+06,1,44,5,2,1,203.32262989518
4680237,1,2,0,57,4,750000,1,48,5,4,0,203.32262989518
4680237,1,3,1,24,1,934453,1,48,5,5,0,203.32262989518
4680239,1,2,0,56,3,561666.6875,1,24,4,1,1,219.363847001082
4680239,1,3,0,32,1,956525.3125,1,48,6,3,0,219.363847001082
4680239,1,6,1,34,1,1143700,1,40,5,5,0,219.363847001082
4680240,1,1,0,61,1,954877.6875,1,48,5,5,0,198.37025380339
4680240,1,5,1,56,2,8200000,1,40,6,5,0,198.37025380339
4680241,1,1,1,53,1,4e+05,1,40,3,2,1,232.564281860378
4680241,1,2,0,49,1,2e+05,1,40,4,2,1,232.564281860378
4680242,1,1,1,31,1,4e+05,1,18,5,4,1,350.495402546452
4680244,1,1,0,58,3,420000,1,70,4,1,1,236.987010542638
4680245,1,1,0,53,4,4200000,1,35,6,1,0,265.75855297061
4680246,1,2,0,54,1,1083333.375,1,48,5,5,0,242.799995690625
4680246,1,3,1,27,1,1592500,1,48,6,5,0,242.799995690625
4680247,1,1,1,34,4,7e+05,1,84,4,1,1,409.466545149746
4680247,1,3,0,33,4,5e+05,1,96,3,2,1,409.466545149746
4680247,1,4,1,32,4,5e+05,1,96,5,2,1,409.466545149746
4680249,1,1,1,38,1,930000,1,84,4,2,1,322.25350752801
4680249,1,2,0,35,4,6e+05,1,70,4,4,1,322.25350752801
4680249,1,3,0,22,1,840000,1,72,5,2,1,322.25350752801
4680250,1,1,0,39,4,9e+05,1,72,5,1,1,208.676447079538
4680251,1,1,1,24,4,2e+06,1,40,6,1,1,243.446420228009
4680252,1,1,1,78,1,20833334,1,40,6,5,0,216.504641308547
4680252,1,2,0,70,1,16666667,1,35,6,5,0,216.504641308547
4680253,1,1,1,49,4,2e+05,1,18,5,1,1,254.152243595481
4680254,1,1,1,33,4,9e+05,1,70,4,2,0,313.123386198776
4680254,1,2,0,21,4,20000,1,7,5,1,1,313.123386198776
4680255,1,1,1,33,1,1200000,1,48,5,5,0,272.178981996865
4680256,1,1,1,62,4,1500000,1,48,5,3,0,214.028453262652
4680256,1,3,1,29,1,1825000,1,48,6,5,0,214.028453262652
4680257,1,1,0,62,4,150000,1,21,4,1,1,236.987010542638
4680258,1,1,1,34,1,3350000,1,40,6,5,0,263.282364924715
4680259,1,1,1,29,1,1273361,1,60,5,3,0,350.495402546452
4680259,1,4,1,31,1,1241961,1,65,5,4,0,350.495402546452
4680260,1,1,1,67,1,7e+05,1,25,4,3,0,216.504641308547
4680261,1,1,0,50,4,480000,1,68,3,1,1,373.474517039626
4680262,1,1,1,51,1,2708333.25,1,48,5,5,0,228.512391776244
4680262,1,2,0,51,1,5200000,1,48,6,5,0,228.512391776244
4680262,1,3,0,25,1,2250000,1,42,6,5,0,228.512391776244
4680263,1,1,0,32,1,1481000,1,36,6,5,0,355.447778638242
4680264,1,2,1,42,1,1562500,1,48,6,4,0,234.510822496742
4680265,1,2,1,38,1,6e+05,1,48,6,2,1,232.034634450847
4680265,1,3,1,34,1,1484044.25,1,48,6,5,0,232.034634450847
4680267,1,1,1,39,1,2485833.25,1,48,6,4,0,513.256863282753
4680267,1,2,0,35,1,906666.6875,1,48,5,4,0,513.256863282753
4680268,1,1,1,39,4,8e+05,1,49,5,1,1,251.676055549586
4680268,1,2,1,45,4,1200000,1,48,4,1,1,251.676055549586
4680269,1,1,0,40,1,1981000,1,48,6,5,1,243.937086978423
4680270,1,1,1,45,1,2846666.75,1,54,6,5,0,281.075599069015
4680272,1,1,0,63,2,2415970.25,1,41,6,5,0,260.658532587931
4680273,1,1,1,42,5,6e+05,1,35,4,2,1,228.278887519161
4680273,1,2,0,35,1,1385711,1,48,6,4,0,228.278887519161
4680273,1,3,1,20,1,869453,1,50,6,5,0,228.278887519161
4680274,1,3,0,26,1,1223544.375,1,48,6,5,0,232.055191664036
4680274,1,4,1,29,1,1e+06,1,48,6,5,0,232.055191664036
4680275,1,1,0,54,4,560000,1,30,3,1,1,274.888674299844
4680275,1,2,0,48,4,8e+05,1,24,5,1,1,274.888674299844
4680276,1,1,1,44,4,1800000,1,48,6,1,0,251.676055549586
4680276,1,2,1,35,1,1205833.375,1,48,6,4,0,251.676055549586
4680277,1,1,1,26,1,1e+06,1,40,4,2,1,319.777319482115
4680277,1,2,0,33,4,5e+05,1,40,3,1,1,319.777319482115
4680277,1,5,1,25,1,869453,1,50,5,5,1,319.777319482115
4680278,1,1,1,36,1,963953,1,48,5,4,0,272.178981996865
4680278,1,2,0,27,1,1074711,1,48,5,5,0,272.178981996865
4680279,1,1,1,45,1,720000,1,48,5,2,1,337.313391133085
4680279,1,2,0,45,1,926666.6875,1,54,5,5,0,337.313391133085
4680280,1,1,1,73,4,9e+05,1,48,5,1,1,225.634762637781
4680281,1,1,1,39,1,1558544.375,1,48,5,5,0,250.100353511348
4680282,1,2,1,23,1,1100000,1,48,5,3,1,206.211423554159
4680282,1,6,1,21,1,760000,1,50,5,3,1,206.211423554159
4680282,1,7,0,24,4,80000,1,5,4,1,1,206.211423554159
4680283,1,1,1,37,4,2e+06,1,72,6,1,1,263.282364924715
4680283,1,2,0,29,1,1400000,1,45,6,4,0,263.282364924715
4680284,1,1,1,30,1,4691666.5,1,48,6,5,0,254.152243595481
4680285,1,1,0,44,1,899453,1,48,5,5,0,204.322386841936
4680286,1,1,1,61,1,1183333.375,1,48,4,2,0,216.504641308547
4680288,1,1,0,45,1,1095083.375,1,52,5,4,0,211.113654466317
4680288,1,2,0,23,1,1200000,1,40,6,5,0,211.113654466317
4680289,1,1,1,30,1,1694877.625,1,50,6,5,0,281.309103326099
4680289,1,2,0,28,1,2069211,1,40,6,5,0,281.309103326099
4680289,1,4,0,52,3,8e+05,1,54,5,1,1,281.309103326099
4680290,1,1,1,38,4,2500000,1,42,6,5,0,352.971590592347
4680291,1,1,1,59,4,1500000,1,48,3,1,1,225.634762637781
4680291,1,2,0,55,4,3e+05,1,21,3,1,1,225.634762637781
4680291,1,3,0,40,1,869453,1,60,6,2,0,225.634762637781
4680292,1,1,1,44,1,1300000,1,48,3,3,0,241.460898932528
4680292,1,2,0,33,3,963744.6875,1,48,5,1,0,241.460898932528
4680295,1,2,0,48,1,869453,1,48,4,3,0,232.564281860378
4680296,1,1,1,41,1,1429877.625,1,61,6,3,0,233.669874361391
4680297,1,1,1,38,1,869453,1,50,5,5,0,442.707695567057
4680297,1,6,0,62,4,781242,1,30,4,2,1,442.707695567057
4680298,1,1,1,65,4,8e+05,1,48,3,1,1,259.817584452579
4680298,1,3,1,38,1,1600000,1,50,3,4,1,259.817584452579
4680298,1,4,0,23,1,812908.6875,1,48,4,5,0,259.817584452579
4680298,1,6,1,21,1,1200000,1,66,4,2,0,259.817584452579
4680299,1,1,0,23,1,580000,1,50,6,2,1,310.647198152881
4680299,1,4,1,32,1,780000,1,48,3,2,1,310.647198152881
4680300,1,1,1,30,1,1659044.375,1,48,6,5,0,263.282364924715
4680300,1,2,0,32,1,1688211,1,48,6,4,0,263.282364924715
4680301,1,1,1,56,1,1225711,1,48,5,5,0,212.452751224414
4680301,1,3,1,24,1,1171544.375,1,48,5,5,0,212.452751224414
4680301,1,4,0,26,4,7e+05,1,40,6,5,1,212.452751224414
4680303,1,2,1,59,1,1236119.625,1,48,4,4,0,205.993341539042
4680303,1,4,0,71,1,806242,1,48,3,4,0,205.993341539042
4680305,1,1,0,44,1,4e+05,1,60,5,2,1,221.858458492906
4680307,1,1,1,27,1,2e+06,1,56,5,4,0,272.178981996865
4680307,1,2,0,28,3,650000,1,48,5,1,0,272.178981996865
4680308,1,1,1,67,4,5e+05,1,2,6,2,0,236.146062407286
4680309,1,1,0,32,1,2425000,1,48,6,3,0,364.344395710392
4680310,1,1,0,56,4,4e+05,1,40,3,2,1,212.922860761639
4680310,1,2,0,52,1,3038333.25,1,48,6,5,0,212.922860761639
4680311,1,1,1,24,1,1238211,1,48,4,5,0,252.576541557243
4680311,1,2,0,29,1,1941666.625,1,48,6,3,0,252.576541557243
4680312,1,1,1,41,4,1600000,1,50,6,4,0,281.075599069015
4680313,1,1,0,20,1,1006953,1,60,5,4,1,225.910348577039
4680314,1,1,0,44,1,1352666.75,1,53,3,4,0,228.278887519161
4680314,1,5,1,26,1,1103377.625,1,50,5,4,0,228.278887519161
4680315,1,1,1,50,1,2166666.75,1,108,5,4,0,242.799995690625
4680315,1,3,1,58,1,1083333.375,1,40,5,2,1,242.799995690625
4680316,1,1,1,45,4,5e+05,1,48,5,1,0,221.819477833789
4680316,1,2,0,37,1,1113333.375,1,45,5,4,0,221.819477833789
4680316,1,5,0,63,4,4e+05,1,48,3,1,1,221.819477833789
4680318,1,2,1,41,1,927786.3125,1,48,6,5,0,214.869401398004
4680319,1,1,0,33,1,3056000,1,50,6,5,0,361.868207664497
4680319,1,2,1,37,5,3e+06,1,72,5,2,0,361.868207664497
4680322,1,2,0,56,1,1625000,1,48,6,5,0,201.687389984636
4680323,1,1,0,71,4,2e+05,1,7,3,1,0,236.987010542638
4680324,1,1,0,53,3,4e+05,1,22,3,1,1,265.75855297061
4680325,1,1,0,34,5,8e+05,1,48,5,2,1,252.576541557243
4680326,1,1,0,29,1,966453,1,48,5,4,0,361.868207664497
4680326,1,2,1,30,1,1125211,1,70,5,2,0,361.868207664497
4680327,1,1,1,25,1,934556.5,1,54,5,4,0,272.178981996865
4680327,1,2,0,27,1,934556.5,1,54,5,4,0,272.178981996865
4680328,1,1,1,48,4,8e+05,1,70,4,1,1,254.152243595481
4680329,1,1,1,45,1,2.8e+07,1,48,6,4,1,228.278887519161
4680331,1,1,1,37,4,7e+05,1,48,4,2,1,340.04674167231
4680332,1,1,0,40,3,6e+05,1,27,3,1,1,223.736330684613
4680332,1,2,1,36,4,5e+05,1,66,3,1,1,223.736330684613
4680334,1,1,1,54,1,1850000,1,46,6,5,0,232.564281860378
4680337,1,1,1,43,1,936119.6875,1,48,6,5,0,250.100353511348
4680337,1,3,1,20,1,1013211,1,48,6,5,0,250.100353511348
4680339,1,1,1,35,1,1583333.25,1,60,4,3,0,254.152243595481
4680340,1,1,0,37,1,1029119.6875,1,56,3,5,0,232.632947756763
4680340,1,2,1,40,1,936119.6875,1,50,4,4,0,232.632947756763
4680340,1,3,1,19,2,428333.34375,1,72,5,5,0,232.632947756763
4680341,1,3,1,44,4,7e+05,1,35,6,2,1,223.158574591886
4680341,1,4,0,28,1,2e+06,1,48,6,4,0,223.158574591886
4680342,1,1,1,61,1,2500000,1,30,6,2,1,225.634762637781
4680342,1,3,0,25,1,1e+06,1,48,6,4,1,225.634762637781
4680343,1,1,1,29,1,1314877.625,1,72,5,5,0,402.812611866408
4680344,1,1,0,32,1,4800000,1,38,6,5,0,265.75855297061
4680345,1,1,0,54,1,450000,1,60,3,2,1,263.282364924715
4680346,1,1,0,32,4,9e+05,1,78,5,3,1,333.626312646055
4680348,1,1,1,72,5,5e+07,1,50,6,2,0,216.504641308547
4680349,1,1,0,40,1,4e+06,1,48,6,5,0,265.75855297061
4680353,1,1,0,61,1,1.7e+07,1,50,6,5,0,236.987010542638
4680354,1,1,1,29,1,1202944.375,1,71,5,2,0,352.971590592347
4680354,1,2,0,26,4,90000,1,8,5,1,1,352.971590592347
4680356,1,1,1,24,1,3e+05,1,9,5,2,1,392.106788498936
4680358,1,2,0,30,4,2e+06,1,48,6,1,1,263.282364924715
4680359,1,1,1,57,4,1500000,1,50,5,1,1,216.43597286389
4680359,1,2,0,45,4,1300000,1,50,5,1,1,216.43597286389
4680359,1,3,1,25,1,9e+05,1,48,6,5,0,216.43597286389
4680360,1,2,1,65,1,1725000,1,48,6,5,1,203.32262989518
4680361,1,2,0,35,1,1100212,1,48,6,5,0,260.80617687882
4680361,1,3,1,31,4,1500000,1,30,6,2,1,260.80617687882
4680362,1,2,0,59,4,4e+05,1,24,5,1,0,216.504641308547
4680363,1,1,1,47,1,1139877.625,1,48,3,5,0,254.152243595481
4680364,1,1,1,40,4,1e+06,1,48,6,1,1,194.964788256641
4680365,1,1,1,55,5,1e+06,1,91,4,2,0,236.146062407286
4680366,1,1,1,55,5,5e+05,1,84,5,2,1,218.912160909785
4680366,1,2,0,45,1,5e+05,1,84,5,2,1,218.912160909785
4680368,1,1,1,43,1,1161544.375,1,48,3,5,0,254.152243595481
4680369,1,1,1,31,4,250000,1,12,3,1,1,254.152243595481
4680370,1,1,1,58,1,869453,1,48,3,4,0,172.604546830843
4680370,1,2,0,61,3,846345.5,1,48,3,1,0,172.604546830843
4680370,1,3,0,23,1,1279877.625,1,40,6,5,0,172.604546830843
4680371,1,4,0,27,1,1627916.625,1,43,6,4,0,312.847800259518
4680371,1,1,1,58,1,661666.6875,1,27,5,2,1,312.847800259518
4680372,1,1,1,39,1,1663333.375,1,70,4,4,0,322.020003270926
4680373,1,2,0,45,1,7e+05,1,48,3,2,1,331.15012460016
4680373,1,1,1,52,4,8e+05,1,50,3,1,1,331.15012460016
4680375,1,2,0,55,3,80000,1,18,3,1,1,172.604546830843
4680375,1,4,1,20,1,1171544.375,1,60,5,5,0,172.604546830843
4680376,1,1,0,56,4,480000,1,24,3,2,1,234.510822496742
4680378,1,1,1,37,4,9e+05,1,60,5,1,1,272.178981996865
4680378,1,2,0,34,3,869453,1,48,5,1,1,272.178981996865
4680379,1,1,1,28,1,1200000,1,48,4,5,0,364.236746606618
4680379,1,5,1,29,1,1300000,1,48,3,5,0,364.236746606618
4680379,1,6,0,26,1,895408.6875,1,48,5,5,0,364.236746606618
4680380,1,2,1,20,1,869453,1,36,5,5,0,252.576541557243
4680381,1,1,1,50,4,1500000,1,60,5,1,1,254.152243595481
4680382,1,1,1,51,4,8e+05,1,48,4,1,1,250.100353511348
4680382,1,2,0,49,1,934556.5,1,48,3,4,0,250.100353511348
4680382,1,3,1,23,1,1625000,1,72,5,2,0,250.100353511348
4680383,1,1,1,29,1,950968.4375,1,72,5,5,0,290.205720398249
4680383,1,5,0,44,3,993286.3125,1,40,4,2,0,290.205720398249
4680384,1,1,1,54,1,2800000,1,48,5,5,0,210.742815868191
4680384,1,2,0,37,1,950000,1,40,5,3,1,210.742815868191
4680385,1,1,1,28,1,8875000,1,58,6,5,0,254.152243595481
4680386,1,1,1,19,1,1550000,1,48,4,4,1,243.446420228009
4680387,1,2,1,39,1,888211,1,48,6,4,0,211.552265216757
4680387,3,1,1,31,1,1088211,1,72,5,2,0,211.552265216757
4680389,1,1,1,21,1,966453,1,48,4,5,0,221.624954235822
4680389,1,2,0,19,1,629877.6875,1,30,4,4,0,221.624954235822
4680390,1,1,1,45,5,1e+06,1,40,5,4,0,241.460898932528
4680390,1,2,0,37,4,8e+05,1,33,5,4,1,241.460898932528
4680390,1,3,0,19,1,869611,1,48,6,2,0,241.460898932528
4680391,1,1,0,64,4,4e+05,1,20,4,2,1,201.983533137083
4680392,1,1,1,28,1,1083333.375,1,48,5,5,0,223.434160531144
4680392,1,2,0,24,1,836242,1,45,6,5,0,223.434160531144
4680394,1,2,1,44,1,932744.6875,1,48,3,5,0,234.510822496742
4680395,1,2,1,51,1,1300000,1,48,3,4,1,234.510822496742
4680396,1,1,1,48,1,1211666.625,1,48,5,2,0,263.282364924715
4680397,1,1,1,46,1,932744.6875,1,48,6,5,0,322.25350752801
4680397,1,2,0,44,4,8e+05,1,40,5,3,0,322.25350752801
4680397,1,3,0,19,1,869453,1,48,6,5,0,322.25350752801
4680398,1,2,0,38,1,2091666.625,1,56,6,4,0,361.868207664497
4680399,1,1,1,54,1,1325877.625,1,66,4,5,0,241.460898932528
4680399,1,2,0,45,4,9e+05,1,54,5,2,1,241.460898932528
4680399,1,3,0,19,1,869453,1,54,6,5,0,241.460898932528
4680400,1,1,1,21,1,894453,1,48,6,5,0,230.264408814642
4680400,1,2,1,22,1,955286.3125,1,60,6,5,0,230.264408814642
4680401,1,1,1,25,1,8e+05,1,48,5,5,0,223.434160531144
4680401,1,2,0,18,1,7e+05,1,60,5,2,1,223.434160531144
4680402,1,1,0,45,4,8e+05,1,48,3,1,1,235.040469906273
4680404,1,1,1,45,1,1500000,1,40,3,2,1,254.152243595481
4680410,1,1,0,45,1,1075000,1,60,4,3,0,265.75855297061
4680411,1,1,0,39,4,1200000,1,68,4,4,1,351.162384297025
4680412,1,1,1,42,1,1e+06,1,40,5,2,1,267.893587655648
4680412,1,2,0,38,4,1500000,1,48,5,1,1,267.893587655648
4680413,1,1,1,24,1,1069453,1,48,6,5,0,269.223291721071
4680413,1,2,1,26,1,1112953,1,48,5,5,0,269.223291721071
4680414,1,1,1,40,1,1300000,1,50,4,5,0,263.282364924715
4680415,1,1,1,31,1,1e+06,1,48,5,5,0,263.282364924715
4680415,1,2,0,29,1,810825.3125,1,48,5,3,0,263.282364924715
4680416,1,1,1,27,4,1200000,1,70,6,1,0,232.330777603294
4680416,1,2,0,23,3,965556.5,1,48,6,1,0,232.330777603294
4680417,1,1,1,26,1,1354166.625,1,48,6,5,0,251.676055549586
4680417,1,2,1,26,1,1354166.625,1,48,6,5,0,251.676055549586
4680418,1,1,0,54,1,1500000,1,60,3,3,1,252.576541557243
4680419,1,1,1,47,1,781242,1,48,3,2,0,263.282364924715
4680420,1,1,1,34,1,962744.6875,1,48,5,5,0,254.152243595481
4680421,1,1,1,55,4,1300000,1,60,4,2,1,236.146062407286
4680424,1,1,0,44,1,1122119.625,1,48,3,5,0,230.755075565056
4680425,1,1,1,47,1,2512900,1,48,5,5,0,250.100353511348
4680426,1,1,0,39,4,6600000,1,48,6,5,0,265.75855297061
4680433,1,1,1,34,1,1478211,1,55,6,5,0,272.178981996865
4680433,1,2,0,38,1,939453,1,50,6,4,0,272.178981996865
4680435,1,1,1,48,4,9e+05,1,50,4,3,1,281.075599069015
4680435,1,2,0,36,4,8e+05,1,40,5,3,1,281.075599069015
4680438,1,1,1,40,1,8e+05,1,98,3,2,1,348.68619625113
4680439,1,1,0,40,1,959943,1,48,3,4,0,355.447778638242
4680441,1,1,1,49,1,1208333.375,1,48,4,2,1,201.846198796041
4680441,1,2,0,39,4,4e+05,1,60,3,1,1,201.846198796041
4680442,1,1,1,34,4,1200000,1,48,6,3,1,272.178981996865
4680444,1,1,1,28,1,1600000,1,50,6,4,0,254.152243595481
4680446,1,1,1,56,1,934556.5,1,48,3,5,0,236.146062407286
4680447,1,1,1,25,1,1e+06,1,84,5,2,1,254.152243595481
4680451,1,1,0,38,1,1648211,1,40,6,5,0,265.75855297061
4680452,1,1,1,49,4,4e+05,1,50,4,1,1,254.152243595481
4680472,1,1,1,31,1,8e+05,1,72,4,5,0,254.152243595481
4682853,1,1,0,29,4,320000,1,22,5,1,1,221.349368296564
4682853,1,4,1,68,4,3e+05,1,70,3,1,1,221.349368296564
4682854,1,1,1,51,1,2378000,1,48,6,5,0,352.971590592347
4682854,1,2,0,46,1,1578000,1,48,6,5,0,352.971590592347
4683156,1,1,1,32,4,2e+05,1,72,6,2,1,280.54360962412
4683156,1,2,0,32,4,2e+05,1,15,6,2,1,280.54360962412
4683157,1,1,0,23,1,1031666.6875,1,48,5,4,0,212.577937420331
4683158,1,2,0,57,4,4e+05,1,12,6,1,1,247.29434895939
4683158,1,3,0,22,1,850000,1,48,6,5,0,247.29434895939
4683159,1,2,0,54,1,5208333.5,1,48,6,5,0,255.935721963244
4685127,1,3,1,25,1,1008211,1,48,6,5,0,238.308113343296
4685127,1,5,1,54,1,1566666.625,1,54,3,2,1,238.308113343296
4685128,1,1,0,27,1,1283333.375,1,48,6,5,0,197.464612752619
4685128,1,2,0,23,1,950000,1,48,6,5,0,197.464612752619
4685130,1,1,1,56,1,2500000,1,60,6,5,0,235.125077543399
4685130,1,2,0,46,4,3e+06,1,40,6,3,0,235.125077543399
4685131,1,1,1,32,4,8e+06,1,77,3,2,1,277.214156924094
4685131,1,2,0,28,1,827500,1,77,6,2,1,277.214156924094
4685133,1,1,1,33,1,1500000,1,70,5,2,1,197.307166344849
4685133,1,3,1,20,1,1180000,1,72,5,5,0,197.307166344849
4685134,1,1,1,54,1,1288211,1,44,6,5,0,216.441070330174
4685134,1,3,1,30,1,2363211,1,48,6,4,0,216.441070330174
4685134,1,4,1,24,1,934556.5,1,48,6,4,0,216.441070330174
4685137,1,1,1,40,2,1560000,1,48,5,5,0,190.090552565966
4685137,1,2,0,34,4,3e+05,1,90,5,1,1,190.090552565966
4685139,1,1,1,20,1,1167377.625,1,48,5,5,0,220.47464830916
4685140,1,4,0,23,1,1508333.375,1,48,6,5,0,252.834222303753
4685142,1,4,1,23,1,886119.6875,1,48,6,4,0,220.77338612604
4685142,2,1,1,49,1,897536.3125,1,54,4,2,1,220.77338612604
4685142,2,2,0,45,1,50000,1,23,4,2,1,220.77338612604
4685142,2,3,1,27,1,1000711,1,48,6,5,0,220.77338612604
4685142,2,4,1,26,1,947377.6875,1,40,6,5,0,220.77338612604
4685143,1,1,1,56,5,3e+06,1,40,3,2,0,301.438037481682
4685143,1,2,0,34,5,1e+06,1,60,6,2,1,301.438037481682
4685144,1,2,0,41,1,900453,1,48,5,5,0,248.506801615421
4685144,1,3,0,24,1,1608333.375,1,40,6,5,0,248.506801615421
4685145,1,1,1,43,1,7e+05,1,48,6,2,1,227.144583216852
4685145,1,2,0,40,1,1465711,1,48,6,5,0,227.144583216852
4685146,1,1,1,21,1,1753211,1,48,6,5,0,163.059937691813
4685146,1,3,0,19,1,869453,1,48,6,5,1,163.059937691813
4685148,1,1,1,53,1,1444877.625,1,48,5,5,0,231.711841405655
4685150,1,1,1,42,1,1636277.625,1,48,6,5,0,277.214156924094
4685150,1,2,0,39,1,963353,1,48,4,5,0,277.214156924094
4685151,1,2,1,29,1,1272666.625,1,40,6,5,0,251.777823710475
4685152,1,1,1,60,4,6e+05,1,60,3,2,1,234.380415428375
4685152,1,2,0,56,4,2e+05,1,16,3,1,1,234.380415428375
4685152,1,3,1,21,1,760000,1,60,5,2,1,234.380415428375
4685153,1,1,1,44,4,6e+05,1,45,4,1,1,145.589775479635
4685153,1,2,0,45,5,1800000,1,10,4,2,0,145.589775479635
4685153,1,3,0,21,1,781400,1,40,5,2,1,145.589775479635
4685153,1,4,0,20,1,850000,1,30,6,2,1,145.589775479635
4685154,1,1,1,41,1,983211,1,48,6,4,0,263.620126283133
4685155,1,1,0,41,1,1055894.625,1,40,4,5,0,174.297130788308
4685157,1,3,1,32,1,3696544.25,1,40,6,5,0,261.860994755911
4685159,1,1,1,55,5,1600000,1,21,5,2,0,276.588919975318
4685159,1,2,1,27,1,1266666.625,1,48,6,5,0,276.588919975318
4685160,1,1,1,23,5,8e+05,1,50,4,2,1,251.249038608191
4685160,1,5,0,43,1,4e+05,1,40,5,2,1,251.249038608191
4685161,1,3,0,27,4,50000,1,40,6,1,0,285.028476720222
4685162,1,1,1,35,1,2526666.75,1,48,6,5,0,279.992035645395
4685163,1,2,0,33,1,2125000,1,48,6,5,0,231.711841405655
4685164,1,1,1,43,1,1318211,1,48,4,5,0,301.354254043964
4685164,1,2,0,43,1,995744.6875,1,48,4,5,0,301.354254043964
4685166,1,1,1,41,1,781242,1,48,5,4,1,246.825166073367
4685168,1,1,1,43,1,1100000,1,48,5,3,0,231.711841405655
4685168,1,2,0,37,1,750000,1,63,6,2,1,231.711841405655
4685169,1,1,1,59,4,6e+05,1,72,5,1,1,276.588919975318
4685169,1,2,1,35,4,8e+05,1,72,5,1,1,276.588919975318
4685170,1,2,1,30,1,1059204.75,1,48,5,5,0,277.214156924094
4685171,1,1,1,34,1,1448211,1,48,5,5,0,301.905828022689
4685172,1,1,1,36,1,888211,1,50,4,4,0,235.041294105681
4685172,1,2,0,30,4,560000,1,48,4,1,1,235.041294105681
4685174,1,1,1,60,4,1200000,1,25,5,1,1,235.125077543399
4685174,1,2,0,48,4,3e+05,1,40,3,1,1,235.125077543399
4685174,1,3,1,18,1,1288211,1,40,6,5,0,235.125077543399
4685175,1,1,1,33,1,3700000,1,40,6,5,0,246.825166073367
4685176,1,1,1,38,1,927786.3125,1,48,5,5,0,301.354254043964
4685177,1,3,0,23,1,1232500,1,55,6,5,0,202.417270389727
4685179,1,1,1,45,4,9e+05,1,60,5,3,1,246.825166073367
4685180,1,1,1,36,4,1300000,1,60,6,3,0,246.825166073367
4685182,1,1,0,67,1,844533.6875,1,40,5,4,0,260.804596162633
4685182,1,2,0,38,4,6e+05,1,60,5,1,1,260.804596162633
4685182,1,3,1,49,1,1198377.625,1,82,3,3,0,260.804596162633
4685183,1,1,0,39,4,4e+05,1,60,6,4,1,231.711841405655
4685183,1,2,1,46,4,1200000,1,50,5,4,1,231.711841405655
4685184,1,1,1,50,5,2e+06,1,54,5,2,1,195.630425910329
4685184,1,3,1,29,1,1548333.375,1,40,5,4,0,195.630425910329
4685184,1,4,1,21,1,1133666.625,1,40,5,5,0,195.630425910329
4685184,1,5,1,24,1,1055333.375,1,40,6,5,0,195.630425910329
4685185,1,1,1,45,4,1600000,1,48,5,2,0,210.901196985811
4685186,1,1,1,32,4,1200000,1,72,5,1,0,323.689087598092
4685186,1,2,0,32,1,1659000,1,50,6,5,0,323.689087598092
4685186,2,1,1,34,1,1e+06,1,48,3,5,0,323.689087598092
4685186,2,2,0,21,1,869453,1,48,5,5,1,323.689087598092
4685187,1,2,0,37,1,880000,1,48,6,4,0,277.214156924094
4685189,1,2,0,39,1,1212211,1,45,6,5,0,236.664499042763
4685189,1,3,1,41,1,964453,1,48,6,4,0,236.664499042763
4685190,1,1,0,37,1,4991666.5,1,40,6,5,0,266.428252944715
4685190,1,3,1,62,4,320000,1,48,3,1,1,266.428252944715
4685190,1,4,1,48,1,2201666.75,1,48,4,2,0,266.428252944715
4685191,1,3,1,38,1,1400000,1,50,4,3,0,243.103324572634
4685191,1,6,0,72,4,6e+05,1,30,3,1,1,243.103324572634
4685192,1,1,1,31,1,540000,1,26,5,3,1,296.786995855161
4685192,1,2,0,30,4,250000,1,25,5,1,1,296.786995855161
4685193,1,1,1,39,4,8e+05,1,48,3,2,1,210.901196985811
4685193,1,2,0,41,1,830000,1,48,4,5,0,210.901196985811
4685194,1,1,0,42,1,1288211,1,48,5,5,0,210.901196985811
4685194,1,2,1,25,1,720000,1,60,5,5,1,210.901196985811
4685195,1,1,1,26,1,1558211,1,48,6,5,0,210.901196985811
4685195,1,2,0,35,1,2043666.625,1,45,6,5,0,210.901196985811
4685196,1,1,1,58,1,8e+05,1,48,3,2,1,191.146951159244
4685196,1,3,1,27,1,750000,1,48,4,2,1,191.146951159244
4685196,1,4,1,24,1,8e+05,1,50,5,3,0,191.146951159244
4685196,1,5,0,23,1,8e+05,1,48,5,5,0,191.146951159244
4685197,1,1,1,51,4,7e+05,1,56,1,1,1,227.144583216852
4685198,1,1,1,32,4,2e+06,1,60,3,1,1,256.40351250425
4685198,1,2,0,29,4,6e+05,1,30,3,1,1,256.40351250425
4685199,1,1,1,41,1,3e+06,1,48,6,4,0,277.214156924094
4685199,1,2,0,31,4,2800000,1,40,6,5,0,277.214156924094
4685200,1,1,1,21,1,5e+05,1,60,5,2,1,195.648319679236
4685200,1,4,1,22,4,3e+05,1,40,5,1,1,195.648319679236
4685200,1,5,1,19,4,350000,1,55,5,1,1,195.648319679236
4685201,1,1,0,28,1,959944.6875,1,48,6,5,0,271.674283579731
4685202,1,1,0,34,1,1008000,1,60,3,4,1,271.674283579731
4685203,1,1,1,42,1,1134999.375,1,48,5,4,0,256.40351250425
4685203,1,2,0,29,1,1142291.625,1,84,5,4,0,256.40351250425
4685204,1,3,1,24,2,2009166.625,1,48,5,5,0,214.314433123555
4685206,1,1,1,34,4,350000,1,6,6,1,1,256.40351250425
4685206,1,2,0,33,2,1950000,1,40,6,5,0,256.40351250425
4685207,1,1,1,36,1,1200544.375,1,48,3,4,0,261.391811869888
4685207,1,2,0,30,4,1020000,1,60,5,4,1,261.391811869888
4685209,1,1,1,36,1,5800000,1,50,6,5,0,246.825166073367
4685210,1,1,0,62,1,6e+05,1,40,3,2,0,330.447008800942
4685210,1,2,0,26,1,1390000,1,48,5,5,0,330.447008800942
4685210,1,3,1,28,4,1800000,1,48,5,1,1,330.447008800942
4685211,1,1,0,61,4,280000,1,16,3,1,1,285.028476720222
4685211,1,2,1,60,1,7e+05,1,50,1,2,1,285.028476720222
4685211,1,3,0,30,1,937953,1,48,5,5,0,285.028476720222
4685213,1,1,1,49,2,3289500,1,30,6,5,0,166.923070601656
4685213,1,3,1,25,1,890000,1,42,6,2,1,166.923070601656
4685213,1,4,1,22,4,1025000,1,20,6,5,1,166.923070601656
4685213,1,5,0,21,1,1100000,1,40,6,4,1,166.923070601656
4685214,1,2,0,31,1,927428.8125,1,48,6,4,0,279.992035645395
4685215,1,1,0,61,4,2500000,1,77,6,1,1,246.237950366112
4685216,1,1,1,34,4,5e+05,1,84,3,2,1,235.041294105681
4685217,1,3,0,18,1,830000,1,48,4,5,0,172.086710143971
4685218,1,1,1,27,4,750000,1,98,5,2,1,527.240252566265
4685218,1,2,0,24,4,750000,1,98,6,2,1,527.240252566265
4685219,1,1,1,62,4,5e+05,1,60,3,1,1,542.098093261911
4685220,1,1,0,53,4,80000,1,5,3,1,1,277.214156924094
4685220,1,2,1,25,1,1088211,1,48,6,5,0,277.214156924094
4685221,1,1,1,54,1,1171544.375,1,50,4,5,0,267.640705600745
4685221,1,3,0,26,1,965556.5,1,48,6,5,0,267.640705600745
4685221,1,5,1,25,1,1189877.625,1,48,6,5,0,267.640705600745
4685222,1,1,1,85,4,1e+05,1,35,3,2,0,276.001704268063
4685223,1,1,1,33,4,8e+05,1,48,6,1,1,554.428313848188
4685223,1,2,0,29,1,1383166.625,1,48,6,4,0,554.428313848188
4685224,1,1,1,24,1,933786.3125,1,48,5,4,0,275.003736279757
4685226,1,1,1,62,1,2e+07,1,48,6,5,0,240.822397295532
4685226,1,3,0,27,1,8e+06,1,48,6,5,0,240.822397295532
4685227,1,1,0,44,4,2e+05,1,16,4,1,1,163.740034801759
4685227,1,2,1,23,1,934556.5,1,55,3,4,0,163.740034801759
4685228,1,1,0,30,1,3200000,1,48,6,5,0,211.05864339358
4685228,1,2,0,29,4,781242,1,48,6,1,0,211.05864339358
4685229,1,1,1,20,1,9e+05,1,48,5,2,1,474.53921703785
4685230,1,1,0,38,1,932786.3125,1,48,5,5,0,410.722647282896
4685231,1,1,1,30,4,350000,1,36,3,1,1,242.257907884564
4685232,1,1,0,38,1,932744.6875,1,48,5,3,0,273.198472714015
4685232,1,2,1,19,1,859166.6875,1,48,5,5,1,273.198472714015
4685232,1,4,1,26,1,932744.6875,1,50,5,4,0,273.198472714015
4685233,1,1,1,46,5,1200000,1,66,4,2,0,306.972972736928
4685233,1,2,0,44,1,6e+05,1,48,6,2,0,306.972972736928
4685233,1,3,0,21,1,781242,1,48,6,5,1,306.972972736928
4685235,1,1,1,27,4,7e+05,1,48,4,5,1,645.432944885066
4685236,1,3,1,34,1,1752211,1,48,5,5,0,290.568350064584
4685236,1,4,0,31,1,934556.5,1,48,5,4,0,290.568350064584
4685238,1,1,1,44,1,9e+06,1,40,6,5,1,231.711841405655
4685241,1,1,1,61,4,1500000,1,40,6,1,0,276.001704268063
4685241,1,2,0,65,4,70000,1,3,6,1,1,276.001704268063
4685243,1,1,1,42,4,2e+06,1,72,5,1,1,246.825166073367
4685244,1,1,1,40,4,6e+06,1,48,6,4,0,231.711841405655
4685244,1,2,0,34,1,3683333.25,1,40,6,5,0,231.711841405655
4685245,1,1,1,37,4,8e+05,1,60,5,4,0,161.383197257293
4685245,1,2,0,36,1,958619.6875,1,48,4,4,0,161.383197257293
4685246,1,1,0,43,1,2400000,1,48,6,4,0,235.19874051345
4685246,1,2,0,41,1,2858333.25,1,48,6,5,0,235.19874051345
4685247,1,1,0,34,1,964453,1,48,5,3,0,250.863639159887
4685247,1,2,1,19,1,781242,1,72,5,4,1,250.863639159887
4685248,1,1,0,54,1,4150000,1,40,6,5,0,205.361323641448
4685248,1,2,1,22,4,2e+05,1,4,6,1,1,205.361323641448
4685250,1,1,1,51,1,896653,1,60,3,4,0,176.496521925005
4685250,1,2,0,22,4,8e+05,1,48,6,3,1,176.496521925005
4685252,1,1,1,39,4,8e+05,1,24,5,1,1,301.354254043964
4685252,1,2,0,31,1,1098211,1,55,6,4,0,301.354254043964
4685254,1,2,0,25,1,959786.3125,1,50,5,3,0,231.711841405655
4685255,1,1,1,40,1,1021544.3125,1,48,3,5,0,166.923070601656
4685255,1,4,1,23,1,1109044.375,1,40,6,4,0,166.923070601656
4685255,1,5,1,21,1,934453,1,45,6,5,0,166.923070601656
4685256,1,2,0,62,4,3e+05,1,38,6,1,1,276.001704268063
4685257,1,1,0,43,1,2081833.375,1,48,6,5,0,512.807025008499
4685257,1,2,1,44,1,1400000,1,90,6,5,0,512.807025008499
4685258,1,1,0,45,3,325000,1,16,3,1,1,176.653968332775
4685259,1,2,0,37,1,6500000,1,40,6,5,0,262.100832256382
4685259,1,4,0,35,3,812908.6875,1,72,6,1,0,262.100832256382
4685260,1,1,1,46,1,1038638.6875,1,60,4,5,0,246.825166073367
4685261,1,1,0,73,9,1e+05,1,36,3,2,1,276.626941216839
4685261,1,2,0,30,1,929986.3125,1,40,6,5,0,276.626941216839
4685262,1,1,1,49,1,1666666.625,1,48,5,4,0,207.95714373409
4685262,1,2,0,49,1,1970833.375,1,48,5,4,0,207.95714373409
4685263,1,1,1,46,4,7e+05,1,36,6,1,1,190.090552565966
4685263,1,2,0,42,1,4008333.25,1,48,6,5,0,190.090552565966
4685263,1,3,1,21,4,8e+05,1,29,6,1,1,190.090552565966
4685264,1,1,1,34,4,750000,1,50,4,2,1,227.144583216852
4685264,1,2,0,36,4,6e+05,1,40,4,2,1,227.144583216852
4685264,1,3,0,20,4,240000,1,20,6,2,1,227.144583216852
4685265,1,1,0,44,1,1350000,1,48,5,5,0,234.454078398426
4685265,1,3,1,18,1,480000,1,24,5,2,1,234.454078398426
4685266,1,1,1,38,4,1200000,1,30,6,1,1,346.856569562403
4685268,1,1,1,34,1,4166666.75,1,60,6,5,0,235.041294105681
4685269,1,1,1,62,4,1e+06,1,48,3,2,1,305.681674732296
4685269,1,2,0,62,1,934453,1,48,3,5,1,305.681674732296
4685269,1,3,1,33,4,1e+06,1,40,6,2,1,305.681674732296
4685270,1,1,0,34,4,3e+05,1,50,3,1,1,241.857645913502
4685270,2,1,0,47,4,840000,1,50,5,1,1,241.857645913502
4685271,1,2,1,35,1,1041666.6875,1,48,6,5,0,202.259823981957
4685273,1,3,1,25,1,1783333.375,1,40,6,5,0,281.541577612426
4685274,1,1,1,90,5,3e+06,1,30,6,4,0,261.475595307607
4685274,1,2,1,54,5,2500000,1,40,6,2,0,261.475595307607
4685274,1,3,0,51,3,9e+05,1,48,3,1,0,261.475595307607
4685275,1,1,1,51,2,1500000,1,48,5,5,0,249.765386309972
4685275,1,2,0,50,4,2e+05,1,10,5,1,1,249.765386309972
4685275,1,3,0,26,1,992743,1,40,6,5,0,249.765386309972
4685275,1,4,0,27,1,1057743,1,48,6,2,0,249.765386309972
4685276,1,1,1,30,4,1500000,1,50,6,1,1,231.711841405655
4685276,1,2,0,25,1,1291666.625,1,48,5,5,0,231.711841405655
4685277,1,1,0,28,1,975000,1,48,5,4,0,271.674283579731
4685278,1,1,1,31,1,888211,1,48,6,5,0,226.014521653523
4685282,1,3,0,25,4,5e+06,1,48,6,4,0,260.888379600352
4685283,1,1,1,35,1,3466666.75,1,60,6,5,0,255.851938525525
4685284,1,4,1,30,1,4e+05,1,25,5,3,1,357.432883981592
4685285,1,1,0,25,1,962744.6875,1,60,5,5,0,271.674283579731
4685286,1,2,0,47,5,3e+05,1,72,6,2,0,182.193841677137
4685286,1,3,1,24,1,781242,1,48,6,2,1,182.193841677137
4685287,1,1,1,21,4,9e+05,1,90,6,1,1,142.249293271969
4685287,1,2,0,19,1,360000,1,22,5,2,1,142.249293271969
4685287,1,4,1,21,1,1800000,1,76,6,4,1,142.249293271969
4685290,1,1,1,28,4,2500000,1,30,6,5,0,252.36503941773
4685290,1,2,1,26,4,2200000,1,48,6,5,0,252.36503941773
4685292,1,1,1,22,4,1e+06,1,60,4,3,1,191.767293000486
4685293,1,1,1,27,5,2e+06,1,78,5,2,1,263.620126283133
4685295,1,1,1,59,4,1e+06,1,42,3,2,1,271.049046630955
4685296,1,1,1,44,4,1500000,1,48,6,2,1,195.787872318099
4685296,1,2,0,48,4,9e+05,1,66,6,4,1,195.787872318099
4685296,1,3,1,20,4,9e+05,1,66,6,4,1,195.787872318099
4685296,1,4,0,35,1,720000,1,48,5,2,1,195.787872318099
4685297,1,1,1,41,1,1.9e+07,1,40,6,3,0,255.851938525525
4685297,1,2,0,42,1,1e+07,1,40,6,5,0,255.851938525525
4685300,1,2,0,62,4,5e+05,1,16,5,2,0,252.834222303753
4685300,1,3,1,29,4,2500000,1,48,6,1,0,252.834222303753
4685301,1,1,1,40,4,1600000,1,70,6,1,0,246.825166073367
4685303,1,2,0,32,1,1015786.3125,1,48,5,5,0,226.557367509597
4685304,1,1,1,45,1,1821544.375,1,48,5,5,0,227.144583216852
4685305,1,1,0,39,1,932744.6875,1,48,5,5,0,231.711841405655
4685305,1,2,1,41,4,4e+05,1,40,5,1,1,231.711841405655
4685306,1,1,0,43,1,1087144.625,1,40,5,3,0,317.17659909817
4685307,1,1,1,64,4,4e+05,1,49,3,1,1,276.001704268063
4685308,1,1,1,31,1,1092944.375,1,48,5,5,0,294.00911713386
4685308,1,2,0,33,1,1145000,1,60,5,5,0,294.00911713386
4687124,1,1,0,29,1,1062000,1,48,6,5,0,317.17659909817
4687125,1,3,1,46,1,1558544.375,1,48,6,5,0,286.240929376252
4688000,1,1,0,54,2,7691667,1,40,6,5,0,190.247998973736
4689307,1,1,1,36,1,2428211,1,72,6,3,0,231.711841405655
4689307,1,2,0,31,1,2084000,1,48,5,5,0,231.711841405655
4689310,1,2,0,52,5,8e+05,1,40,3,2,0,242.346586429816
4689310,1,3,1,18,1,1e+06,1,48,5,2,1,242.346586429816
4689310,1,4,0,33,5,2e+06,1,45,3,2,1,242.346586429816
4689311,1,1,1,27,4,1300000,1,30,6,5,0,246.825166073367
4689312,1,1,0,40,1,8e+05,1,34,6,2,1,255.851938525525
4689315,1,3,1,38,1,1752583.375,1,48,6,5,0,286.410451811816
4689315,1,5,1,26,1,1334044.375,1,40,6,5,0,286.410451811816
4689316,1,2,1,23,1,1390956.625,1,36,5,5,0,204.616661526423
4689317,1,1,1,32,2,1634877.75,1,60,5,5,0,227.696157195576
4689318,1,1,0,24,4,1500000,1,25,6,1,1,212.577937420331
4689319,1,1,1,76,4,1e+05,1,15,4,1,1,276.001704268063
4689320,1,1,0,52,4,5e+05,1,30,5,1,1,226.171968061292
4689321,1,1,1,65,4,4e+05,1,20,3,1,1,232.181024291678
4689321,1,2,0,58,4,80000,1,2,5,1,0,232.181024291678
4689323,1,2,0,69,4,1e+05,1,12,3,1,1,281.541577612426
4689323,1,3,1,36,1,996119.6875,1,48,5,5,0,281.541577612426
4689324,1,1,1,50,2,2531000,1,30,6,5,0,169.279908146122
4689325,1,1,1,38,4,7e+05,1,70,5,1,0,279.992035645395
4689326,1,3,1,37,1,3427000,1,40,6,5,0,290.568350064584
4689326,1,4,0,34,1,2162500,1,45,6,4,0,290.568350064584
4689327,1,1,1,45,1,869453,1,48,6,5,0,301.354254043964
4689328,1,4,0,53,4,2500000,1,48,6,5,0,241.029940972616
4689329,1,1,1,63,1,1400000,1,50,3,4,0,298.336537822192
4689329,1,2,0,56,3,150000,1,12,3,1,1,298.336537822192
4689329,1,3,1,28,1,1133500,1,48,5,4,0,298.336537822192
4689330,1,2,0,47,1,650000,1,48,4,5,0,210.901196985811
4689332,1,1,1,31,1,1988166.625,1,45,6,5,0,327.669130079641
4689332,1,2,0,26,1,948119.6875,1,48,5,5,0,327.669130079641
4689332,1,5,0,57,4,120000,1,23,3,1,1,327.669130079641
4689333,1,3,0,40,1,1319044.375,1,66,6,5,0,225.038073482847
4689333,1,5,0,38,1,934453,1,48,5,2,0,225.038073482847
4689335,1,1,1,56,5,8e+05,1,48,4,2,1,276.588919975318
4689335,1,2,1,27,1,1038000,1,48,4,5,0,276.588919975318
4689336,1,1,0,52,1,931953,1,48,3,4,1,147.946613024101
4689336,1,2,0,21,1,11650711,1,48,6,5,0,147.946613024101
4689336,1,3,0,19,1,888211,1,48,6,4,0,147.946613024101
4689336,1,4,1,19,4,1e+06,1,48,6,5,0,147.946613024101
4689337,1,1,1,50,1,4e+05,1,48,3,2,1,240.738613857813
4689337,1,3,0,25,1,882075.375,1,48,5,4,0,240.738613857813
4689339,1,1,1,27,1,1735877.625,1,48,6,5,0,242.257907884564
4689339,1,2,0,23,1,962953,1,48,6,4,0,242.257907884564
4689340,1,1,1,39,4,850000,1,55,5,1,1,272.646898735291
4689340,1,2,0,35,1,869453,1,53,6,5,1,272.646898735291
4689341,1,2,1,33,1,250000,1,48,5,4,1,311.484174453571
4689341,1,6,1,22,1,1088211,1,30,6,5,0,311.484174453571
4689346,1,1,0,45,1,963211,1,48,5,5,0,161.540643665063
4689346,1,2,0,25,1,934556.5,1,45,5,5,0,161.540643665063
4689347,1,1,0,51,2,2143000,1,40,6,5,0,226.171968061292
4689353,1,1,1,35,5,3e+06,1,39,6,2,1,246.825166073367
4689354,1,2,1,41,4,2e+06,1,30,6,5,0,282.166814561202
4689354,1,3,0,38,1,1488211,1,48,6,2,0,282.166814561202
4689355,1,1,0,43,4,8e+05,1,40,6,1,0,226.171968061292
4689357,1,2,0,37,5,3e+06,1,70,5,2,1,564.333629122404
4689358,1,1,1,40,4,9e+06,1,66,6,5,0,255.851938525525
4689358,1,2,0,37,1,3426260,1,45,6,5,0,255.851938525525
4689359,1,1,0,43,1,959944.6875,1,48,3,5,0,406.008972193964
4689359,1,2,1,48,1,1169411,1,48,4,3,0,406.008972193964
4689361,1,1,1,41,4,2e+06,1,48,5,1,1,182.193841677137
4689361,1,2,0,39,1,6750000,1,72,6,4,0,182.193841677137
4689361,1,3,0,21,1,1604877.625,1,40,6,5,0,182.193841677137
4689362,1,1,0,40,4,3400000,1,45,6,5,0,221.604709872489
4689364,1,1,1,43,1,863333.3125,1,48,3,4,0,532.54161307389
4689364,1,3,1,45,1,913333.3125,1,48,3,4,0,532.54161307389
4689365,1,3,1,42,4,1800000,1,20,6,1,0,292.034108593897
4689365,1,5,1,44,4,4e+06,1,40,6,1,1,292.034108593897
4689366,1,1,1,44,4,1e+06,1,48,5,2,0,190.090552565966
4689368,1,1,1,64,4,5e+06,1,30,6,4,0,214.314433123555
4689368,1,2,0,54,5,167000,1,8,5,2,1,214.314433123555
4689369,1,1,0,29,4,3e+05,1,40,5,1,1,248.506801615421
4689371,1,1,1,34,4,1120000,1,119,4,1,1,623.800641045745
4689371,1,2,0,22,1,952333.3125,1,50,5,2,1,623.800641045745
4689372,1,1,0,52,1,184461,1,48,5,5,0,190.247998973736
4689372,1,3,0,33,1,1419211,1,48,6,5,0,190.247998973736
4689373,1,4,0,40,1,1221544.375,1,48,6,4,0,220.011752875687
4689375,1,2,1,47,1,2633333.25,1,48,6,5,0,255.851938525525
4689377,1,1,1,46,1,1.4e+07,1,50,6,4,0,301.354254043964
4689377,1,2,0,40,1,6e+06,1,40,6,5,0,301.354254043964
4689381,1,1,1,51,1,1609277.625,1,72,3,3,0,591.313868583663
4689381,1,2,1,23,1,1248578,1,48,5,5,0,591.313868583663
4689383,1,1,1,41,4,8400000,1,48,6,5,0,231.711841405655
4689384,1,3,0,23,1,1055378.625,1,48,6,4,0,187.146499314245
4689384,1,4,1,21,1,955377.6875,1,48,6,5,0,187.146499314245
4689385,1,1,1,36,4,6e+05,1,48,3,1,1,182.193841677137
4689385,1,2,0,34,1,923853,1,56,4,4,0,182.193841677137
4689386,1,1,1,59,4,5e+05,1,96,3,1,1,220.011752875687
4689386,1,3,0,28,1,830000,1,48,5,5,0,220.011752875687
4689387,1,1,0,53,4,3e+05,1,30,4,1,1,222.138390082306
4689387,1,2,1,35,4,2e+05,1,20,5,1,1,222.138390082306
4689387,1,3,0,25,4,4e+05,1,52,5,1,1,222.138390082306
4689388,1,1,1,25,1,1241544.375,1,48,5,5,0,231.711841405655
4689389,1,2,0,54,4,8e+05,1,60,6,1,1,187.303945722015
4689389,1,4,0,26,1,2811666.75,1,48,6,5,0,187.303945722015
4689390,1,1,1,23,1,883333.3125,1,48,6,5,0,178.853359469471
4689393,1,1,1,46,2,3250000,1,40,6,5,0,147.789166616331
4689393,1,3,0,21,1,1e+06,1,48,6,5,0,147.789166616331
4689393,2,1,1,20,1,7e+05,1,16,6,5,0,147.789166616331
4689393,3,1,1,22,1,1384044.375,1,48,5,5,0,147.789166616331
4689394,1,1,1,29,4,1800000,1,65,6,1,1,242.257907884564
4689394,1,2,0,24,4,8e+05,1,30,6,1,1,242.257907884564
4689395,1,1,0,43,4,3500000,1,40,6,5,0,205.361323641448
4689396,1,1,1,31,5,6e+05,1,48,4,2,1,301.354254043964
4689397,1,1,1,50,4,1200000,1,60,3,3,1,286.792503354977
4689397,1,5,0,46,4,2e+05,1,60,5,1,1,286.792503354977
4689397,1,6,1,19,1,8e+05,1,60,5,3,1,286.792503354977
4689398,1,1,1,56,4,8e+05,1,48,5,1,1,271.049046630955
4689399,1,1,1,35,1,8196666.5,1,84,6,5,0,231.711841405655
4689399,1,2,0,26,1,6148333.5,1,84,6,5,0,231.711841405655
4689400,1,1,0,47,1,931953,1,48,6,5,0,202.417270389727
4689400,1,3,0,63,1,8e+05,1,48,4,2,1,202.417270389727
4689401,1,1,1,49,4,8e+05,1,16,3,1,1,246.825166073367
4689402,1,1,0,28,1,1040000,1,70,5,2,1,153.486486368464
4689402,1,5,1,23,1,9e+05,1,54,5,2,1,153.486486368464
4689403,1,1,1,58,2,1488211,1,40,6,5,0,271.049046630955
4689405,1,2,0,43,1,993953,1,48,4,4,0,135.951759151208
4689405,1,5,1,41,4,3e+06,1,48,5,4,0,135.951759151208
4689405,1,7,1,50,4,2e+06,1,75,4,1,0,135.951759151208
4689405,1,8,1,24,1,1e+06,1,50,6,5,0,135.951759151208
4689406,1,1,1,53,4,5e+05,1,80,5,1,1,235.041294105681
4689406,1,2,0,38,1,926666.6875,1,48,3,5,0,235.041294105681
4689407,1,1,1,78,4,4e+05,1,77,1,1,1,276.001704268063
4689408,1,2,1,21,4,5e+06,1,50,5,1,1,168.012595328921
4689408,1,3,0,22,1,1188211,1,40,6,5,0,168.012595328921
4689408,1,4,0,22,1,7e+05,1,40,6,5,1,168.012595328921
4689409,1,1,1,40,5,1e+06,1,78,5,2,1,252.36503941773
4689409,1,2,1,42,4,5e+05,1,30,5,2,1,252.36503941773
4689410,1,1,1,26,1,1001653,1,66,6,5,0,242.257907884564
4689410,1,2,0,23,5,1300000,1,48,5,2,1,242.257907884564
4689411,1,1,1,52,4,2800000,1,68,6,3,1,187.89116142927
4689411,1,2,0,54,2,1522500,1,48,6,5,0,187.89116142927
4689411,1,3,0,26,1,2208333.25,1,48,6,5,0,187.89116142927
4689412,1,2,0,65,4,250000,1,20,3,1,1,209.693639437314
4689412,1,5,0,45,4,650000,1,48,5,1,1,209.693639437314
4689413,1,1,1,42,5,3e+06,1,90,6,2,0,232.09724085396
4689415,1,1,1,49,1,934556.5,1,48,5,3,0,255.851938525525
4689415,1,2,0,39,4,4e+06,1,45,6,1,0,255.851938525525
4689417,1,2,0,43,4,4e+05,1,24,6,1,1,232.09724085396
4689417,1,3,1,47,4,1200000,1,84,4,1,0,232.09724085396
4689419,1,1,1,47,1,1795333.375,1,55,3,3,0,182.193841677137
4689420,1,3,0,19,4,4e+05,1,6,6,1,1,203.004486096982
4689423,1,1,0,45,1,6500000,1,50,6,5,0,221.604709872489
4689424,1,1,0,49,1,1180000,1,84,3,2,1,176.653968332775
4689424,1,2,0,18,1,717044.3125,1,42,6,5,0,176.653968332775
4689425,1,1,1,46,4,8e+05,1,60,5,3,1,301.354254043964
4689426,1,1,0,42,1,781400,1,42,6,3,1,197.464612752619
4689427,1,1,0,69,4,8e+05,1,10,3,1,1,246.237950366112
4689428,1,1,0,35,1,1083333.375,1,48,6,5,0,240.822397295532
4689429,1,1,0,60,4,220000,1,60,4,1,1,281.541577612426
4689429,1,2,1,56,1,1188211,1,48,5,4,0,281.541577612426
4689429,1,3,1,30,1,2125000,1,48,6,4,0,281.541577612426
4689430,1,1,1,45,5,5e+06,1,60,6,3,0,322.716472442533
4689430,1,2,0,36,4,123000,1,8,6,1,1,322.716472442533
4689431,1,3,0,42,1,840408.6875,1,48,5,5,0,306.39069511879
4689432,1,1,1,42,4,1300000,1,25,6,1,1,246.825166073367
4689433,1,2,1,51,4,8e+05,1,60,4,2,1,223.070468401802
4689433,1,3,0,20,1,1300000,1,48,6,5,0,223.070468401802
4689434,1,3,0,44,1,1388211,1,48,6,5,0,232.181024291678
4689435,1,1,1,73,5,1500000,1,45,6,2,0,271.049046630955
4689436,1,1,0,46,1,2047500,1,48,6,5,0,240.738613857813
4689436,1,2,1,48,4,2500000,1,48,6,5,0,240.738613857813
4689437,1,1,1,49,1,1200000,1,72,3,3,1,481.329901775524
4689437,1,2,0,45,1,8e+05,1,60,3,3,1,481.329901775524
4689438,1,1,0,42,4,5e+05,1,50,6,1,1,201.345639431369
4689441,1,1,0,26,1,2326666.75,1,48,6,4,0,301.354254043964
4689441,1,2,1,29,4,1400000,1,50,6,1,1,301.354254043964
4689442,1,2,1,43,1,2775000,1,40,6,5,0,257.317697054838
4689442,1,3,1,37,1,3520833.25,1,35,6,5,0,257.317697054838
4689443,1,2,1,24,1,1499166.625,1,84,6,3,1,399.328007778631
4689444,1,1,1,37,1,957620.6875,1,48,5,5,0,306.894127388327
4689444,1,2,0,35,1,1016877.6875,1,48,5,5,0,306.894127388327
4689446,1,2,0,26,1,2708333.25,1,48,6,5,0,277.214156924094
4689448,1,1,0,49,4,1300000,1,48,6,3,0,231.1246256984
4689449,1,1,1,50,4,1500000,1,60,6,1,1,246.825166073367
4689450,1,1,1,30,4,1800000,1,48,6,3,1,279.992035645395
4689452,1,1,1,60,4,1e+06,1,80,5,1,0,255.191059848219
4689452,1,2,0,61,4,9e+05,1,40,3,1,1,255.191059848219
4689453,1,1,0,42,4,7e+05,1,48,5,1,1,273.355919121785
4689453,1,5,0,35,3,6e+05,1,48,5,1,1,273.355919121785
4689454,1,1,1,26,1,3466666.75,1,48,6,3,0,246.825166073367
4689456,1,1,1,48,4,1200000,1,90,6,1,0,255.851938525525
4689456,1,2,0,41,1,1905000,1,48,6,4,0,255.851938525525
4689457,1,1,1,28,1,980000,1,48,5,4,0,218.117810764694
4689457,1,2,0,22,1,831211,1,50,6,5,0,218.117810764694
4689458,1,1,0,56,1,4008333.25,1,50,6,4,0,217.530595057439
4689458,1,2,0,22,4,3e+05,1,16,6,1,1,217.530595057439
4689459,1,2,1,26,1,781242,1,60,5,2,1,210.901196985811
4689459,1,3,1,20,1,781242,1,60,5,2,1,210.901196985811
4689460,1,1,1,46,4,1e+06,1,40,6,1,1,226.014521653523
4689461,1,1,0,22,3,8e+05,1,35,5,1,1,607.165136914417
4689462,1,1,1,50,5,1e+06,1,85,3,2,1,541.930526386474
4689463,1,2,0,44,1,967119.6875,1,48,5,4,0,190.247998973736
4689464,1,2,0,37,1,3245833.25,1,48,6,5,0,216.011301030688
4689465,1,1,1,43,1,1400000,1,50,3,2,1,246.825166073367
4689466,1,3,1,35,4,6e+05,1,24,5,1,1,281.541577612426
4689468,1,1,1,51,4,1800000,1,50,5,5,0,231.711841405655
4689468,1,2,0,49,1,2235777.75,1,48,5,2,0,231.711841405655
4689469,1,1,0,45,4,9e+05,1,60,6,4,0,176.653968332775
4689470,1,1,0,25,1,8e+05,1,48,6,5,0,226.171968061292
4689471,1,1,0,26,1,1392411,1,40,6,4,0,295.814380699601
4689472,1,1,1,27,4,3200000,1,40,6,5,0,231.711841405655
4689472,1,2,0,26,1,3e+06,1,36,6,4,0,231.711841405655
4689473,1,1,1,39,4,1500000,1,40,5,2,1,227.144583216852
4689473,1,2,0,34,4,1500000,1,40,6,2,1,227.144583216852
4689474,1,3,0,41,4,1500000,1,35,6,5,0,314.708447184455
4689474,1,4,1,43,4,1600000,1,20,5,5,0,314.708447184455
4689475,1,1,1,38,2,2925000,1,80,5,5,0,255.851938525525
4689475,1,2,0,35,1,3080000,1,48,6,4,0,255.851938525525
4689476,1,2,1,58,1,2e+05,1,12,3,2,1,301.823436929987
4689477,1,4,0,25,2,1733333.375,1,48,6,5,0,291.277370451079
4689478,1,2,1,35,4,4e+06,1,42,6,5,0,216.598516737943
4689478,1,3,0,28,2,4558333,1,40,6,5,0,216.598516737943
4689479,1,3,0,21,1,3e+05,1,24,6,2,1,247.29434895939
4689481,1,1,1,31,1,720000,1,60,5,2,1,436.235621529387
4689481,1,2,0,19,4,4e+05,1,48,3,2,1,436.235621529387
4689483,1,1,1,54,4,1100000,1,50,5,1,1,452.029043307045
4689483,1,2,1,20,4,850000,1,49,6,1,1,452.029043307045
4689484,1,1,1,31,1,1522291.625,1,72,5,4,0,277.214156924094
4689485,1,1,1,36,1,1117291.625,1,72,5,5,0,736.437575921944
4689487,1,1,0,45,1,869453,1,48,4,4,0,216.598516737943
4691228,1,1,1,48,1,1331544.375,1,60,5,4,0,246.717422147918
4691228,1,2,0,49,3,80000,1,8,5,1,1,246.717422147918
4691228,1,3,0,21,1,50000,1,11,5,5,1,246.717422147918
4691230,1,1,0,31,1,4641667,1,60,6,4,0,197.464612752619
4691230,1,2,0,20,1,2e+05,1,5,6,1,1,197.464612752619
4692460,1,1,1,47,1,950000,1,60,4,2,1,256.40351250425
4692461,1,1,0,55,3,90000,1,9,3,1,1,260.888379600352
4692461,2,1,1,68,4,1e+05,1,30,3,1,1,260.888379600352
4692462,1,1,1,33,1,2483333.25,1,48,6,5,0,246.825166073367
4692464,1,2,1,45,4,1500000,1,30,6,1,0,251.777823710475
4692465,1,1,1,38,2,2900000,1,80,6,5,0,235.041294105681
4692465,1,2,0,29,1,4051666.75,1,48,6,5,0,235.041294105681
4692466,1,1,0,40,1,2414333.25,1,48,6,5,0,242.966928271058
4692467,1,1,1,25,1,1e+06,1,36,6,5,0,277.214156924094
4692467,1,2,0,25,1,906666.6875,1,48,6,3,0,277.214156924094
4692468,1,1,1,51,1,2166666.75,1,48,6,3,0,198.437227908178
4692468,1,3,0,23,1,965556.5,1,30,6,3,0,198.437227908178
4692469,1,1,0,19,1,970000,1,52,5,4,1,218.117810764694
4692469,1,2,1,35,4,1e+06,1,38,4,4,1,218.117810764694
4692470,1,2,0,26,1,1339877.625,1,48,6,5,0,277.214156924094
4692470,1,1,1,30,1,1024453,1,48,5,5,0,277.214156924094
4692471,1,2,1,59,1,1500000,1,48,3,2,1,281.541577612426
4692471,1,3,1,32,4,1200000,1,48,5,1,1,281.541577612426
4692473,1,1,1,58,4,7e+05,1,60,5,2,0,266.428252944715
4692473,1,3,0,32,1,2166666.75,1,46,6,5,0,266.428252944715
4692474,1,1,1,43,4,5e+06,1,44,6,5,0,219.927969437969
4692474,1,3,0,25,4,1400000,1,32,6,5,0,219.927969437969
4692475,1,2,0,20,1,1476333.375,1,24,5,5,0,253.459459252529
4692475,1,4,0,30,1,1391666.625,1,45,6,5,0,253.459459252529
4692475,1,3,1,32,2,1774593.125,1,96,5,5,0,253.459459252529
4692475,1,1,0,57,1,1133333.375,1,48,6,5,0,253.459459252529
4692476,1,2,0,51,4,781242,1,40,3,1,1,206.417722234726
4692478,1,2,0,55,3,160000,1,8,4,1,0,223.070468401802
4692478,1,1,1,53,1,1625000,1,54,5,4,0,223.070468401802
4692479,1,1,1,26,1,1119333.375,1,48,5,5,0,246.825166073367
4692480,1,1,1,57,4,7e+05,1,48,5,2,1,226.483704539546
4692481,1,1,0,34,1,3200000,1,40,6,2,0,226.171968061292
4692482,1,1,1,66,4,2e+06,1,90,6,1,1,206.417722234726
4692483,1,1,0,41,4,560000,1,32,3,1,1,250.312065181162
4692484,1,1,1,39,2,4000000.25,1,48,6,5,0,309.755789547347
4692484,1,2,0,39,1,2995333.5,1,48,6,4,0,309.755789547347
4692485,1,1,0,62,1,1e+05,1,8,3,2,1,204.616661526423
4692485,1,3,1,18,4,4e+05,1,24,4,1,1,204.616661526423
4692486,1,1,1,23,1,846345.5,1,48,5,4,0,237.269608518925
4692486,1,2,0,24,1,846345.5,1,48,6,5,0,237.269608518925
4692487,1,1,0,37,4,8e+05,1,46,5,1,1,255.851938525525
4692487,1,2,1,44,1,1546211,1,48,4,4,0,255.851938525525
4692489,1,1,0,51,1,962786.3125,1,48,3,3,0,211.87381214137
4692489,1,4,1,37,1,1773211,1,48,6,3,0,211.87381214137
4692493,1,1,1,61,3,1e+06,1,48,6,2,0,255.935721963244
4692493,1,2,0,47,4,1500000,1,48,3,1,1,255.935721963244
4692494,1,1,1,60,1,1700000,1,70,3,5,0,235.125077543399
4692494,1,3,1,24,1,1625000,1,45,6,5,0,235.125077543399
4692496,1,1,1,54,1,1134556.5,1,48,5,5,0,226.014521653523
4692497,1,1,0,21,1,1115000,1,30,6,5,0,218.117810764694
4692497,1,2,1,30,1,1080000,1,48,4,5,0,218.117810764694
4692498,1,1,0,46,1,8e+05,1,48,5,2,1,245.77505493264
4692498,1,2,1,56,4,8e+05,1,60,4,1,1,245.77505493264
4692498,1,3,0,25,1,8e+05,1,48,6,5,0,245.77505493264
4692499,1,3,0,46,1,1121211,1,48,5,3,0,192.686372658608
4692501,1,1,1,54,4,840000,1,84,4,1,1,246.825166073367
4692502,1,1,0,21,1,781242,1,48,6,5,1,163.059937691813
4692502,1,2,0,18,1,869453,1,60,6,2,1,163.059937691813
4692502,1,3,1,23,1,886119.6875,1,48,6,5,0,163.059937691813
4692505,1,1,1,58,2,3200000,1,40,6,5,0,206.417722234726
4692505,1,2,0,38,1,1400000,1,48,6,4,0,206.417722234726
4692506,1,2,0,48,4,80000,1,12,5,1,1,182.193841677137
4692506,1,1,1,49,1,1648211,1,45,5,5,0,182.193841677137
4692507,1,2,0,48,1,1783333.375,1,48,6,4,0,240.822397295532
4692507,1,3,0,39,4,2e+06,1,60,6,4,0,240.822397295532
4692508,1,1,1,54,1,3049380,1,48,5,5,0,174.297130788308
4692508,1,2,0,41,4,5e+05,1,8,6,1,0,174.297130788308
4692509,1,1,0,48,3,932743,1,40,5,1,1,200.794065452645
4692509,1,2,1,20,1,869453,1,66,4,3,0,200.794065452645
4692510,1,1,1,65,1,3e+05,1,16,3,2,0,237.720897636041
4692510,1,3,0,40,1,2071666.625,1,45,6,5,0,237.720897636041
4692510,1,5,1,36,1,1915000,1,45,6,5,0,237.720897636041
4692513,1,1,0,31,4,6e+05,1,20,6,1,0,280.627393061838
4692513,1,2,1,55,4,1500000,1,40,6,1,1,280.627393061838
4692514,1,2,1,36,1,1254166.625,1,48,5,3,0,179.249788425416
4692515,1,1,0,54,1,1569877.625,1,48,5,5,0,267.05348989349
4692515,1,2,0,32,4,1200000,1,30,6,4,0,267.05348989349
4692515,1,3,1,27,1,1226544.375,1,48,6,5,0,267.05348989349
4692515,1,5,0,56,1,934453,1,48,4,3,0,267.05348989349
4692516,1,1,0,63,1,781242,1,48,6,4,0,246.237950366112
4692517,1,2,0,43,1,2042000,1,48,6,5,0,231.1246256984
4692518,1,1,0,52,1,846345.5,1,40,6,4,0,226.171968061292
4692519,1,1,1,38,2,3113333.25,1,40,6,5,0,235.041294105681
4692520,1,2,0,30,1,3233333.25,1,48,6,5,0,235.19874051345
4692520,1,1,0,50,4,4e+06,1,50,6,5,0,235.19874051345
4692522,1,3,0,47,1,466666.65625,1,20,6,2,1,221.551174375051
4692522,1,2,0,53,1,879166.6875,1,44,6,4,0,221.551174375051
4692522,1,4,1,45,4,7e+05,1,48,3,1,1,221.551174375051
4692523,1,2,1,47,1,7241666.5,1,48,6,5,0,182.193841677137
4692524,1,1,1,44,1,4333333.5,1,48,6,5,0,231.711841405655
4692524,1,2,0,48,4,1200000,1,40,6,4,0,231.711841405655
4692525,1,1,1,52,4,7e+05,1,40,6,1,1,241.290187836538
4692525,1,2,0,50,1,1470111,1,50,5,3,0,241.290187836538
4692525,1,3,0,27,1,1590794.375,1,50,6,5,0,241.290187836538
4692526,1,1,0,38,1,1218500,1,48,6,5,0,203.004486096982
4692527,1,1,1,46,1,993333.3125,1,48,5,5,0,235.041294105681
4692527,1,2,0,36,1,954453,1,48,5,4,0,235.041294105681
4692528,1,1,1,60,4,6e+05,1,48,6,1,1,261.860994755911
4692528,1,3,0,34,1,1791666.625,1,48,6,3,0,261.860994755911
4692528,1,4,1,34,4,8e+05,1,96,5,1,0,261.860994755911
4692529,1,1,0,42,4,150000,1,28,6,1,0,197.464612752619
4692530,1,2,0,31,1,869954,1,48,3,4,1,191.027525992995
4692531,1,3,1,40,4,1200000,1,48,5,1,1,232.768239998933
4692534,1,1,1,27,1,1583544.375,1,54,6,5,0,322.716472442533
4692534,1,2,0,26,1,70000,1,18,6,2,1,322.716472442533
4692535,1,1,0,43,4,1600000,1,30,6,5,0,190.090552565966
4692537,1,1,0,46,1,932744.6875,1,45,5,4,0,203.004486096982
4692537,1,2,1,39,5,1200000,1,50,4,2,0,203.004486096982
4692537,1,3,0,23,1,912500,1,48,6,5,0,203.004486096982
4692538,1,1,1,40,1,2393333.25,1,48,5,5,0,322.716472442533
4692538,1,2,0,28,1,1468333.375,1,48,6,5,0,322.716472442533
4692539,1,1,1,54,4,2500000,1,50,6,2,0,223.070468401802
4692539,1,2,0,59,4,2500000,1,50,6,2,1,223.070468401802
4692540,1,1,1,36,4,1e+06,1,60,6,1,1,255.851938525525
4692540,1,2,0,29,1,4e+05,1,30,6,3,1,255.851938525525
4692541,1,1,1,47,1,1195211,1,58,6,5,0,246.825166073367
4692542,1,1,1,61,4,1e+06,1,60,3,1,1,276.001704268063
4692544,1,1,1,58,4,2e+06,1,60,5,1,1,242.341691322282
4692545,1,1,0,34,1,1101666.625,1,48,5,4,0,242.966928271058
4692546,1,1,1,29,1,1554400,1,66,4,2,0,301.354254043964
4692546,1,2,0,31,3,350000,1,36,4,1,1,301.354254043964
4692547,1,1,0,27,1,2196666.75,1,48,6,5,0,277.214156924094
4692548,1,6,0,40,1,1066666.75,1,68,6,5,0,138.916007556827
4692548,1,3,0,38,4,650000,1,44,6,1,1,138.916007556827
4692548,1,7,0,20,1,851400,1,54,6,5,0,138.916007556827
4692549,1,1,1,64,1,1132744.625,1,60,4,4,0,243.407187880533
4692549,1,4,1,20,1,962369.6875,1,48,5,4,0,243.407187880533
4692549,1,3,0,39,1,1148333.375,1,48,5,4,0,243.407187880533
4692550,1,1,1,22,4,1600000,1,45,6,3,0,199.664003889315
4692550,2,1,1,24,1,1825000,1,50,6,4,0,199.664003889315
4692551,1,1,1,50,4,650000,1,48,3,1,1,231.711841405655
4692552,1,1,0,41,4,4e+05,1,60,4,1,1,271.674283579731
4692553,1,1,1,50,5,1.2e+07,1,15,5,2,1,246.825166073367
4692554,1,1,1,32,2,2390500,1,112,5,5,0,277.214156924094
4692555,1,1,1,66,4,1e+06,1,8,5,1,0,255.191059848219
4692555,1,2,0,55,2,1633333.25,1,40,6,5,0,255.191059848219
4692556,1,1,1,65,4,1700000,1,45,3,1,1,271.049046630955
4692558,1,1,1,49,4,1e+06,1,48,6,1,1,246.825166073367
4692559,1,2,0,39,1,1035000,1,50,6,5,0,216.441070330174
4692559,2,2,1,21,1,1109544.375,1,48,6,5,0,216.441070330174
4692559,2,1,1,25,1,1149877.625,1,48,5,5,0,216.441070330174
4692560,1,3,0,50,1,934727.6875,1,48,4,5,0,260.888379600352
4692563,1,2,1,40,4,8e+05,1,54,4,1,1,251.777823710475
4692565,1,1,1,63,4,6e+05,1,112,4,2,1,298.336537822192
4692566,1,2,0,57,1,932744.6875,1,48,5,5,0,287.081450956789
4692566,1,1,1,58,1,1460000,1,48,5,5,0,287.081450956789
4692566,1,3,1,36,1,1300000,1,48,5,4,0,287.081450956789
4692566,1,4,1,30,1,1188211,1,48,5,5,0,287.081450956789
4692569,1,2,0,19,1,1088211,1,52,6,5,0,203.004486096982
4692569,1,1,1,54,4,3e+05,1,48,3,1,1,203.004486096982
4692569,1,3,0,50,1,806242,1,48,5,4,0,203.004486096982
4692570,1,1,1,87,4,2e+05,1,12,3,1,1,271.43444607926
4692571,1,4,0,33,1,1155111,1,47,6,5,0,243.407187880533
4692572,1,1,1,61,4,5e+05,1,10,4,1,1,209.013542327368
4692572,1,3,0,26,1,846345.5,1,48,6,5,0,209.013542327368
4692572,1,4,0,23,4,3e+05,1,8,6,1,1,209.013542327368
4692572,1,6,1,27,1,934556.5,1,48,6,5,0,209.013542327368
4692573,1,1,1,54,5,2e+06,1,50,3,2,1,174.297130788308
4692573,1,2,0,46,1,8e+05,1,48,3,2,0,174.297130788308
4692573,1,3,0,20,1,9e+05,1,48,6,5,0,174.297130788308
4692574,1,2,1,22,4,1e+06,1,74,6,2,1,226.014521653523
4692574,1,1,1,47,4,5e+05,1,54,4,2,1,226.014521653523
4692576,1,1,1,24,1,966119.6875,1,48,6,5,0,191.767293000486
4692577,1,3,0,20,1,2e+05,1,30,5,2,1,211.370379871834
4692577,1,2,0,58,5,6e+05,1,60,3,2,1,211.370379871834
4692579,1,3,1,19,1,450000,1,48,5,2,1,132.67584194862
4692579,1,1,1,42,4,6e+05,1,60,4,1,1,132.67584194862
4692580,1,1,0,42,4,8e+05,1,48,1,1,1,185.523294377163
4692580,1,2,1,23,4,1600000,1,48,5,1,0,185.523294377163
4692580,1,3,1,20,1,990044.3125,1,48,5,5,0,185.523294377163
4692580,1,6,1,48,4,1800000,1,48,4,1,1,185.523294377163
4692581,1,6,1,33,4,1500000,1,16,6,3,1,241.050350336067
4692581,1,3,0,37,2,2236666.75,1,30,6,5,0,241.050350336067
4692581,1,7,1,22,4,8e+05,1,16,5,3,1,241.050350336067
4692582,1,1,1,53,4,1e+06,1,54,6,1,1,238.346134584817
4692582,1,2,0,43,4,2e+05,1,15,5,1,1,238.346134584817
4692582,1,3,0,27,1,2119211,1,60,6,4,0,238.346134584817
4692583,1,1,1,59,4,7e+05,1,30,5,1,1,271.049046630955
4692584,1,2,0,26,1,840000,1,56,5,2,1,231.711841405655
4692584,1,1,1,27,1,8e+05,1,48,5,4,0,231.711841405655
4692585,1,1,0,32,2,1725211,1,48,5,5,0,271.674283579731
4692586,1,1,0,64,3,1052743,1,58,3,1,1,306.306911681072
4692586,1,3,0,29,1,310000,1,40,4,2,1,306.306911681072
4692586,1,2,1,25,1,932743,1,40,6,5,0,306.306911681072
4692587,1,2,0,44,1,8e+05,1,48,5,4,0,254.046674959784
4692589,1,2,1,20,1,911119.6875,1,48,6,5,0,200.720402482593
4692591,1,1,0,36,1,7e+06,1,48,6,5,0,226.171968061292
4692593,1,1,1,48,1,1283432.875,1,48,3,2,0,203.977101252541
4692593,1,2,0,45,1,750000,1,48,5,2,1,203.977101252541
4692593,2,1,1,26,1,965806.5,1,48,6,5,0,203.977101252541
4692593,2,2,0,24,1,1337127.625,1,48,6,5,0,203.977101252541
4692595,1,2,1,34,2,4416667,1,48,6,5,0,276.588919975318
4692596,1,1,1,39,1,450000,1,21,5,2,1,284.944693282503
4692596,1,2,0,38,1,2328666.75,1,50,6,5,0,284.944693282503
4692597,1,1,1,43,1,1100000,1,48,5,2,1,235.041294105681
4692597,1,2,0,38,5,1100000,1,48,5,2,1,235.041294105681
4692598,1,1,1,34,4,4e+05,1,70,4,1,1,246.825166073367
4692599,1,2,0,33,2,2391666.75,1,30,6,4,0,231.1246256984
4692600,1,1,1,48,4,7e+05,1,85,5,1,1,240.581167450044
4692600,1,2,0,44,4,450000,1,20,6,1,1,240.581167450044
4692600,1,3,1,27,1,1571544.375,1,45,5,5,0,240.581167450044
4692600,1,4,1,21,1,7e+05,1,48,5,2,1,240.581167450044
4692601,1,1,1,35,1,1301544.375,1,48,5,5,0,246.825166073367
4692603,1,1,1,25,4,9e+05,1,56,5,1,1,260.804596162633
4692603,1,2,0,29,1,650000,1,56,6,2,1,260.804596162633
4692603,1,4,0,55,4,8e+05,1,70,4,1,1,260.804596162633
4692604,1,1,0,42,1,969453,1,60,5,5,0,226.171968061292
4692605,1,1,1,23,1,1439877.625,1,48,6,4,0,220.47464830916
4692607,1,2,1,39,1,1188211,1,50,5,4,0,251.777823710475
4692608,1,2,0,40,1,8e+05,1,56,3,2,1,182.193841677137
4692608,1,1,1,44,1,8e+05,1,48,3,2,0,182.193841677137
4692608,1,3,1,21,1,860000,1,58,4,3,0,182.193841677137
4692609,1,1,0,59,4,90000,1,20,6,1,1,246.237950366112
4692610,1,1,1,47,4,850000,1,60,6,1,0,187.146499314245
4692610,1,2,0,45,2,2200000,1,30,6,5,0,187.146499314245
4692612,1,1,1,39,1,3130000,1,45,6,5,0,277.214156924094
4692612,1,2,0,35,1,1119211,1,49,6,4,0,277.214156924094
4692614,1,1,1,61,1,1512500,1,58,4,5,0,252.834222303753
4692614,1,3,1,27,1,1460000,1,48,5,3,0,252.834222303753
4692615,1,2,0,21,1,1496544.375,1,46,6,3,0,183.870582111657
4692615,1,1,0,22,1,1251211,1,48,5,5,0,183.870582111657
4692616,1,1,0,45,1,934453,1,48,5,5,0,205.361323641448
4692618,1,4,0,23,1,1429877.625,1,48,6,4,0,232.181024291678
4692618,1,1,1,61,1,1171544.375,1,48,4,4,0,232.181024291678
4692618,1,3,0,26,4,60000,1,38,6,1,1,232.181024291678
4692619,1,1,0,30,1,900453,1,50,6,5,0,255.851938525525
4692619,1,2,1,27,4,5e+05,1,72,5,2,1,255.851938525525
4692620,1,1,1,50,4,250000,1,10,6,1,0,226.014521653523
4692621,1,1,0,52,4,1500000,1,40,6,1,0,231.1246256984
4692622,1,1,0,37,1,1075211,1,48,5,5,0,176.653968332775
4692623,1,2,0,32,1,1154877.625,1,72,5,4,0,231.711841405655
4692623,1,1,1,34,1,1218211,1,72,5,3,0,231.711841405655
4692624,1,1,0,35,1,992744.6875,1,48,6,5,0,227.144583216852
4692624,1,2,1,46,1,929453,1,48,4,2,0,227.144583216852
4692625,1,3,1,27,1,869453,1,48,5,5,0,237.251714750018
4692625,1,1,1,51,4,781242,1,60,5,1,0,237.251714750018
4692626,1,1,0,21,1,7e+05,1,48,5,2,1,212.577937420331
4692627,1,3,0,26,4,1600000,1,48,6,5,0,242.204372387126
4692627,1,1,0,62,2,1575000,1,48,5,5,0,242.204372387126
4692627,1,4,1,29,1,750000,1,48,5,4,1,242.204372387126
4692627,1,2,1,43,1,8e+05,1,48,5,4,1,242.204372387126
4692628,1,1,0,25,1,869453,1,48,6,5,0,210.901196985811
4692629,1,1,0,33,1,1e+06,1,65,6,2,1,226.171968061292
4695803,1,1,1,63,4,4150000,1,36,6,1,0,232.768239998933
4695803,1,2,0,53,4,1500000,1,56,6,1,1,232.768239998933
4695803,1,3,1,27,1,1369611,1,45,6,5,0,232.768239998933
4695803,1,4,0,23,1,2166666.75,1,45,6,3,0,232.768239998933
4695804,1,1,1,51,1,975000,1,48,6,3,0,226.014521653523
4695805,1,2,0,51,4,6e+05,1,24,4,1,1,211.05864339358
4695806,1,1,0,65,4,1e+05,1,3,3,1,1,300.146696495467
4695806,1,2,0,42,1,928666.6875,1,48,6,5,0,300.146696495467
4695806,2,1,1,41,1,930666.6875,1,48,5,4,0,300.146696495467
4695806,2,2,0,37,1,1097500,1,48,6,5,0,300.146696495467
4697103,1,2,1,33,1,808242,1,48,4,4,0,285.496267261228
4697103,1,6,0,61,3,8e+05,1,48,3,1,1,285.496267261228
4697103,1,1,0,29,1,990953,1,55,6,5,0,285.496267261228
4697104,1,1,1,61,1,898619.6875,1,48,5,4,0,245.61760852487
4697104,1,2,0,58,1,1545833.375,1,48,6,4,0,245.61760852487
4697104,1,4,1,38,4,1800000,1,48,6,5,0,245.61760852487
4697105,1,1,1,43,5,2e+06,1,48,5,2,1,231.711841405655
4697106,1,1,1,49,4,4e+05,1,48,3,1,1,463.42368281131
4697107,1,1,1,36,4,3e+05,1,48,6,1,1,235.041294105681
4699025,1,1,1,38,1,5e+06,1,40,6,5,0,301.354254043964
4699026,1,1,0,37,1,1.2e+07,1,48,6,5,0,226.171968061292
4699027,1,2,1,54,1,2925000,1,48,5,5,0,213.497017078453
4699027,1,5,0,33,1,4641666.5,1,48,6,4,0,213.497017078453
4699028,1,1,1,34,1,10125000,1,48,6,5,0,255.851938525525
4699028,1,2,0,35,4,4e+05,1,30,6,1,0,255.851938525525
4699029,1,1,0,51,1,1496544.375,1,48,6,5,0,181.606625969882
4699029,1,4,1,18,1,909453,1,48,6,5,0,181.606625969882
4699030,1,1,0,65,4,465000,1,24,3,1,0,251.777823710475
4699031,1,1,0,47,4,3e+05,1,16,4,1,1,277.214156924094
4699031,1,2,1,50,4,1e+05,1,28,4,1,1,277.214156924094
4699032,1,1,0,44,3,869453,1,60,5,1,0,161.383197257293
4699032,1,2,1,42,1,1643300,1,66,4,5,0,161.383197257293
4699032,1,5,1,21,4,2e+05,1,60,5,2,1,161.383197257293
4699033,1,1,0,49,4,1e+07,1,50,6,1,0,181.606625969882
4699033,1,4,0,56,3,857032,1,48,3,1,0,181.606625969882
4699034,1,1,1,38,1,9333333,1,48,6,4,0,255.851938525525
4699034,1,2,0,36,4,6e+06,1,35,6,1,0,255.851938525525
4699035,1,1,1,46,4,9e+05,1,50,5,1,1,132.67584194862
4699035,1,2,0,38,1,869453,1,48,3,5,0,132.67584194862
4699036,1,1,0,60,4,8e+05,1,42,5,1,1,210.313981278556
4699036,1,2,0,26,1,1635416.625,1,48,6,5,0,210.313981278556
4699037,1,1,0,50,4,7e+06,1,60,6,5,0,226.171968061292
4699038,1,2,0,52,3,260000,1,53,6,1,1,187.303945722015
4699038,1,3,0,47,1,1690000,1,45,6,5,0,187.303945722015
4699039,1,1,1,48,1,1e+06,1,52,4,4,0,223.070468401802
4699040,1,1,1,28,2,1812500,1,48,6,5,0,261.391811869888
4699040,1,2,0,30,4,1140000,1,45,6,5,0,261.391811869888
4699040,1,4,1,26,2,1225711,1,40,6,5,0,261.391811869888
4699041,1,1,1,34,4,1e+06,1,40,5,1,1,235.041294105681
4699044,1,1,1,33,1,11100000,1,40,6,4,0,231.711841405655
4699044,1,2,0,32,1,1e+07,1,40,6,5,0,231.711841405655
4699045,1,1,1,36,1,931000,1,50,5,5,0,182.193841677137
4699046,1,2,0,28,4,50000,1,15,6,1,1,261.475595307607
4699047,1,1,1,39,1,5416666.5,1,48,6,5,0,239.993951742789
4699047,1,2,0,38,1,4208333.5,1,60,6,5,0,239.993951742789
4699048,1,3,1,23,1,1512500,1,48,6,5,0,190.090552565966
4699048,1,4,1,20,1,926666.6875,1,50,6,2,0,190.090552565966
4699049,1,1,1,31,2,1900000,1,90,6,5,0,216.598516737943
4699049,1,2,0,29,2,1900000,1,90,6,5,0,216.598516737943
4699050,1,1,1,31,2,1733333.375,1,60,6,5,0,279.992035645395
4699050,1,2,0,29,1,1679877.625,1,48,6,5,0,279.992035645395
4699051,1,1,0,50,1,31250000,1,40,6,5,0,205.361323641448
4699052,1,2,1,25,4,1e+07,1,40,6,1,1,227.144583216852
4699053,1,1,1,44,4,8e+05,1,60,6,2,1,252.36503941773
4699053,1,2,1,42,4,1200000,1,62,6,2,1,252.36503941773
4699054,1,1,1,39,1,3600000,1,48,6,5,0,210.901196985811
4699054,1,2,0,33,1,1630000,1,48,6,5,0,210.901196985811
4699057,1,2,0,26,1,2254877.75,1,40,6,4,0,211.05864339358
4699058,1,1,1,43,5,5e+07,1,69,6,4,0,246.825166073367
4699060,1,2,0,37,4,2800000,1,48,6,5,0,236.664499042763
4699060,1,3,1,32,1,4706333.5,1,48,6,5,0,236.664499042763
4699061,1,1,1,35,2,1764333.375,1,48,6,5,0,267.05348989349
4699061,1,2,0,41,1,2166666.75,1,65,5,5,0,267.05348989349
4699061,1,4,0,56,3,350000,1,40,3,1,1,267.05348989349
4699061,1,5,0,27,1,1588211,1,50,6,5,0,267.05348989349
4699063,1,1,0,49,1,934453,1,48,1,4,0,364.387683354275
4699063,1,2,1,54,4,1e+06,1,40,4,2,0,364.387683354275
4699063,1,4,1,18,1,1e+06,1,32,4,3,1,364.387683354275
4699064,1,1,1,22,1,860000,1,60,5,2,1,528.375168720193
4699065,1,1,1,29,1,959453,1,48,5,4,0,693.713139124806
4699066,1,1,1,25,1,1191666.625,1,48,5,4,0,551.952702870633
4699066,1,2,0,26,1,929453,1,48,6,5,0,551.952702870633
4699066,1,5,0,19,4,1e+05,1,30,4,1,1,551.952702870633
4699066,1,6,1,23,1,2430000,1,72,5,4,0,551.952702870633
4699068,1,1,0,35,4,5e+05,1,70,3,1,1,353.307936665549
4699069,1,1,0,58,4,40000,1,8,3,2,1,514.635394109676
4699069,1,2,1,34,4,3e+05,1,48,3,1,1,514.635394109676
4699069,1,3,1,26,4,350000,1,48,4,1,1,514.635394109676
4699070,1,2,1,25,1,869453,1,65,6,5,0,251.777823710475
4699072,1,1,1,53,4,2800000,1,38,6,5,0,210.901196985811
4699072,1,2,0,46,1,5687500,1,48,6,4,0,210.901196985811
4699074,1,1,0,35,1,898211,1,48,5,4,0,450.971473102478
4699075,1,1,1,22,1,4e+05,1,70,4,3,1,432.917928198162
4699075,1,4,1,18,1,450000,1,48,5,3,1,432.917928198162
4699076,1,3,1,44,4,8e+05,1,50,6,1,0,266.428252944715
4699076,1,4,0,43,2,4508333,1,30,6,5,0,266.428252944715
4699077,1,2,1,40,2,2800000,1,48,6,5,0,251.777823710475
4699079,1,1,0,43,1,1178211,1,52,5,5,0,256.40351250425
4699079,1,2,1,54,1,1081242,1,76,3,2,1,256.40351250425
4699080,1,2,0,40,1,965853,1,48,5,4,0,195.043210203074
4699080,1,3,1,43,1,965453,1,48,6,5,0,195.043210203074
4699082,1,1,0,42,4,7e+05,1,48,3,3,1,379.006673717423
4699082,2,1,0,63,4,3e+05,1,40,3,1,1,379.006673717423
4699083,1,2,0,36,4,3460000,1,40,6,5,0,227.22836665457
4699084,1,1,1,70,4,5e+05,1,40,6,1,0,276.001704268063
4699085,1,1,0,54,4,7e+05,1,60,3,2,1,192.897354563816
4699086,1,1,1,28,1,3550000,1,48,6,5,0,257.904912762093
4699086,1,2,1,28,4,5e+06,1,48,6,5,0,257.904912762093
4699086,1,3,1,28,4,5e+06,1,48,6,5,0,257.904912762093
4699087,1,1,1,28,2,1900000,1,48,6,5,0,246.825166073367
4699088,1,1,1,48,1,1149453,1,48,5,5,0,246.825166073367
4699089,1,3,0,36,1,1323044.25,1,53,6,2,0,195.945318725869
4699090,1,1,1,36,1,3033333.25,1,50,6,4,0,292.327481591806
4699091,1,1,0,58,4,4e+05,1,12,6,1,1,251.777823710475
4699091,1,2,1,37,4,6e+05,1,40,6,2,1,251.777823710475
4699093,1,1,0,35,4,6e+05,1,48,5,1,1,205.361323641448
4699094,1,1,1,38,1,4666666.5,1,48,6,5,0,231.711841405655
4699095,1,1,1,57,1,5e+05,1,48,4,2,0,240.822397295532
4699095,1,2,0,50,1,1388211.625,1,48,6,5,0,240.822397295532
4699095,1,3,0,30,4,8e+05,1,40,6,2,0,240.822397295532
4699096,1,1,1,57,4,1500000,1,24,4,1,1,252.834222303753
4699097,1,1,1,38,2,4691667,1,40,6,5,0,231.711841405655
4699098,1,1,0,56,4,781242,1,18,3,1,1,246.237950366112
4699099,1,2,0,75,4,50000,1,5,3,1,0,305.765458170015
4699101,1,1,0,39,1,9e+05,1,84,3,2,1,238.399670082254
4699101,1,2,0,22,1,750000,1,48,5,2,1,238.399670082254
4699101,2,1,0,20,1,8e+05,1,48,5,2,1,238.399670082254
4699102,1,1,1,48,4,6e+05,1,91,5,1,1,246.825166073367
4699103,1,1,0,42,1,1032877.6875,1,40,6,4,0,190.090552565966
4699103,1,2,1,35,1,1227377.625,1,48,5,5,0,190.090552565966
4699104,1,2,0,25,1,869453,1,60,5,2,0,231.711841405655
4699107,1,1,1,66,4,8e+05,1,65,3,2,1,276.001704268063
4699107,1,2,0,63,1,1200000,1,66,5,2,1,276.001704268063
4699108,1,1,1,32,4,240000,1,34,5,1,1,277.214156924094
4699108,1,2,0,32,4,3e+05,1,48,3,2,1,277.214156924094
4699109,1,1,1,60,1,1759044.375,1,60,3,5,0,235.125077543399
4699109,1,2,0,49,4,120000,1,24,3,1,1,235.125077543399
4699109,1,3,1,18,1,1200000,1,56,5,2,1,235.125077543399
4699110,1,1,0,50,4,1800000,1,48,5,5,0,176.653968332775
4699112,1,1,1,44,1,6875000,1,48,6,5,0,246.825166073367
4699113,1,3,1,25,1,1696544.375,1,55,6,4,0,281.541577612426
4699115,1,1,1,51,2,3250000,1,40,6,5,0,190.090552565966
4699115,1,2,0,47,2,1700000,1,30,6,5,0,190.090552565966
4699116,1,1,0,42,1,4362000,1,48,6,4,0,216.011301030688
4699116,1,3,0,35,1,7245333.5,1,40,6,5,0,216.011301030688
4699117,1,1,1,52,4,8e+05,1,50,5,1,0,256.40351250425
4699119,1,1,1,36,1,1500000,1,60,5,5,0,246.825166073367
4699120,1,1,1,59,4,3e+06,1,40,5,1,0,290.568350064584
4699120,1,3,0,28,1,3781000,1,48,6,5,0,290.568350064584
4699120,1,5,1,26,4,1e+06,1,40,6,5,1,290.568350064584
4699122,1,1,0,55,4,5e+05,1,35,5,1,1,204.616661526423
4699122,1,3,1,19,1,1800000,1,48,6,4,0,204.616661526423
4699127,1,1,0,44,4,2500000,1,54,6,5,0,208.544359441345
4699127,1,2,1,40,4,1500000,1,72,6,1,0,208.544359441345
4699127,1,4,1,43,1,1725000,1,40,6,5,0,208.544359441345
4699128,1,1,0,51,2,3250000,1,40,6,5,0,190.247998973736
4699129,1,1,1,64,4,4e+05,1,5,6,2,0,255.191059848219
4699130,1,2,1,49,4,1500000,1,60,6,1,1,251.777823710475
4699131,1,1,1,57,1,932743,1,70,4,4,0,255.935721963244
4699131,1,2,0,54,4,120000,1,20,5,1,1,255.935721963244
4699132,1,1,0,41,4,4800000,1,40,6,5,0,210.901196985811
4699132,1,2,1,48,2,4691666.5,1,40,6,5,0,210.901196985811
4699133,1,1,1,48,1,1488211,1,60,5,5,0,246.825166073367
4699134,1,1,1,50,1,8e+05,1,50,3,5,0,246.825166073367
4699135,1,1,1,34,1,9e+05,1,90,3,2,1,322.716472442533
4699137,1,1,1,56,2,1475711,1,40,3,5,0,211.370379871834
4699137,1,2,0,60,4,30000,1,10,3,1,1,211.370379871834
4699137,1,3,0,28,1,2058333.375,1,48,6,5,0,211.370379871834
4699138,1,3,0,42,4,1800000,1,45,6,5,0,211.370379871834
4699138,1,4,1,22,1,3e+05,1,20,6,2,1,211.370379871834
4699139,1,1,1,32,1,3281000,1,48,6,5,0,265.430284956408
4699139,1,4,0,41,1,996556.5,1,65,5,5,0,265.430284956408
4699140,1,1,1,48,4,6e+06,1,8,6,1,0,227.144583216852
4699142,1,2,1,51,1,4500000,1,40,6,5,0,182.193841677137
4699144,1,1,0,46,2,3400000,1,30,6,5,0,202.417270389727
4699144,1,2,0,22,9,140000,1,7,6,2,1,202.417270389727
4699145,1,3,0,27,1,934556.5,1,48,6,5,0,216.910253216197
4699145,1,4,1,41,1,934556.5,1,48,5,5,0,216.910253216197
4699147,1,1,1,44,4,1e+06,1,72,5,1,0,235.041294105681
4699147,1,2,0,36,1,922500,1,40,6,3,0,235.041294105681
4699148,1,2,1,52,4,6e+05,1,56,3,1,1,210.901196985811
4699149,1,2,0,74,4,120000,1,3,3,1,1,261.860994755911
4699149,1,4,0,44,3,1e+06,1,48,6,2,0,261.860994755911
4699150,1,1,1,36,1,1664877.625,1,48,6,5,0,206.333938797007
4699150,1,3,1,20,1,1188211,1,48,6,5,0,206.333938797007
4699151,1,1,1,47,4,8e+06,1,25,6,1,1,231.711841405655
4699152,1,3,0,30,1,2050000,1,48,6,5,0,260.888379600352
4699154,1,3,0,22,1,90000,1,20,6,4,1,247.29434895939
4699156,1,1,1,32,1,850000,1,77,4,2,1,246.825166073367
4699157,1,1,0,58,4,7e+05,1,24,3,1,1,246.237950366112
4699158,1,1,1,39,1,844532,1,40,6,1,0,307.603147774821
4699158,1,2,0,37,1,844532,1,45,6,1,0,307.603147774821
4699158,1,5,0,45,3,869453,1,78,4,1,0,307.603147774821
4699160,1,1,1,27,1,1527544.375,1,48,5,5,0,277.214156924094
4699161,1,1,1,61,4,1200000,1,40,6,2,1,227.22836665457
4699162,1,1,1,71,4,1e+05,1,18,3,1,1,276.001704268063
4699163,1,1,1,47,1,9624999,1,70,6,5,0,294.00911713386
4699163,1,2,0,43,1,16749999,1,40,6,5,0,294.00911713386
4699163,1,5,0,23,3,887500.0625,1,40,5,1,0,294.00911713386
4699164,1,2,1,48,1,3.4e+07,1,60,6,5,0,182.193841677137
4699165,1,1,0,53,4,6e+05,1,42,5,1,1,197.464612752619
4699165,1,2,0,23,4,3e+05,1,12,6,1,0,197.464612752619
4699166,1,4,1,42,4,8e+05,1,30,4,1,1,276.979214531157
4699167,1,1,1,55,2,1900711,1,50,3,5,0,237.720897636041
4699168,1,1,0,29,1,962711,1,48,6,5,0,226.171968061292
4699169,1,1,0,25,1,1220877.625,1,48,6,5,0,226.171968061292
4699170,1,1,1,49,4,1e+06,1,40,4,1,1,246.825166073367
4699171,1,1,1,45,4,1e+07,1,60,6,1,0,210.901196985811
4699172,1,1,1,51,4,4e+06,1,12,6,1,0,210.901196985811
4699172,1,2,0,45,1,10416667,1,50,6,4,0,210.901196985811
4699173,1,1,1,60,4,9e+05,1,40,3,1,1,276.001704268063
4699173,1,2,0,71,4,3e+05,1,60,3,1,1,276.001704268063
4699175,1,1,1,36,1,3550000,1,52,6,3,0,277.214156924094
4699175,1,2,0,36,1,12583333,1,40,6,5,0,277.214156924094
4699176,1,1,1,39,1,1419211,1,48,6,4,0,227.144583216852
4699176,1,2,0,39,1,965556.5,1,48,6,5,0,227.144583216852
4699178,1,1,1,48,5,3e+06,1,80,4,2,1,241.290187836538
4699178,1,2,0,44,4,8e+05,1,77,5,2,1,241.290187836538
4699179,1,1,1,42,5,5e+06,1,48,6,2,1,272.646898735291
4699179,1,2,0,42,1,1.9e+07,1,50,6,5,0,272.646898735291
4699179,1,5,0,19,3,869453,1,78,5,2,0,272.646898735291
4699182,1,1,1,52,4,8e+05,1,40,6,1,1,206.885512775732
4699184,1,1,1,45,1,1800000,1,96,4,3,0,216.441070330174
4699184,1,2,0,43,4,8e+05,1,36,5,2,1,216.441070330174
4699184,1,3,1,26,1,9e+05,1,14,5,2,0,216.441070330174
4699185,1,1,1,32,1,992786.3125,1,72,3,2,0,301.354254043964
4699186,1,1,1,60,5,4e+06,1,48,3,2,1,266.428252944715
4699186,1,3,0,29,1,3395833.25,1,48,6,5,0,266.428252944715
4699186,1,4,1,25,5,2e+06,1,48,6,2,0,266.428252944715
4699187,1,1,1,52,1,1230000,1,48,5,2,0,246.825166073367
4699188,1,1,0,60,2,1950000,1,48,5,5,0,202.417270389727
4699188,1,2,0,34,4,3800000,1,40,6,5,0,202.417270389727
4699190,1,3,1,41,1,1050877.625,1,48,6,5,0,237.720897636041
4699190,1,4,0,34,1,1202544.375,1,48,6,5,0,237.720897636041
4699191,1,1,0,54,2,1975000,1,40,6,5,0,214.388096093606
4699191,1,3,0,33,4,4e+05,1,12,6,1,0,214.388096093606
4699192,1,2,1,38,4,5e+05,1,40,6,1,1,287.706687905565
4699192,1,3,1,34,1,1821544.375,1,48,6,5,0,287.706687905565
4699192,1,4,0,30,1,934556.5,1,48,6,5,0,287.706687905565
4699193,1,3,0,24,4,8e+05,1,40,6,4,0,206.417722234726
4699194,1,1,1,57,1,1650000,1,70,3,4,0,430.631943111325
4699194,1,3,0,23,1,1092211,1,48,5,5,0,430.631943111325
4699195,1,1,1,31,1,3250000,1,48,6,4,0,252.36503941773
4699195,1,2,1,27,1,1009044.3125,1,48,6,4,0,252.36503941773
4699197,1,1,1,66,4,1e+06,1,48,4,5,0,271.049046630955
4699198,1,1,1,59,1,17416668,1,40,6,5,0,255.935721963244
4699200,1,1,1,34,1,1080000,1,48,5,2,0,277.214156924094
4699201,1,2,0,22,5,1500000,1,54,6,2,1,218.117810764694
4699202,1,1,1,51,1,3.3e+07,1,48,6,5,0,182.193841677137
4699205,1,1,1,55,4,250000,1,30,5,1,1,281.541577612426
4699205,1,2,0,56,1,1088211,1,48,5,3,0,281.541577612426
4699208,1,1,0,47,4,4e+05,1,30,3,1,1,394.929225505238
4699213,1,1,1,22,4,850000,1,48,4,5,1,250.863639159887
4699213,1,2,0,25,1,480000,1,42,5,2,1,250.863639159887
4699214,1,1,0,35,1,2088211,1,48,6,4,0,231.711841405655
4699215,1,1,1,51,4,2e+05,1,48,4,1,1,255.851938525525
4699215,1,2,0,42,1,869453,1,48,4,5,0,255.851938525525
4701788,1,1,1,76,4,3e+05,1,38,3,2,1,251.314928277003
4701789,1,5,1,59,2,2100000,1,40,5,5,0,167.979469194934
4701789,1,1,1,52,1,1182644.375,1,56,5,5,0,167.979469194934
4701789,1,6,0,50,3,5e+05,1,40,5,1,1,167.979469194934
4701790,1,1,1,38,4,4e+06,1,20,6,1,0,263.620126283133
4701791,1,2,1,23,4,7e+05,1,18,6,1,1,250.863639159887
4701791,1,1,0,47,3,2e+05,1,14,5,1,1,250.863639159887
4701792,1,1,1,53,5,1200000,1,48,5,2,1,231.711841405655
4701792,1,2,0,51,4,5e+05,1,40,4,1,1,231.711841405655
4701793,1,1,1,37,1,1094556.5,1,48,5,5,0,246.825166073367
4703562,1,3,1,40,1,1181961,1,48,6,5,0,209.013542327368
4703562,1,4,0,38,2,3250000,1,48,6,5,0,209.013542327368
4703563,1,1,0,61,1,2e+05,1,2,6,2,0,246.237950366112
4703564,1,1,1,26,1,936119.6875,1,48,6,4,0,231.711841405655
4703565,1,1,1,45,5,1200000,1,104,3,2,1,292.327481591806
4703566,1,2,0,47,1,958786.3125,1,48,5,4,0,202.417270389727
4705434,1,1,1,31,4,6e+05,1,13,6,4,1,246.825166073367
4705435,1,1,0,25,1,5010500,1,48,6,5,0,226.171968061292
4705436,1,1,1,55,1,240000,1,15,3,2,1,214.314433123555
4705436,1,3,1,19,1,8e+05,1,40,5,3,1,214.314433123555
4705437,1,1,1,32,1,6166667,1,50,6,4,0,218.117810764694
4705437,1,2,0,24,4,2500000,1,48,6,5,0,218.117810764694
4705438,1,1,1,33,1,2379877.5,1,69,6,5,0,231.711841405655
4705439,1,1,1,66,4,320000,1,40,3,1,0,281.541577612426
4705439,1,3,1,25,1,1054877.625,1,48,6,4,0,281.541577612426
4705440,1,2,1,55,4,1e+06,1,70,5,1,1,276.001704268063
4705441,1,1,1,45,4,4e+05,1,40,3,1,1,236.664499042763
4705441,1,2,0,34,4,150000,1,48,5,1,1,236.664499042763
4705442,1,1,1,63,1,1163333.375,1,48,5,3,0,227.22836665457
4705443,1,2,0,32,1,1016877.6875,1,40,6,4,0,301.354254043964
4705444,1,2,1,31,1,3233333.25,1,48,6,5,0,256.730481347583
4705445,1,2,0,43,1,962786.3125,1,48,5,5,0,203.004486096982
4705446,1,2,1,28,1,933786.3125,1,50,6,5,0,251.777823710475
4705447,1,1,1,58,4,8e+05,1,37,6,4,1,282.128793319681
4705447,1,2,1,28,1,879453,1,48,6,5,0,282.128793319681
4705447,2,1,1,50,4,6e+05,1,40,3,1,1,282.128793319681
4705449,1,1,0,44,4,360000,1,21,4,1,1,176.653968332775
4705449,1,2,1,19,1,1154544.375,1,48,5,4,0,176.653968332775
4705450,1,1,1,38,1,7583333.5,1,48,6,5,0,231.711841405655
4705451,1,1,0,42,1,60100000,1,40,6,5,0,301.354254043964
4705451,1,2,1,44,4,2e+05,1,2,6,1,1,301.354254043964
4705452,1,1,1,20,1,3e+05,1,25,5,2,1,191.767293000486
4705454,1,1,0,23,1,935244.6875,1,60,5,5,0,212.577937420331
4705455,1,1,1,28,1,1130000,1,48,6,5,0,242.257907884564
4705455,1,2,0,24,1,967500,1,48,6,5,0,242.257907884564
4705457,1,1,0,65,3,250000,1,49,1,1,1,282.166814561202
4705457,1,3,0,26,1,839800,1,60,5,5,0,282.166814561202
4705458,1,1,1,21,1,1070766.625,1,48,5,5,0,215.907390120356
4705459,1,2,1,58,1,1171544.375,1,80,4,5,0,237.720897636041
4705459,1,3,0,38,1,965556.5,1,48,5,4,0,237.720897636041
4705459,1,5,1,36,1,1204044.375,1,48,3,5,0,237.720897636041
4705460,1,1,1,31,1,8e+05,1,71,6,3,1,195.787872318099
4705460,1,2,0,26,1,7e+05,1,56,5,3,1,195.787872318099
4705460,1,3,1,23,1,9e+05,1,60,6,2,1,195.787872318099
4705460,1,4,0,26,1,640000,1,60,5,3,1,195.787872318099
4705461,1,1,1,41,1,1100000,1,40,3,4,0,287.760223403002
4705462,1,1,1,25,4,1500000,1,70,6,1,0,301.354254043964
4705462,1,2,0,29,1,1356794.375,1,40,6,2,0,301.354254043964
4705463,1,1,0,29,1,5416666.5,1,48,6,5,0,231.711841405655
4705463,1,2,1,28,5,19200000,1,48,6,5,0,231.711841405655
4705464,1,2,0,32,1,5250000,1,48,6,5,0,231.711841405655
4705465,1,1,1,55,1,1238211,1,48,3,5,0,271.049046630955
4705466,1,1,1,37,1,4333333.5,1,40,6,5,0,246.825166073367
4705467,1,1,1,28,1,1625000,1,48,6,3,0,231.711841405655
4705467,1,2,0,27,2,2321666.75,1,48,6,5,0,231.711841405655
4705468,1,2,0,35,4,1e+06,1,36,6,1,0,255.935721963244
4705469,1,1,0,48,3,360000,1,18,3,1,1,205.361323641448
4705472,1,1,1,30,4,225000,1,72,5,1,1,231.711841405655
4705472,1,2,0,39,4,1e+06,1,66,5,1,1,231.711841405655
4705475,1,1,1,35,1,10200000,1,40,6,5,0,277.214156924094
4705475,1,2,0,34,1,11500000,1,48,6,5,0,277.214156924094
4705476,1,1,0,31,1,6500000,1,48,6,5,0,226.171968061292
4705477,1,1,0,45,1,5e+05,1,21,6,2,1,219.799446306747
4705477,1,2,1,44,1,7e+05,1,72,5,2,1,219.799446306747
4705478,1,1,1,27,1,900453,1,70,4,5,0,231.711841405655
4705478,1,2,0,30,1,781242,1,42,6,5,0,231.711841405655
4705479,1,1,0,52,1,8e+05,1,48,6,4,0,197.464612752619
4705480,1,1,1,23,1,8e+05,1,48,6,2,1,142.249293271969
4705480,1,2,0,21,1,934556.5,1,48,6,5,0,142.249293271969
4705481,1,1,1,28,1,1118211,1,60,6,3,0,203.004486096982
4705481,1,2,0,32,1,986544.3125,1,48,6,5,0,203.004486096982
4705482,1,1,1,39,1,5208333.5,1,50,6,5,0,284.944693282503
4705482,1,2,0,37,1,1713211,1,50,6,4,0,284.944693282503
4705483,1,1,1,22,4,1350000,1,60,5,3,0,220.47464830916
4705484,1,1,0,27,1,1024961,1,48,5,4,0,275.003736279757
4705484,1,4,1,22,1,1177786.375,1,60,5,4,0,275.003736279757
4705485,1,1,0,35,1,1062786.375,1,48,5,5,0,229.501420761318
4705485,1,2,1,18,1,6e+05,1,40,5,2,1,229.501420761318
4705486,1,1,0,36,1,983544.3125,1,48,5,5,0,280.701056031889
4705486,1,4,0,29,4,8e+05,1,77,5,1,1,280.701056031889
4705487,1,1,1,40,1,1e+07,1,48,6,4,0,246.825166073367
4705488,1,1,1,24,1,1025000,1,48,3,3,0,237.269608518925
4705489,1,1,1,40,1,4333333.5,1,40,6,5,0,246.825166073367
4705490,1,1,1,30,1,2082000,1,48,6,5,0,277.214156924094
4705490,1,2,0,28,1,3991666.75,1,40,6,5,0,277.214156924094
4705491,1,2,0,50,3,1096666.625,1,40,3,2,0,227.22836665457
4705492,1,1,1,58,1,2050000,1,48,4,5,0,255.935721963244
4705492,1,2,0,50,4,4e+05,1,60,3,1,1,255.935721963244
4705493,1,1,1,29,1,1331000,1,60,5,5,0,277.214156924094
4705493,1,2,0,28,3,110000,1,8,4,1,1,277.214156924094
4705494,1,2,0,51,1,480000,1,24,4,3,1,272.730682173009
4705494,1,3,0,22,1,9e+05,1,48,5,5,1,272.730682173009
4705495,1,1,1,26,1,1158211,1,48,4,5,0,209.663391497033
4705495,1,4,1,20,4,7e+05,1,72,5,4,1,209.663391497033
4705495,1,5,1,18,4,7e+05,1,60,5,2,1,209.663391497033
4705495,1,6,0,26,1,965656.5,1,48,6,2,0,209.663391497033
4705496,1,1,1,62,1,1628877.625,1,48,5,5,0,295.604791139411
4705496,1,2,0,61,3,560000,1,12,3,1,0,295.604791139411
4705496,1,3,0,38,2,3183333.25,1,30,6,5,0,295.604791139411
4705496,1,4,1,65,4,80000,1,20,3,1,1,295.604791139411
4705498,1,1,1,33,4,1600000,1,56,3,1,1,287.760223403002
4705499,1,1,0,33,1,898619.6875,1,48,4,5,0,176.653968332775
4705500,1,1,1,50,1,966244.6875,1,48,5,5,0,246.825166073367
4705501,1,1,1,44,1,847033.6875,1,48,3,5,0,182.193841677137
4705501,1,2,0,53,1,936119.6875,1,48,5,5,0,182.193841677137
4705501,1,3,1,21,1,866666.6875,1,105,5,4,0,182.193841677137
4705502,1,1,1,30,4,480000,1,25,4,2,1,218.117810764694
4705505,1,2,0,45,4,150000,1,48,4,1,1,256.824553681085
4705505,1,3,1,28,1,8e+05,1,48,5,2,0,256.824553681085
4705508,1,1,0,67,3,1e+05,1,16,4,1,1,266.428252944715
4705508,1,2,1,37,4,2e+05,1,20,5,1,1,266.428252944715
4705508,1,4,1,56,4,8e+05,1,40,4,2,1,266.428252944715
4705510,1,1,1,48,1,1760416.625,1,40,3,4,0,177.626583488334
4705510,1,2,0,43,3,733666.6875,1,28,3,2,1,177.626583488334
4705510,1,5,1,22,1,9e+05,1,40,5,2,1,177.626583488334
4705510,1,6,0,20,1,6e+05,1,40,6,2,1,177.626583488334
4705511,1,1,0,58,3,6e+05,1,24,3,2,1,218.586993650717
4705511,1,2,1,58,1,934453,1,48,4,4,0,218.586993650717
4705511,1,3,0,22,1,750000,1,45,5,4,1,218.586993650717
4705511,1,4,0,20,3,240000,1,18,5,1,1,218.586993650717
4705513,1,1,1,38,4,1e+06,1,66,5,1,1,298.029696451472
4705513,1,5,0,39,3,135000,1,75,4,1,1,298.029696451472
4705513,1,6,0,39,3,540000,1,27,5,1,1,298.029696451472
4705513,1,7,1,34,4,440000,1,54,5,1,1,298.029696451472
4705514,1,1,0,42,1,1158743,1,48,5,4,0,147.946613024101
4705514,1,2,0,20,4,250000,1,7,6,1,1,147.946613024101
4705515,1,1,1,32,1,1550000,1,48,5,3,1,213.497017078453
4705515,1,2,0,40,4,1300000,1,42,5,5,1,213.497017078453
4705515,1,5,1,29,4,1e+06,1,48,4,2,1,213.497017078453
4705516,1,1,1,35,1,1019453,1,60,5,3,0,206.333938797007
4705517,1,1,1,38,1,850000,1,48,5,4,0,334.521123615992
4705519,1,1,1,50,1,1575411,1,50,5,5,0,182.193841677137
4705519,1,2,0,46,1,959986.3125,1,48,5,5,0,182.193841677137
4705520,1,2,1,37,1,1e+06,1,48,5,4,0,182.193841677137
4705521,1,1,0,72,3,180000,1,6,3,1,1,246.237950366112
4705524,1,1,0,54,1,1e+06,1,48,4,2,1,171.272224745869
4705524,1,2,1,55,4,9e+05,1,40,3,1,1,171.272224745869
4705524,1,3,0,24,1,660000,1,50,6,2,1,171.272224745869
4705524,1,5,1,28,4,1200000,1,40,5,1,1,171.272224745869
4705525,1,1,1,19,1,820833.3125,1,64,5,2,1,215.907390120356
4705525,1,2,0,18,3,826000,1,46,5,2,0,215.907390120356
4705526,1,4,0,33,1,965556.5,1,55,6,5,0,177.539218518977
4705528,1,2,0,24,1,3e+06,1,40,6,5,0,217.530595057439
4705529,1,1,0,53,3,6e+05,1,30,3,1,1,151.429722144568
4705529,1,2,1,26,1,8e+05,1,48,5,2,0,151.429722144568
4705529,1,3,0,20,1,8e+05,1,48,5,5,0,151.429722144568
4705531,1,1,1,45,1,1488333.375,1,48,6,4,0,227.144583216852
4705531,1,2,0,38,1,1980000,1,48,6,4,0,227.144583216852
4705532,1,4,1,22,1,944877.6875,1,48,5,5,0,182.193841677137
4705535,1,1,1,35,2,1902666.625,1,48,6,5,0,255.851938525525
4705535,1,2,0,44,4,1900000,1,48,6,5,0,255.851938525525
4705536,1,1,1,48,1,2016666.625,1,50,5,5,0,164.550110715578
4705537,1,1,1,26,4,4e+06,1,40,6,1,1,252.36503941773
4705537,1,2,1,26,4,3e+06,1,40,6,1,0,252.36503941773
4705538,1,1,0,50,3,450000,1,24,5,1,1,140.600797990541
4705538,1,2,1,31,4,9e+05,1,80,5,1,1,140.600797990541
4705539,1,1,1,40,1,8441667,1,48,6,5,0,231.711841405655
4705539,1,2,0,45,4,5e+05,1,24,6,1,0,231.711841405655
4705541,1,1,1,47,4,5e+05,1,70,3,2,1,210.901196985811
4705542,1,1,0,36,1,2560000,1,48,6,5,0,279.40481993814
4705543,1,1,1,58,3,2e+05,1,10,6,1,0,180.699364420637
4705545,1,1,0,25,1,1033786.3125,1,65,6,5,0,150.781312040862
4705546,1,2,0,51,4,125000,1,8,5,3,1,255.935721963244
4705547,1,1,1,34,1,650000,1,50,5,2,1,164.550110715578
4705549,1,1,1,22,4,781242,1,50,5,2,1,220.47464830916
4705551,1,1,0,39,1,8e+05,1,48,4,2,1,167.242426106592
4705552,1,1,1,60,4,1200000,1,70,4,1,1,180.699364420637
4705553,1,1,1,30,1,8e+05,1,84,5,2,1,231.711841405655
4705553,1,2,0,26,1,9e+05,1,84,5,2,1,231.711841405655
4705554,1,1,0,40,1,6666666.5,1,48,6,5,0,205.361323641448
4705555,1,1,1,24,1,1494877.625,1,54,5,4,0,220.47464830916
4705556,1,1,0,20,1,9e+05,1,66,6,2,1,212.577937420331
4705557,1,1,0,56,3,866666.6875,1,40,3,1,1,231.1246256984
4705557,1,2,0,26,1,2166666.75,1,40,6,5,0,231.1246256984
4705559,1,1,0,44,1,901119.6875,1,48,5,5,0,136.907549094299
4705559,1,2,1,20,4,1e+06,1,60,5,1,1,136.907549094299
4705560,1,1,0,70,4,320000,1,16,4,1,1,246.237950366112
4705561,1,1,0,38,1,997244.6875,1,48,5,5,0,221.604709872489
4705562,1,1,1,65,4,1500000,1,45,4,1,0,214.314433123555
4705563,1,1,1,55,1,1200000,1,48,3,5,0,261.475595307607
4705563,1,3,1,25,1,1025000,1,48,6,5,0,261.475595307607
4705564,1,1,1,44,4,6e+05,1,70,3,2,1,256.40351250425
4705564,1,2,0,36,4,6e+05,1,60,5,2,1,256.40351250425
4705565,1,1,1,33,4,2e+06,1,78,5,2,1,277.214156924094
4705567,1,2,0,27,1,393333.34375,1,44,6,2,1,206.491385204777
4705569,1,1,0,65,4,3e+05,1,84,3,1,1,255.191059848219
4705569,1,2,1,55,1,936119.6875,1,60,3,5,0,255.191059848219
4705571,1,1,0,40,1,935244.6875,1,48,5,5,0,205.361323641448
4705571,1,2,1,20,1,869453,1,48,5,5,0,205.361323641448
4705572,1,1,1,58,4,5e+05,1,35,3,1,1,271.049046630955
4705573,1,2,1,39,1,1007944.3125,1,48,5,4,0,239.993951742789
4705574,1,1,1,39,1,2395833.25,1,24,6,5,0,231.711841405655
4705574,1,2,0,35,1,2133333.25,1,48,6,2,0,231.711841405655
4705575,1,1,0,41,3,781242,1,48,3,1,0,213.497017078453
4705575,1,2,1,34,1,931953,1,48,3,5,0,213.497017078453
4705575,1,3,1,26,1,932453,1,48,5,5,0,213.497017078453
4705577,1,1,1,47,4,1500000,1,72,4,1,1,210.901196985811
4705577,1,2,0,52,2,7049778,1,50,6,5,0,210.901196985811
4705578,1,1,1,28,1,9e+05,1,70,1,2,0,317.523977304954
4705578,1,2,0,24,1,230000,1,30,5,3,1,317.523977304954
4705579,1,1,0,55,1,931119.6875,1,60,3,3,0,217.530595057439
4705579,1,2,0,22,1,931953,1,48,6,4,0,217.530595057439
4705580,1,2,0,37,4,6e+05,1,52,5,1,1,185.523294377163
4705581,1,1,1,29,1,1414877.625,1,48,5,4,0,301.354254043964
4705581,1,2,0,25,1,1233544.375,1,60,5,5,0,301.354254043964
4705582,1,1,0,24,1,2779833.25,1,48,6,5,0,183.870582111657
4705583,1,1,1,41,1,1177743,1,56,5,3,0,281.095183602844
4705583,1,2,0,33,1,1129119.625,1,48,5,5,0,281.095183602844
4705584,1,1,0,35,3,932453,1,48,3,1,0,250.312065181162
4705585,1,1,0,32,1,1141453,1,48,6,5,0,250.863639159887
4705586,1,1,1,45,5,1e+06,1,94,6,2,1,250.154618773393
4705587,1,1,1,56,1,1250000,1,66,4,4,0,271.049046630955
4705588,1,1,0,29,3,901953,1,48,3,1,0,271.674283579731
4705589,1,1,1,37,1,8e+05,1,55,4,2,1,255.851938525525
4705589,1,2,0,25,4,4e+05,1,18,5,2,1,255.851938525525
4705590,1,1,1,21,1,1e+06,1,48,5,2,0,275.003736279757
4705590,1,2,0,26,1,50000,1,8,4,2,1,275.003736279757
4705591,1,1,1,27,1,869453,1,54,3,3,1,277.214156924094
4705592,1,1,1,26,1,1496544.375,1,48,6,5,0,237.251714750018
4705592,2,1,1,29,4,2600000,1,72,6,5,0,237.251714750018
4705593,1,1,1,32,1,850000,1,48,3,4,0,231.711841405655
4705593,1,2,0,29,4,60000,1,3,6,1,1,231.711841405655
4705594,1,1,0,20,3,3e+05,1,18,5,1,1,258.08025293877
4705595,1,1,1,57,1,1184453,1,48,4,5,0,282.128793319681
4705595,1,2,1,34,1,1095000,1,45,4,5,0,282.128793319681
4705595,1,3,1,29,1,1315000,1,50,4,5,0,282.128793319681
4705596,1,1,1,36,1,1527544.375,1,48,5,5,0,279.992035645395
4705596,1,2,0,40,4,1300000,1,14,6,5,0,279.992035645395
4705597,1,1,1,38,5,4e+06,1,48,5,2,1,252.36503941773
4705597,1,2,1,30,1,8e+05,1,48,5,2,1,252.36503941773
4705598,1,1,1,32,1,1300833.375,1,48,6,5,0,277.214156924094
4705599,1,1,1,36,1,968211,1,48,5,5,0,277.214156924094
4705599,1,2,0,25,1,1035877.6875,1,48,5,4,0,277.214156924094
4705600,1,1,0,40,1,934536.3125,1,48,4,5,0,226.171968061292
4705601,1,1,1,49,4,2e+06,1,48,6,1,1,246.825166073367
4705602,1,1,1,31,1,1095711,1,48,6,5,0,246.825166073367
4705603,1,1,1,61,1,1029166.6875,1,80,3,2,0,271.049046630955
4705604,1,1,1,47,4,2e+06,1,40,5,2,1,246.825166073367
4705607,1,1,1,62,4,1.2e+07,1,60,6,1,0,235.125077543399
4705607,1,2,0,50,4,2500000,1,25,6,1,0,235.125077543399
4705608,1,1,1,31,4,9e+05,1,60,4,1,0,277.214156924094
4705609,1,1,1,18,1,1039166.6875,1,35,4,2,1,220.47464830916
4705613,1,1,1,30,1,960244.6875,1,60,5,4,0,301.354254043964
4705614,1,1,1,28,1,1562000,1,48,5,5,0,279.992035645395
4705614,1,2,0,28,1,1433544.375,1,54,6,5,0,279.992035645395
4705616,1,1,0,29,1,6e+05,1,30,5,2,1,310.381026496122
4705616,1,5,1,25,1,954453,1,48,5,5,0,310.381026496122
4705616,1,6,0,43,1,9e+05,1,95,5,2,1,310.381026496122
4705617,1,1,1,28,1,1203544.375,1,96,5,5,0,263.620126283133
4705620,1,1,0,30,1,4700000,1,48,6,5,0,226.171968061292
4705621,1,1,1,22,1,910000,1,84,6,2,1,220.47464830916
4705622,1,1,0,43,1,966244.6875,1,48,5,5,0,221.604709872489
4707201,1,1,1,66,1,1513211,1,84,3,3,0,311.930568463153
4707201,1,3,1,26,1,1535244.75,1,73,6,5,0,311.930568463153
4707404,1,1,0,35,1,966536.3125,1,51,4,4,1,260.074065892919
4707405,1,1,1,35,4,2600000,1,50,6,5,0,219.28247073351
4707406,1,1,1,51,1,7583333.5,1,40,6,5,0,243.833090763681
4709745,1,1,1,60,4,1e+06,1,48,3,1,1,271.414644046935
4709745,1,2,0,61,1,932743,1,48,4,4,0,271.414644046935
4709745,2,1,1,25,4,8e+05,1,36,5,2,1,271.414644046935
4709745,2,2,0,33,1,1009943,1,48,6,5,0,271.414644046935
4709746,1,1,0,21,1,932743,1,48,6,4,0,205.124909741847
4709747,1,1,0,46,1,4e+05,1,56,3,2,1,217.547475342283
4709747,1,2,1,24,1,1559743,1,60,5,4,0,217.547475342283
4709748,1,1,0,50,1,740000,1,29,4,4,1,247.946011463184
4709749,1,1,1,24,1,935244.6875,1,48,5,5,0,305.043994398394
4709750,1,1,1,54,4,8e+05,1,40,5,1,1,214.242367173996
4709750,1,2,0,48,1,934453,1,48,5,5,0,214.242367173996
4709751,1,1,0,19,1,964453,1,48,5,4,0,220.06752712204
4709752,1,1,0,54,1,934453,1,48,4,5,0,247.946011463184
4709753,1,1,1,36,1,4250000,1,55,6,5,0,295.253607761959
4709753,1,2,0,33,4,35000,1,3,6,2,1,295.253607761959
4709753,1,5,0,56,4,40000,1,3,5,2,1,295.253607761959
4709754,1,1,0,45,1,934453,1,48,4,5,0,262.888628843377
4709754,1,2,1,21,1,1713211,1,45,6,5,0,262.888628843377
4709755,1,1,1,57,4,2e+06,1,50,4,2,1,157.975360776143
4709755,1,5,0,32,4,1e+06,1,1,6,1,1,157.975360776143
4709756,1,1,1,51,1,1004877.6875,1,48,5,5,0,216.762418953753
4709756,1,2,0,49,1,869953,1,48,5,4,0,216.762418953753
4709758,1,1,1,61,1,919453,1,60,3,3,0,247.687437317754
4709759,1,1,0,39,1,4866666.5,1,45,6,5,0,221.292484797702
4709759,1,2,1,68,1,6458333.5,1,40,6,5,0,221.292484797702
4709760,1,1,1,52,4,2e+05,1,60,3,1,1,219.28247073351
4709761,1,3,0,49,2,3513416.5,1,48,6,5,0,212.685435279521
4709761,1,4,1,39,2,2683333.5,1,48,6,5,0,212.685435279521
4709761,1,5,1,39,1,3150000,1,60,6,5,0,212.685435279521
4709762,1,2,1,18,4,3e+05,1,12,5,1,1,217.547475342283
4709762,1,3,0,24,1,934453,1,45,6,4,0,217.547475342283
4709763,1,1,1,68,4,1800000,1,40,6,1,1,228.926410408759
4709763,1,2,0,63,4,1e+06,1,40,6,1,1,228.926410408759
4709763,1,3,1,37,4,6e+05,1,24,6,4,0,228.926410408759
4709763,1,4,0,53,4,5e+05,1,60,6,1,0,228.926410408759
4709764,1,1,1,32,1,1284044.375,1,48,5,5,0,218.769169372996
4709764,1,2,1,21,1,1188211,1,48,5,5,0,218.769169372996
4709764,1,3,1,20,1,1149711,1,48,5,4,0,218.769169372996
4709765,1,1,1,50,1,1200000,1,48,3,2,0,201.306500213045
4709766,1,2,1,31,1,988075.3125,1,48,5,5,0,243.157371473805
4709769,1,1,0,46,4,1500000,1,50,6,2,0,255.579937074241
4709769,1,2,1,52,4,1500000,1,50,6,2,1,255.579937074241
4709771,1,1,1,38,4,1500000,1,50,5,1,0,155.965346711951
4709771,1,2,0,40,4,3e+06,1,36,5,1,0,155.965346711951
4709773,1,1,0,53,4,90000,1,48,6,1,1,202.60485796209
4709774,1,1,1,54,5,2e+06,1,60,5,3,1,154.666988962907
4709774,1,4,0,20,1,525000,1,66,4,3,1,154.666988962907
4709774,1,5,1,24,4,1e+06,1,40,6,5,1,154.666988962907
4709774,1,6,0,24,1,1454166.625,1,40,6,5,0,154.666988962907
4709776,1,1,0,44,1,4875000,1,48,6,5,0,228.890473383488
4709776,1,2,1,43,1,1625000,1,48,6,5,0,228.890473383488
4709777,1,1,0,48,1,3023333.25,1,40,6,5,0,230.483342303234
4709777,1,2,0,36,1,1950000,1,48,6,4,0,230.483342303234
4709778,1,1,1,49,2,4083333.5,1,48,6,5,0,203.041495604273
4709778,1,2,1,48,2,9e+06,1,48,6,5,0,203.041495604273
4709779,1,2,1,33,1,1044536.3125,1,48,4,5,0,325.613786970401
4709779,1,3,0,26,1,988333.3125,1,48,6,5,0,325.613786970401
4709781,1,1,1,35,1,1293333.375,1,60,5,5,0,228.852116471029
4709781,1,2,0,31,1,1035000,1,48,6,5,0,228.852116471029
4709782,1,3,0,39,1,957786.3125,1,40,3,5,0,287.655619176173
4709783,1,3,0,41,1,1308333.25,1,54,6,3,1,238.534413058736
4709783,1,5,1,28,1,988211,1,48,5,5,0,238.534413058736
4709783,1,6,0,25,1,869453,1,45,6,5,0,238.534413058736
4709784,1,1,0,26,1,2500000,1,50,6,5,0,198.001392044758
4709784,1,2,1,27,1,2500000,1,50,6,5,0,198.001392044758
4709784,1,3,1,32,1,1608333.375,1,48,6,4,0,198.001392044758
4709784,1,4,0,31,1,1600000,1,60,6,5,0,198.001392044758
4709785,1,1,1,32,2,1756666.625,1,60,5,5,0,219.28247073351
4709789,1,2,0,23,4,7e+05,1,50,5,1,1,245.093091600267
4709791,1,1,0,35,4,1e+05,1,35,5,1,1,275.491627721168
4709792,1,2,1,58,1,1288211,1,48,3,5,0,192.822084668609
4709792,1,3,1,34,1,1346544.375,1,48,3,4,0,192.822084668609
4709792,1,4,1,27,4,1300000,1,72,5,1,0,192.822084668609
4709792,1,6,1,33,1,1059166.625,1,72,5,5,0,192.822084668609
4709793,1,1,0,34,1,4735000,1,48,6,5,0,228.377172022973
4709793,1,2,1,38,4,4500000,1,70,5,1,1,228.377172022973
4709794,1,1,0,34,3,8e+05,1,54,6,1,1,216.762418953753
4709794,1,2,1,28,1,900853,1,48,5,3,0,216.762418953753
4709795,1,1,0,59,3,2e+05,1,30,4,1,0,243.157371473805
4709795,1,2,1,27,1,2e+06,1,48,6,5,0,243.157371473805
4709796,1,1,0,27,1,898953,1,48,6,5,0,233.003394082991
4709797,1,1,1,33,2,2248666.75,1,60,6,5,0,219.28247073351
4709798,1,1,0,52,1,958186.3125,1,48,5,3,0,217.547475342283
4709798,1,2,1,24,1,1671544.375,1,48,5,4,0,217.547475342283
4709799,1,1,1,36,1,1086666.625,1,48,5,4,0,198.491937262587
4709799,1,2,0,38,1,995244.6875,1,48,4,4,0,198.491937262587
4709800,1,1,1,41,4,8e+05,1,48,4,3,0,213.43455464278
4709800,1,2,0,43,1,6e+05,1,50,5,2,1,213.43455464278
4709800,1,3,0,22,1,1164583.375,1,48,6,5,0,213.43455464278
4709801,1,1,1,33,5,1e+06,1,72,6,2,1,219.28247073351
4709802,1,1,1,37,1,2369466.75,1,45,6,4,0,188.883934612609
4709802,1,2,0,18,1,781242,1,48,6,5,1,188.883934612609
4709803,1,1,1,69,4,8e+05,1,64,3,2,1,247.687437317754
4709804,1,1,1,34,4,950000,1,54,6,3,1,206.01652577499
4709804,1,2,0,30,4,8e+05,1,54,5,2,1,206.01652577499
4709804,1,5,0,48,4,8e+05,1,54,4,3,1,206.01652577499
4709804,1,6,1,44,4,6e+05,1,54,5,3,1,206.01652577499
4709804,1,7,1,50,4,2e+05,1,48,4,2,1,206.01652577499
4709805,1,1,1,71,4,1e+05,1,38,4,1,1,212.10162729217
4709805,1,2,1,63,4,1e+05,1,16,6,1,1,212.10162729217
4709806,1,2,0,39,2,4104666.5,1,30,6,5,0,228.926410408759
4709806,1,4,0,59,4,25000,1,4,4,1,1,228.926410408759
4709807,1,1,1,32,1,1554877.75,1,48,6,5,0,219.28247073351
4709809,1,1,1,60,1,935244.6875,1,48,3,4,0,206.406197764794
4709809,1,2,0,55,4,20000,1,6,3,1,1,206.406197764794
4709810,1,1,0,62,4,2e+06,1,55,5,1,0,240.637319694047
4709810,1,2,0,40,4,2e+06,1,40,6,1,0,240.637319694047
4709810,1,3,1,31,4,2e+06,1,48,6,1,0,240.637319694047
4709811,1,1,0,24,1,2038211,1,48,6,5,0,170.907964092144
4709811,1,2,1,54,4,5e+06,1,48,6,1,0,170.907964092144
4709811,1,3,0,54,4,84,1,8,6,1,1,170.907964092144
4709812,1,2,0,63,4,2e+05,1,10,6,1,1,247.687437317754
4709813,1,1,1,43,1,840000,1,48,3,2,0,152.530015434899
4709813,1,2,0,36,4,250000,1,24,4,1,1,152.530015434899
4709814,1,1,1,30,1,907786.3125,1,48,5,5,0,228.494391643436
4709815,1,1,1,24,1,1358333.375,1,48,4,2,1,220.06752712204
4709815,1,2,0,23,1,4e+05,1,15,5,2,1,220.06752712204
4709816,1,1,1,62,4,150000,1,84,3,1,1,206.691907103725
4709817,1,1,0,56,2,4875000,1,40,6,5,0,259.398346603042
4709818,1,1,1,53,4,4e+05,1,29,4,1,1,226.916396344567
4709818,1,3,1,28,4,8e+05,1,55,6,2,1,226.916396344567
4709819,1,2,0,49,4,350000,1,30,4,1,1,221.292484797702
4709820,1,1,0,23,1,1439333.375,1,46,6,4,0,247.613143380024
4709821,1,1,1,39,1,2115083.25,1,48,4,5,0,226.148922518054
4709822,1,1,1,72,5,2500000,1,34,6,3,1,221.292484797702
4709822,1,2,0,42,1,1414000,1,56,6,4,0,221.292484797702
4709823,1,1,1,27,4,4500000,1,60,5,1,0,273.860401888963
4709825,1,1,1,55,1,1113211,1,48,3,4,0,183.328439207214
4709825,1,2,0,52,3,60000,1,5,3,1,1,183.328439207214
4709825,1,3,1,29,1,1429166.625,1,48,6,5,0,183.328439207214
4709825,1,4,1,21,1,903211,1,48,6,5,0,183.328439207214
4709826,1,1,1,28,1,965556.5,1,48,6,5,0,231.372168250786
4709826,1,2,0,23,1,869453,1,50,5,5,0,231.372168250786
4709827,1,1,0,42,4,1e+06,1,40,5,4,0,233.003394082991
4709828,1,2,0,49,1,934453,1,48,5,5,0,236.235102177895
4709828,1,3,1,23,1,932453,1,48,6,5,0,236.235102177895
4709830,1,3,1,51,4,9e+05,1,50,6,1,1,210.165383499764
4709830,1,4,1,50,4,1e+06,1,50,6,1,1,210.165383499764
4709830,1,5,0,48,1,901953,1,40,6,5,0,210.165383499764
4709831,1,1,1,42,1,1200000,1,70,3,2,0,216.762418953753
4709831,1,2,0,34,4,180000,1,70,3,1,1,216.762418953753
4709832,1,1,0,48,4,6e+05,1,30,3,1,1,277.831246223571
4709832,1,2,1,22,1,810000,1,48,5,5,0,277.831246223571
4709834,1,2,0,53,1,750000,1,54,4,2,1,214.242367173996
4709834,1,3,0,27,3,7e+05,1,65,5,1,1,214.242367173996
4709835,1,1,1,35,1,1024953,1,48,6,5,0,198.453580350128
4709836,1,1,1,49,4,1e+06,1,40,6,1,1,186.363882832852
4709836,1,2,0,38,1,2437500,1,48,6,5,0,186.363882832852
4709837,1,1,0,21,1,985877.6875,1,48,5,5,0,257.221146030002
4709837,1,3,0,25,1,3e+05,1,60,6,2,1,257.221146030002
4709838,1,1,0,31,2,2591666.5,1,40,6,5,0,226.479758702384
4709839,1,1,0,35,1,930791.6875,1,48,5,5,0,275.491627721168
4709840,1,3,0,27,1,899453,1,48,6,5,0,271.673218192366
4709840,1,4,1,28,4,6e+05,1,60,4,1,1,271.673218192366
4709841,1,2,0,32,1,1031244.6875,1,48,5,5,0,213.43455464278
4709842,1,1,1,54,4,1e+06,1,63,4,4,1,255.285425903539
4709842,1,2,0,56,4,25000,1,13,5,1,0,255.285425903539
4709843,1,1,1,28,1,1958333.375,1,40,6,5,0,259.25065259193
4709843,1,2,0,33,1,1518211,1,36,6,5,0,259.25065259193
4709844,1,2,1,71,1,7e+05,1,50,3,2,0,198.527874287857
4709844,1,3,1,28,1,934556.5,1,70,5,2,0,198.527874287857
4709844,1,4,0,26,1,934556.5,1,50,6,4,0,198.527874287857
4709845,1,1,0,45,4,6e+05,1,45,6,1,1,202.60485796209
4709846,1,2,1,35,4,8e+05,1,35,5,1,1,274.193269972123
4709847,1,1,0,58,4,4e+05,1,48,3,1,1,243.157371473805
4709847,1,2,1,35,1,9e+05,1,48,6,3,0,243.157371473805
4709848,1,1,1,44,4,8e+05,1,93,3,2,1,228.890473383488
4709849,1,1,0,63,4,1e+05,1,49,3,1,1,243.157371473805
4709850,1,1,1,54,1,1300000,1,72,5,5,0,219.28247073351
4709851,1,1,1,54,4,3e+05,1,5,5,1,1,186.363882832852
4709851,1,2,0,46,1,1546666.625,1,48,5,5,0,186.363882832852
4709852,1,1,1,67,4,6e+05,1,65,3,1,0,215.205487059278
4709852,1,4,1,38,4,9e+05,1,60,4,1,1,215.205487059278
4709853,1,1,1,25,1,1018211,1,42,6,5,0,241.016107926034
4709853,1,5,0,29,1,1263211,1,48,6,5,1,241.016107926034
4709854,1,1,0,30,1,1032119.6875,1,48,5,5,0,257.259502942461
4709855,1,1,1,47,4,2e+05,1,48,5,1,1,219.28247073351
4709856,1,1,0,28,1,1328877.625,1,44,6,5,0,245.425959683427
4709856,1,2,0,33,1,1503333.375,1,52,5,5,0,245.425959683427
4709857,1,1,1,34,1,912000,1,50,3,4,1,234.225088113704
4709857,1,2,1,22,1,780000,1,48,4,2,1,234.225088113704
4709858,1,1,0,29,1,963444.6875,1,48,5,5,0,260.074065892919
4709858,1,2,1,22,1,1385002.625,1,50,5,4,0,260.074065892919
4709859,1,1,1,39,4,2e+06,1,102,5,1,0,198.491937262587
4709859,1,2,0,39,1,1203544.375,1,60,5,5,0,198.491937262587
4709859,1,3,0,23,1,1604877.625,1,48,6,5,0,198.491937262587
4709860,1,2,0,31,1,946666.6875,1,48,6,5,0,233.420539227437
4709861,1,1,0,24,1,935244.6875,1,58,6,5,0,182.741507351178
4709861,1,3,1,26,4,8e+05,1,60,3,2,1,182.741507351178
4709861,1,4,0,23,1,847033.6875,1,58,6,5,0,182.741507351178
4709862,1,2,0,69,3,935286.3125,1,45,3,2,0,247.687437317754
4709863,1,1,1,32,1,1448211,1,84,5,5,0,283.5067614514
4709864,1,1,1,31,4,9e+05,1,60,4,4,1,210.581634779863
4709864,1,2,0,30,4,160000,1,49,4,2,1,210.581634779863
4709865,1,2,1,26,1,850000,1,53,5,2,1,231.372168250786
4709866,1,1,1,53,4,8e+05,1,60,4,1,1,313.866940659842
4709868,1,3,1,23,1,1540416.625,1,48,5,5,0,262.630054697947
4709869,1,1,0,49,4,780000,1,45,4,1,1,302.856810701797
4709869,1,2,0,27,1,1051786.375,1,48,5,5,0,302.856810701797
4709869,1,4,1,23,1,969453,1,48,5,4,0,302.856810701797
4709870,1,1,1,32,1,1560000,1,48,6,5,0,212.758835352904
4709870,1,2,0,23,1,1166666.625,1,30,6,5,0,212.758835352904
4709871,1,1,1,48,1,1375877.625,1,44,4,5,0,125.56681059105
4709871,1,2,0,48,1,810408.6875,1,40,5,4,1,125.56681059105
4709871,1,3,0,23,4,9e+05,1,25,6,4,0,125.56681059105
4709872,1,1,1,30,4,1100000,1,48,4,1,1,243.500222680521
4709872,1,2,0,22,4,5e+05,1,48,5,1,1,243.500222680521
4709878,1,1,0,29,1,876933.6875,1,48,5,5,0,233.420539227437
4709878,1,3,1,56,1,888211,1,72,3,2,1,233.420539227437
4709881,1,2,0,37,1,957666.6875,1,48,5,5,0,243.833090763681
4709883,1,1,1,64,4,250000,1,48,3,1,1,207.571561448222
4709883,1,2,1,26,1,954877.6875,1,48,5,5,0,207.571561448222
4709884,1,1,1,61,4,1e+06,1,1,6,1,0,231.446462188516
4709885,1,1,1,63,4,2500000,1,48,6,1,1,223.812536577459
4709886,1,1,1,41,4,1e+06,1,50,5,2,1,271.378707021665
4709887,1,1,0,65,4,3e+06,1,15,6,5,0,259.398346603042
4709890,1,1,1,39,1,1e+06,1,60,5,5,1,216.762418953753
4709890,1,2,0,41,1,934556.5,1,48,5,5,0,216.762418953753
4709892,1,1,1,67,2,2216666.75,1,30,6,5,0,212.10162729217
4709892,1,2,1,65,1,815000,1,84,5,2,1,212.10162729217
4709893,1,1,1,54,5,8e+05,1,66,6,2,1,240.637319694047
4709893,1,2,0,47,1,4550000,1,65,6,5,0,240.637319694047
4709894,1,1,0,59,4,1600000,1,48,6,4,0,247.687437317754
4709894,1,2,1,59,4,4e+05,1,48,6,1,1,247.687437317754
4709895,1,1,1,37,1,1870000,1,66,5,2,1,231.705036333946
4709895,1,2,0,37,1,869453,1,48,5,5,0,231.705036333946
4709896,1,1,1,34,1,1305711,1,48,5,3,0,256.730600812173
4709896,1,4,0,29,1,1688211,1,60,6,5,0,256.730600812173
4709897,1,2,1,52,2,1400000,1,48,6,5,0,193.997808443909
4709897,1,3,1,49,1,5850000,1,48,6,5,0,193.997808443909
4709897,1,4,0,47,1,4616666.5,1,48,6,5,0,193.997808443909
4709899,1,1,1,44,1,9e+06,1,50,6,5,0,228.890473383488
4709899,1,2,0,45,4,1e+06,1,28,6,1,1,228.890473383488
4709900,1,1,1,54,1,1922333.375,1,48,6,5,0,243.833090763681
4709900,1,2,0,47,3,963356.5,1,48,5,1,0,243.833090763681
4709900,1,3,1,24,1,7e+05,1,15,6,1,1,243.833090763681
4709901,1,3,1,35,1,869453,1,66,3,3,1,205.051509668464
4709902,1,1,1,35,4,2e+06,1,30,6,1,1,268.820298329449
4709902,1,2,0,35,1,4333333.5,1,40,6,4,0,268.820298329449
4709902,1,5,0,43,5,1500000,1,60,6,2,0,268.820298329449
4709903,1,1,1,44,4,4500000,1,48,6,1,0,228.852116471029
4709903,1,2,0,44,5,2e+06,1,40,6,2,0,228.852116471029
4709904,1,3,0,37,2,3200000,1,30,6,5,0,228.926410408759
4709905,1,2,0,50,4,8e+05,1,30,6,1,1,226.479758702384
4709906,1,1,1,34,1,781242,1,48,5,4,1,200.521443824515
4709906,1,3,1,29,1,7e+05,1,48,5,3,1,200.521443824515
4709909,1,1,1,28,4,2e+06,1,40,6,1,1,252.765374123782
4709910,1,1,1,45,4,4800000,1,40,6,5,0,216.762418953753
4709910,1,2,0,41,1,10866667,1,48,6,5,0,216.762418953753
4709913,1,1,0,40,1,1300000,1,72,5,2,0,201.306500213045
4709913,1,2,1,34,4,1e+06,1,54,5,3,1,201.306500213045
4709913,1,3,0,18,4,60000,1,28,5,1,1,201.306500213045
4709914,1,1,1,41,4,2.2e+07,1,60,6,1,0,295.253607761959
4709914,1,2,0,40,1,8666667,1,40,6,5,0,295.253607761959
4709914,1,5,0,56,3,843742,1,48,3,1,1,295.253607761959
4709915,1,1,0,67,4,2e+05,1,4,6,1,1,259.398346603042
4709917,1,3,1,29,4,1300000,1,20,6,3,0,215.205487059278
4709917,1,4,1,35,1,5958333.5,1,45,6,5,0,215.205487059278
4709918,1,1,0,64,4,1e+06,1,4,6,1,0,243.157371473805
4709919,1,2,0,53,4,1e+06,1,48,6,1,1,245.167385537996
4709919,1,3,1,57,1,1488211,1,48,5,5,0,245.167385537996
4709920,1,1,1,24,1,630000,1,52,4,2,1,220.06752712204
4709920,1,2,0,21,1,8e+05,1,57,5,3,1,220.06752712204
4709922,1,1,0,39,1,5e+05,1,77,5,3,1,241.290282841238
4709922,1,2,1,20,1,1200000,1,77,4,4,1,241.290282841238
4709922,1,3,1,20,1,1200000,1,77,4,3,1,241.290282841238
4709922,1,5,1,18,4,1e+06,1,49,3,1,1,241.290282841238
4709923,1,2,0,39,2,2266666.5,1,30,6,5,0,256.878294823285
4709924,1,2,0,56,4,4e+05,1,36,5,2,1,247.687437317754
4709925,1,1,1,51,4,1200000,1,50,3,1,1,274.193269972123
4709925,1,3,1,19,1,929244.6875,1,48,6,5,1,274.193269972123
4709927,1,1,1,48,4,1500000,1,40,6,1,0,256.730600812173
4709927,1,2,0,49,1,1081242,1,48,6,2,0,256.730600812173
4709927,1,4,0,37,3,6e+05,1,48,3,1,1,256.730600812173
4709928,1,1,1,49,4,3e+05,1,42,4,2,0,184.280468695278
4709928,1,3,1,25,1,2283333.25,1,48,6,5,0,184.280468695278
4709929,1,1,0,51,1,6e+05,1,64,5,2,1,202.60485796209
4709930,1,1,1,30,1,1e+07,1,48,6,5,0,219.28247073351
4709931,1,1,1,35,1,3250000,1,45,6,5,0,228.890473383488
4709931,1,2,0,36,1,1.8e+07,1,40,6,5,0,228.890473383488
4709932,1,1,1,43,4,1400000,1,80,5,2,1,313.866940659842
4709933,1,1,1,66,4,1500000,1,48,4,2,1,214.768849417095
4709933,1,3,0,26,1,1588211,1,48,6,4,0,214.768849417095
4709934,1,1,0,23,1,8e+05,1,66,5,2,1,246.314785630979
4709934,1,2,1,29,1,9e+05,1,56,5,2,1,246.314785630979
4709935,1,1,1,23,1,720000,1,60,4,3,1,203.826551992803
4709935,1,2,0,19,1,3e+05,1,40,5,3,1,203.826551992803
4709935,1,3,1,33,1,1500000,1,70,5,3,1,203.826551992803
4709936,1,1,1,44,1,900453,1,40,5,4,0,243.157371473805
4709937,1,2,1,28,1,1033333.3125,1,77,5,2,0,188.883934612609
4709938,1,1,1,26,4,1200000,1,40,6,2,0,259.25065259193
4709938,1,2,0,31,4,2e+06,1,50,6,5,0,259.25065259193
4709939,1,1,1,39,2,11375000,1,48,6,5,0,216.762418953753
4709939,1,2,0,31,1,7150000,1,48,6,5,0,216.762418953753
4709940,1,1,1,46,1,1314333.375,1,48,6,4,0,201.306500213045
4709940,1,2,0,53,1,1331000,1,50,6,5,0,201.306500213045
4709940,1,4,1,22,1,926666.6875,1,48,6,4,0,201.306500213045
4709941,1,2,0,20,1,1169453,1,48,6,5,0,193.414000456558
4709942,1,1,0,53,1,1e+05,1,38,3,2,1,224.144880994675
4709942,2,1,1,32,2,1516666.75,1,72,6,5,0,224.144880994675
4709942,2,2,0,32,1,1846544.375,1,48,6,5,0,224.144880994675
4709942,3,1,0,36,1,1200000,1,48,6,3,1,224.144880994675
4709943,1,1,1,38,1,2880333.25,1,48,6,5,0,243.833090763681
4709944,1,1,1,42,1,8e+05,1,50,5,2,1,219.28247073351
4709945,1,1,0,41,4,1500000,1,36,5,1,1,243.833090763681
4709945,1,2,1,45,1,3250000,1,70,5,5,0,243.833090763681
4709945,1,3,1,19,1,846345.5,1,42,6,5,1,243.833090763681
4709946,1,4,0,39,3,959943,1,56,5,1,0,269.300860423721
4709947,1,1,1,61,4,4e+05,1,40,6,1,1,223.812536577459
4709950,1,1,1,41,4,1800000,1,60,4,1,1,281.974889594292
4709953,1,1,1,70,3,4e+05,1,12,6,1,0,207.571561448222
4709953,1,2,1,33,4,1200000,1,54,6,1,1,207.571561448222
4709954,1,1,0,39,5,1200000,1,90,5,2,1,230.483342303234
4709954,1,2,0,51,1,4e+05,1,18,4,2,1,230.483342303234
4709955,1,1,1,30,1,934556.5,1,60,6,5,0,216.762418953753
4709955,1,2,0,28,4,781242,1,48,5,1,1,216.762418953753
4709956,1,1,1,71,5,1500000,1,8,6,2,0,247.687437317754
4709956,1,2,0,56,4,8e+05,1,8,6,5,0,247.687437317754
4709957,1,1,1,59,4,7e+05,1,35,5,1,1,223.812536577459
4709958,1,1,0,36,3,935244.6875,1,48,5,1,0,256.878294823285
4709959,1,1,0,33,4,9e+05,1,60,4,1,1,217.547475342283
4709960,1,1,0,64,1,869453,1,48,5,2,1,259.398346603042
4709961,1,1,1,25,1,1e+06,1,78,4,3,1,201.011989042344
4709962,1,1,1,33,1,1200000,1,48,3,4,1,212.64949825425
4709962,1,4,1,28,1,8e+05,1,48,3,4,1,212.64949825425
4709963,1,1,1,54,4,1500000,1,80,3,2,0,219.28247073351
4709964,1,1,0,43,5,1400000,1,60,3,2,1,153.935840150023
4709964,1,2,0,23,1,9e+05,1,48,6,2,0,153.935840150023
4709966,1,1,1,30,4,4e+06,1,48,6,5,0,216.762418953753
4709966,1,2,0,33,1,5625000,1,48,6,4,0,216.762418953753
4709967,1,1,0,32,1,980000,1,48,5,4,0,275.491627721168
4709969,1,1,1,33,1,962744.6875,1,48,5,5,0,231.410525163245
4709970,1,1,1,33,2,2591666.75,1,40,6,5,0,219.28247073351
4709971,1,1,0,28,1,1221666.625,1,48,6,5,0,233.003394082991
4709972,1,1,0,64,4,1e+05,1,25,3,1,1,259.398346603042
4709973,1,1,1,55,2,9221083,1,48,6,5,0,236.235102177895
4709973,1,2,0,46,2,4550000,1,48,6,5,0,236.235102177895
4709973,1,3,1,23,4,1500000,1,48,6,5,0,236.235102177895
4709974,1,2,0,32,1,957744.6875,1,48,6,5,0,271.820912203478
4709975,1,1,1,32,2,2196666.5,1,40,6,5,0,219.28247073351
4709976,1,1,0,53,1,840000,1,66,4,2,1,216.762418953753
4709976,1,2,1,25,1,946544.3125,1,48,5,5,0,216.762418953753
4709977,1,1,0,56,4,380000,1,24,3,1,1,227.628052659714
4709977,1,2,1,59,1,9e+05,1,50,5,3,0,227.628052659714
4709977,1,3,0,33,1,1188211,1,60,6,5,0,227.628052659714
4709977,1,4,1,32,2,1700000,1,60,6,5,0,227.628052659714
4709977,1,5,1,18,2,2e+05,1,40,5,5,0,227.628052659714
4709977,1,6,1,31,4,8e+05,1,96,6,1,0,227.628052659714
4709979,1,1,0,40,1,1035244.6875,1,48,5,5,0,233.003394082991
4709980,1,1,1,42,1,934556.5,1,48,6,5,0,219.28247073351
4709981,1,1,0,22,1,827992,1,48,4,4,0,174.726373620946
4709981,1,2,0,20,1,2e+05,1,41,6,4,1,174.726373620946
4709982,1,1,0,47,5,5e+05,1,60,3,2,1,186.363882832852
4709982,1,2,1,49,1,1004002.6875,1,56,5,3,0,186.363882832852
4709983,1,1,0,27,1,1173377.625,1,48,5,4,0,245.131448512726
4709984,1,1,0,23,1,4125000,1,62,6,5,0,205.124909741847
4709987,1,1,0,25,1,869453,1,48,5,5,0,245.131448512726
4709988,1,1,1,72,4,140000,1,15,3,1,1,223.812536577459
4712260,1,1,1,66,4,5e+05,1,50,3,1,1,223.812536577459
4713342,1,1,1,53,1,1179453,1,60,4,5,0,212.758835352904
4713342,1,2,0,60,4,50000,1,6,3,1,1,212.758835352904
4713342,1,3,0,19,4,15000,1,4,6,1,1,212.758835352904
4713343,1,3,1,23,1,1400000,1,48,5,4,0,560.946816622256
4713344,1,2,0,45,1,2e+05,1,20,6,2,1,251.737328118132
4713345,1,2,1,27,4,1700000,1,40,6,5,1,243.157371473805
4714858,1,1,1,76,4,3e+05,1,30,3,1,0,175.423528922066
4714858,1,4,1,53,4,8e+05,1,50,4,1,0,175.423528922066
4714858,1,5,0,22,1,899453,1,48,5,4,0,175.423528922066
4714858,1,3,0,51,4,78000,1,8,4,1,1,175.423528922066
4714858,1,2,1,36,1,869453,1,60,5,4,0,175.423528922066
4714858,1,7,0,30,1,820000,1,48,5,5,0,175.423528922066
4714859,1,1,0,47,4,7e+05,1,40,3,1,1,199.276993651117
4714860,1,1,1,48,4,1500000,1,54,5,2,1,216.762418953753
4714862,1,1,0,42,3,1019453,1,50,4,1,1,202.60485796209
4714862,1,2,0,20,4,2e+05,1,14,6,1,1,202.60485796209
4714863,1,4,1,40,1,1016119.6875,1,48,3,5,0,286.357261427129
4714863,1,3,0,38,1,869453,1,48,5,5,0,286.357261427129
4714864,1,2,0,33,1,1120000,1,70,4,2,1,216.762418953753
4714864,1,1,1,29,4,8e+05,1,77,3,2,1,216.762418953753
4714865,1,1,1,64,4,1e+06,1,90,4,1,1,477.510307915305
4714865,1,2,1,18,1,7e+05,1,66,4,3,1,477.510307915305
4714866,1,1,0,57,1,6e+05,1,40,4,3,1,537.820386073903
4714866,1,6,0,24,1,478211,1,15,5,5,0,537.820386073903
4714866,1,3,0,35,1,4e+05,1,35,4,2,1,537.820386073903
4714866,1,7,1,24,1,840000,1,42,4,3,1,537.820386073903
4714866,1,2,1,62,1,1e+06,1,66,4,2,1,537.820386073903
4714867,1,3,1,21,4,8e+05,1,60,6,1,1,243.833090763681
4714867,1,1,1,51,1,1100000,1,60,3,2,1,243.833090763681
4714868,1,2,0,33,4,160000,1,48,5,2,1,186.363882832852
4714869,1,3,1,26,1,869453,1,48,6,5,0,226.916396344567
4714870,1,1,1,34,1,1e+06,1,60,5,2,0,457.780946766976
4714870,1,2,0,30,4,1e+05,1,10,5,1,1,457.780946766976
4714871,1,3,0,28,1,1950000,1,48,6,5,0,490.334771075993
4714872,1,5,0,32,1,781242,1,50,6,2,1,609.723220823873
4714872,1,1,1,28,4,5e+05,1,35,5,2,1,609.723220823873
4714873,1,1,1,53,1,1009044.3125,1,50,5,5,0,231.705036333946
4714873,1,2,0,50,3,2e+05,1,8,4,1,1,231.705036333946
4714874,1,2,0,33,1,1600000,1,48,4,2,1,633.3630072206
4714874,1,1,1,41,4,8e+05,1,50,3,1,1,633.3630072206
4714875,1,1,1,38,1,1400000,1,48,3,5,1,578.271774704633
4714875,1,2,0,41,4,370000,1,27,5,1,1,578.271774704633
4714875,1,5,1,20,1,934556.5,1,48,5,5,1,578.271774704633
4714876,1,4,0,21,1,816666.6875,1,30,6,2,1,242.57303982051
4714876,1,1,0,32,1,962119.6875,1,48,5,5,0,242.57303982051
4714877,1,1,1,29,3,780000,1,48,5,2,1,186.363882832852
4714877,1,2,0,37,4,350000,1,48,5,2,1,186.363882832852
4714880,1,1,0,30,5,5e+05,1,52,5,2,1,425.2989965085
4714880,1,2,1,33,5,5e+05,1,52,5,2,1,425.2989965085
4714880,1,4,1,28,5,4e+05,1,56,5,2,1,425.2989965085
4714881,1,1,1,48,1,932744.6875,1,48,4,4,0,212.611141341791
4714881,1,3,1,29,1,1054877.625,1,48,5,5,0,212.611141341791
4714882,1,1,1,34,1,1073744.625,1,48,5,5,0,438.564941467021
4714883,1,1,1,50,4,781242,1,72,5,1,1,426.86910928556
4714883,1,2,0,40,1,986786.3125,1,48,5,5,0,426.86910928556
4714884,1,2,0,25,4,4e+05,1,20,5,1,1,228.890473383488
4714884,1,1,1,34,4,1400000,1,45,3,4,0,228.890473383488
4714885,1,1,1,34,1,1100000,1,48,5,3,0,621.743888864058
4714885,1,7,0,28,1,880000,1,40,6,3,1,621.743888864058
4714885,1,8,1,23,1,1200000,1,48,4,3,1,621.743888864058
4714886,1,1,1,55,4,1800000,1,45,3,1,1,275.870415953155
4714886,1,2,0,37,1,951053,1,49,5,4,0,275.870415953155
4714887,1,1,1,58,1,839575.3125,1,48,4,5,0,406.633028554474
4714887,1,5,0,38,1,835408.6875,1,48,5,5,0,406.633028554474
4714888,1,1,0,37,4,6e+05,1,48,5,1,1,575.239364301805
4714890,1,1,0,38,4,8e+05,1,40,3,1,1,217.547475342283
4714890,1,2,1,19,1,988211,1,45,6,4,0,217.547475342283
4714891,1,1,1,70,4,30000,1,4,5,1,0,447.625073154919
4714892,1,1,1,58,4,8e+05,1,66,3,1,1,386.828000913117
4714892,2,1,0,24,1,902345.5,1,54,6,5,0,386.828000913117
4714894,1,5,0,20,1,5e+05,1,48,6,5,1,426.20337311924
4714894,1,2,0,24,1,983786.3125,1,48,5,5,0,426.20337311924
4714894,1,1,1,31,1,1567666.625,1,48,5,5,0,426.20337311924
4714895,1,2,0,31,1,1325833.375,1,48,4,5,0,372.727765665704
4714895,1,1,1,44,4,1500000,1,40,3,3,0,372.727765665704
4714896,1,1,0,49,1,965744.6875,1,45,4,4,0,202.60485796209
4714897,1,2,1,39,4,6e+05,1,70,5,2,1,415.143122896443
4714897,1,1,1,61,4,1200000,1,73,6,3,1,415.143122896443
4714898,1,1,1,49,1,927786.3125,1,60,3,5,0,428.484734347992
4714898,1,3,0,27,1,1042500,1,48,6,4,0,428.484734347992
4714899,1,2,0,43,1,781242,1,40,3,2,1,401.042887649031
4714899,1,1,1,42,1,1056119.625,1,48,5,2,0,401.042887649031
4714900,1,2,0,42,1,934556.5,1,48,4,5,0,311.930693423902
4714902,1,1,1,54,5,3e+06,1,48,5,2,0,506.882186827318
4714903,1,2,0,66,4,20000,1,12,3,1,1,240.637319694047
4714903,1,1,1,36,4,8e+05,1,50,4,2,1,240.637319694047
4714904,1,1,0,57,1,595000,1,38,3,4,1,538.01269850604
4714904,1,2,0,26,1,1874833.375,1,66,5,3,0,538.01269850604
4714905,1,1,0,31,1,1625000,1,50,6,5,0,460.966684606468
4714906,1,1,0,43,1,8e+05,1,40,3,3,1,155.965346711951
4714906,1,2,1,53,1,1388211,1,60,3,3,0,155.965346711951
4714906,1,3,0,18,4,150000,1,72,5,1,1,155.965346711951
4714907,1,1,0,44,1,1916666.625,1,48,6,5,0,550.983255442336
4714908,1,1,0,58,4,3e+05,1,50,3,1,1,258.099988853998
4714908,1,2,1,33,4,6e+05,1,50,6,1,1,258.099988853998
4714909,1,2,0,56,4,2e+05,1,90,3,2,1,247.687437317754
4714909,1,1,1,55,4,2e+05,1,90,3,2,1,247.687437317754
4714913,1,1,1,35,4,6e+05,1,66,4,2,1,184.280468695278
4714913,1,2,1,33,4,5e+05,1,60,5,2,1,184.280468695278
4714913,1,3,0,32,4,3e+05,1,60,6,2,1,184.280468695278
4714913,1,4,1,42,4,4e+05,1,70,5,2,1,184.280468695278
4714914,1,1,0,61,4,3e+05,1,102,4,1,1,259.398346603042
4714915,1,2,1,67,4,75000,1,4,3,1,0,247.687437317754
4714916,1,1,0,45,1,720000,1,66,3,2,1,245.131448512726
4714918,1,2,1,47,2,2923333.25,1,40,6,5,0,208.155369435572
4714919,1,1,1,27,1,1251544.375,1,48,5,5,0,216.762418953753
4714920,1,1,0,23,1,2316666.75,1,60,6,5,0,220.06752712204
4714922,1,1,1,21,1,1500000,1,105,4,2,1,262.555760760217
4714923,1,4,1,39,4,7e+05,1,55,6,1,1,283.125553332224
4714923,1,1,0,36,1,912953,1,48,5,5,0,283.125553332224
4714924,1,2,0,41,1,2e+05,1,14,4,2,1,243.794733851222
4714925,1,2,0,42,1,1123211,1,72,5,5,0,161.07922054325
4714925,1,1,1,36,1,8e+05,1,96,4,1,1,161.07922054325
4714925,1,7,0,28,1,2e+05,1,8,3,2,1,161.07922054325
4714925,1,6,1,34,1,1048211,1,48,4,5,0,161.07922054325
4714926,1,3,0,45,1,3266666.75,1,40,6,5,0,226.406358629001
4714926,1,5,0,43,1,1625000,1,48,6,4,0,226.406358629001
4714927,1,1,1,62,4,9e+05,1,50,4,1,0,247.687437317754
4714928,1,1,1,36,4,3e+05,1,48,5,2,1,231.372168250786
4714929,1,2,1,44,1,4333333.5,1,48,6,5,0,226.916396344567
4714929,1,3,1,39,1,3900000,1,48,6,5,0,226.916396344567
4714930,1,3,0,23,4,2300000,1,22,6,5,0,243.794733851222
4714931,1,1,0,41,1,902786.3125,1,40,5,5,0,217.547475342283
4714935,1,3,0,55,4,250000,1,60,6,2,0,283.984903658484
4714935,1,4,0,48,4,250000,1,60,6,2,1,283.984903658484
4714936,1,1,1,38,4,3e+05,1,55,5,1,1,241.018527813223
4714936,1,2,0,32,4,4e+05,1,90,6,2,1,241.018527813223
4714937,1,1,1,34,1,2875000,1,54,5,5,0,259.25065259193
4714938,1,1,1,29,4,4e+05,1,16,6,1,1,219.28247073351
4714939,1,1,1,52,1,985877.6875,1,48,4,2,0,219.28247073351
4714941,1,2,0,36,1,993619.6875,1,48,5,5,0,267.707991503976
4714941,1,1,1,41,1,2126666.75,1,48,5,4,0,267.707991503976
4714942,1,1,1,37,1,1390000,1,48,5,4,0,311.85743759654
4714943,1,3,1,31,4,1e+06,1,54,5,4,1,205.480572522538
4714943,1,2,1,34,4,4e+05,1,45,3,3,1,205.480572522538
4714943,1,1,1,32,4,2400000,1,90,6,1,1,205.480572522538
4714944,1,3,0,22,1,1171544.375,1,48,6,5,0,172.206321841189
4714944,1,1,0,51,3,3e+05,1,12,4,1,1,172.206321841189
4714944,1,2,0,23,1,1716666.625,1,48,6,4,0,172.206321841189
4714946,1,1,0,40,5,6e+05,1,60,4,2,1,245.131448512726
4714948,1,1,1,29,1,3021544.25,1,48,6,5,0,216.762418953753
4714948,1,2,0,26,1,1800000,1,40,6,4,0,216.762418953753
4714949,1,1,1,31,1,1060000,1,48,5,5,0,241.018527813223
4714950,1,1,1,46,4,8e+05,1,60,6,1,1,307.381662191694
4714951,1,2,1,41,1,1417211,1,48,6,5,0,203.041495604273
4714951,1,1,1,31,1,2796544.25,1,48,6,5,0,203.041495604273
4714952,1,2,0,55,4,2e+05,1,5,3,1,1,245.167385537996
4714952,1,3,0,27,1,1329877.625,1,48,6,5,0,245.167385537996
4714952,1,1,1,56,2,3900000,1,70,4,5,0,245.167385537996
4714953,1,1,1,35,2,3546666.75,1,60,5,5,0,241.018527813223
4714953,1,2,0,41,4,2e+05,1,3,5,1,1,241.018527813223
4714955,1,2,0,50,1,971544.3125,1,48,6,2,0,237.874029352562
4714955,1,3,1,20,1,1454877.625,1,58,5,3,1,237.874029352562
4714955,1,1,1,45,4,1500000,1,72,5,1,1,237.874029352562
4714956,1,1,1,34,4,8e+05,1,40,4,1,1,231.372168250786
4714956,1,2,0,23,1,965244.6875,1,48,5,5,0,231.372168250786
4714958,1,1,0,34,1,2870833.25,1,48,6,5,0,233.003394082991
4714959,1,1,1,37,1,1e+06,1,40,6,3,0,247.255307952384
4714959,1,5,1,39,1,1260000,1,48,6,5,0,247.255307952384
4714960,1,1,1,20,1,902004.75,1,64,4,5,0,250.466063242941
4714961,1,2,0,22,1,1488211,1,48,6,4,0,202.60485796209
4714961,1,1,0,25,1,1954877.625,1,56,6,4,0,202.60485796209
4714963,1,3,1,28,1,1137377.625,1,48,6,5,0,231.446462188516
4714963,1,1,1,68,4,1e+06,1,40,3,1,0,231.446462188516
4714964,1,1,1,57,2,1625000,1,40,6,5,0,221.292484797702
4714964,1,2,0,48,1,1713211,1,45,6,5,0,221.292484797702
4714965,1,1,1,21,1,1016666.6875,1,60,5,4,0,265.408680623135
4714965,1,2,1,20,1,1002000,1,60,5,3,1,265.408680623135
4714966,1,1,1,21,1,869453,1,72,5,4,0,274.683815189952
4714967,1,1,1,23,1,3625000,1,48,6,3,0,250.466063242941
4714968,1,1,1,57,1,550000,1,50,4,2,1,203.022003106536
4714970,1,1,0,33,1,3688333.25,1,64,6,5,0,238.438660849129
4714970,1,2,1,31,4,1e+06,1,10,6,1,0,238.438660849129
4714971,1,2,1,32,4,2e+06,1,66,6,3,1,271.312419085554
4714971,1,1,0,39,5,4e+05,1,73,6,2,0,271.312419085554
4714971,1,4,1,22,1,869453,1,48,6,4,1,271.312419085554
4714972,1,1,1,39,1,1e+06,1,48,6,2,0,155.965346711951
4714973,1,1,1,48,4,750000,1,50,4,1,1,243.157371473805
4714975,1,1,1,42,4,1e+06,1,28,6,1,0,243.157371473805
4714977,1,1,1,47,5,1e+06,1,60,3,2,0,246.64765371414
4714978,1,1,1,29,1,962743,1,48,5,4,0,205.051509668464
4714978,2,1,1,59,4,650000,1,54,5,1,1,205.051509668464
4714979,1,1,1,73,1,2e+05,1,16,3,2,0,262.630054697947
4714979,1,3,1,24,1,1291666.625,1,50,6,5,0,262.630054697947
4714980,1,1,1,48,1,1279877.625,1,48,6,5,0,201.306500213045
4714981,1,2,0,57,1,1.9e+07,1,50,6,5,0,242.647333758239
4714981,1,3,0,31,1,4700000,1,50,6,5,0,242.647333758239
4714981,1,4,0,48,3,781242,1,50,3,1,0,242.647333758239
4714982,1,3,1,29,4,1e+05,1,5,6,1,1,215.464061204709
4714982,1,1,0,50,4,4e+05,1,18,5,1,1,215.464061204709
4714982,1,2,1,31,1,2171544.5,1,84,6,2,0,215.464061204709
4714982,1,4,1,21,1,869453,1,40,6,5,0,215.464061204709
4714983,1,1,1,60,4,1620000,1,48,6,5,0,205.051509668464
4714983,1,2,0,48,1,934556.5,1,50,4,4,0,205.051509668464
4714984,1,1,0,36,4,420000,1,30,5,1,1,268.967992340561
4714984,1,4,0,61,1,1e+05,1,48,3,2,1,268.967992340561
4714985,1,1,1,60,4,250000,1,16,3,2,1,247.687437317754
4714986,1,1,1,48,1,8e+05,1,30,5,5,1,216.762418953753
4714987,1,1,1,60,4,1e+06,1,40,6,1,1,247.687437317754
4714991,1,1,1,25,1,1390877.625,1,48,5,4,0,259.25065259193
4714991,1,2,0,31,4,480000,1,60,5,3,1,259.25065259193
4714992,1,2,0,40,4,6e+05,1,54,5,2,1,271.340350109206
4714992,1,1,1,48,4,1e+06,1,72,6,1,1,271.340350109206
4714994,1,1,0,66,4,150000,1,30,3,1,1,259.398346603042
4714995,1,1,1,53,1,965556.5,1,60,5,5,0,188.883934612609
4714996,1,1,1,51,1,1531544.375,1,48,4,4,0,234.225088113704
4714997,1,2,0,65,3,839575.3125,1,48,3,1,1,283.273247343337
4714998,1,1,1,24,1,1480000,1,48,5,2,0,262.555760760217
4714998,1,2,0,23,1,951544.3125,1,48,5,5,0,262.555760760217
4714999,1,2,0,60,1,4e+06,1,40,6,5,0,247.687437317754
4715000,1,1,0,54,4,120000,1,29,3,1,1,216.762418953753
4715001,1,1,1,25,1,971544.3125,1,48,6,4,0,216.762418953753
4715002,1,1,0,24,1,1515314.5,1,53,6,3,0,229.381018601317
4715003,1,1,1,25,1,1100000,1,70,5,4,0,231.372168250786
4715003,1,2,0,22,9,2e+05,1,40,6,2,1,231.372168250786
4715004,1,2,0,58,3,1e+06,1,48,6,1,1,283.273247343337
4715005,1,1,0,34,1,1259377.625,1,48,5,5,0,246.64765371414
4715006,1,2,1,26,1,6e+05,1,48,4,2,1,228.890473383488
4715007,1,1,0,49,1,7e+05,1,30,5,2,1,247.946011463184
4715008,1,1,0,86,4,1500000,1,9,6,2,1,224.922826807909
4715008,1,4,1,26,1,3250000,1,48,6,4,0,224.922826807909
4715009,1,2,1,50,4,9e+05,1,54,6,1,1,243.157371473805
4715010,1,2,0,28,1,120000,1,50,4,2,1,283.5067614514
4715010,1,1,1,33,4,8e+05,1,48,4,2,1,283.5067614514
4715011,1,1,1,35,5,5e+05,1,42,4,2,1,228.852116471029
4715011,1,2,0,31,4,2e+05,1,24,3,1,1,228.852116471029
4715012,1,2,0,32,4,3e+05,1,60,5,1,1,256.878294823285
4715014,1,1,1,58,4,350000,1,30,3,1,1,223.812536577459
4715015,1,1,0,67,3,237500,1,9,3,1,1,281.428914853456
4715015,1,2,0,42,1,1288211,1,50,5,5,0,281.428914853456
4715015,1,4,0,41,1,1360000,1,48,6,5,0,281.428914853456
4715015,1,3,1,19,1,1019453,1,63,5,5,0,281.428914853456
4715016,1,1,1,39,1,904408.625,1,48,5,5,0,259.25065259193
4715016,1,2,0,27,1,839575.3125,1,48,5,5,0,259.25065259193
4715017,1,1,1,41,1,1177377.625,1,48,5,4,0,228.852116471029
4715017,1,2,0,40,1,1384044.375,1,48,6,5,0,228.852116471029
4715018,1,1,1,29,1,1200000,1,50,3,4,1,201.011989042344
4715019,1,1,0,32,3,930619.6875,1,48,3,1,0,275.491627721168
4715020,1,1,0,39,4,2e+05,1,40,6,1,1,216.762418953753
4715020,1,2,1,31,4,4e+05,1,40,6,1,1,216.762418953753
4715021,1,2,0,32,1,965556.5,1,48,5,5,0,219.994127048658
4715021,1,1,1,41,4,5e+05,1,40,6,1,1,219.994127048658
4715022,1,1,1,27,1,781242,1,48,6,5,1,188.883934612609
4715023,1,1,1,33,1,1453211,1,48,6,5,0,259.25065259193
4715023,1,2,0,30,2,2051000,1,48,6,5,0,259.25065259193
4715024,1,2,0,49,5,5e+05,1,12,4,2,0,228.852116471029
4715024,1,1,1,47,4,1e+06,1,52,3,1,1,228.852116471029
4715025,1,2,1,52,4,880000,1,72,3,1,1,248.139152063765
4715025,1,1,0,56,1,3e+05,1,72,4,3,1,248.139152063765
4715025,1,6,0,22,1,1060000,1,96,4,3,1,248.139152063765
4715026,1,1,0,57,4,4e+05,1,40,3,1,1,259.398346603042
4715027,1,2,0,49,3,4e+05,1,24,4,1,1,216.762418953753
4715027,1,1,1,49,4,2e+06,1,40,5,1,1,216.762418953753
4715028,1,1,1,31,1,8e+05,1,48,5,5,0,228.890473383488
4715028,1,2,0,28,4,6e+05,1,15,4,2,1,228.890473383488
4715030,1,1,1,38,1,1229877.625,1,48,5,5,0,271.378707021665
4715031,1,2,0,44,1,1166666.75,1,48,6,5,0,210.619991692322
4715031,1,1,1,47,1,2305000,1,48,6,5,0,210.619991692322
4715032,1,1,0,50,4,2200000,1,43,3,4,1,212.212860612068
4715032,1,3,0,25,4,4500000,1,20,6,1,1,212.212860612068
4715034,1,2,1,26,4,750000,1,49,4,1,1,203.041495604273
4715034,1,1,1,33,1,1200000,1,70,3,2,1,203.041495604273
4715035,1,3,0,21,1,931953,1,48,6,4,0,217.288901196853
4715035,1,1,1,57,1,869453,1,48,3,4,0,217.288901196853
4715037,1,1,1,58,4,3e+05,1,15,5,2,1,247.687437317754
4715039,1,1,1,44,1,932786.3125,1,80,5,5,0,243.833090763681
4715039,1,2,0,34,1,781242,1,48,6,5,1,243.833090763681
4715040,1,1,1,42,1,931000,1,48,5,2,0,226.370421603731
4715040,1,2,0,40,4,450000,1,84,5,1,1,226.370421603731
4715040,2,1,0,29,1,781242,1,40,5,5,1,226.370421603731
4715042,1,1,0,59,4,4e+05,1,48,5,1,1,301.886580241219
4715043,1,1,1,49,1,1300000,1,48,5,3,0,234.225088113704
4715045,1,1,0,66,4,8e+05,1,32,3,1,1,262.630054697947
4715047,1,1,0,31,4,1500000,1,50,6,5,0,202.60485796209
4715048,1,1,0,46,1,1604877.625,1,48,6,2,0,217.547475342283
4715051,1,1,1,26,1,1834944.625,1,79,3,2,0,219.28247073351
4715052,1,1,0,24,1,716666.6875,1,45,5,2,1,247.613143380024
4715053,1,1,1,29,1,2450000,1,60,4,4,1,438.564941467021
4715054,1,1,1,23,1,90000,1,20,5,2,1,250.466063242941
4715055,1,4,0,21,1,840000,1,72,6,2,1,340.245815407229
4715055,1,3,1,25,1,1289166.625,1,48,6,3,0,340.245815407229
4715055,1,2,0,29,1,1116953,1,48,6,5,0,340.245815407229
4715055,1,1,1,29,1,1704453,1,48,6,3,0,340.245815407229
4715057,1,1,0,25,1,850000,1,56,3,3,1,233.003394082991
4715059,1,1,1,58,4,960000,1,60,3,1,1,522.521333312244
4715059,1,3,0,33,1,2015833.375,1,72,6,4,0,522.521333312244
4715060,1,2,0,34,4,4e+05,1,70,3,2,1,228.852116471029
4715060,1,1,1,44,4,4e+05,1,70,3,2,1,228.852116471029
4715061,1,1,1,27,1,869453,1,48,6,5,0,198.491937262587
4715061,1,4,0,22,1,1288211,1,48,6,4,0,198.491937262587
4715062,1,1,0,28,1,934453,1,48,5,5,0,272.971575941411
4715062,1,3,0,33,1,907377.6875,1,48,6,4,0,272.971575941411
4715063,1,4,0,25,1,954877.6875,1,48,6,4,0,198.001392044758
4715065,1,1,1,37,1,916666.6875,1,50,6,5,0,231.705036333946
4715065,1,2,0,34,2,3358333.25,1,65,6,5,0,231.705036333946
4715066,1,1,1,43,1,1586544.375,1,84,5,3,0,164.384328711538
4715067,1,1,1,50,4,1e+06,1,42,5,1,1,186.363882832852
4715067,1,2,0,42,1,964453,1,48,4,3,0,186.363882832852
4715069,1,1,1,25,4,1e+06,1,84,6,1,1,219.28247073351
4715070,1,1,1,58,2,3400000,1,40,5,5,0,207.571561448222
4715071,1,1,0,59,4,2e+05,1,3,6,1,1,259.398346603042
4715072,1,1,1,55,4,1.5e+07,1,40,6,1,0,251.177719558089
4715072,1,2,0,52,4,2.8e+07,1,45,6,1,0,251.177719558089
4715073,1,1,1,60,4,1e+06,1,70,5,1,1,223.812536577459
4715074,1,1,0,49,1,5e+05,1,50,5,2,1,230.483342303234
4715074,1,2,0,28,1,1613211,1,48,6,4,0,230.483342303234
4715075,1,1,1,31,1,2754877.75,1,53,6,5,0,261.770704371687
4715077,1,2,0,55,4,1500000,1,35,6,1,0,340.704098361707
4715078,1,1,1,30,1,1276544.375,1,48,6,5,0,274.193269972123
4715078,1,2,0,32,1,1394044.375,1,48,6,5,0,274.193269972123
4715079,1,1,0,44,1,1280000,1,41,6,5,0,303.040790493285
4715080,1,1,1,32,1,950000,1,48,6,4,0,155.965346711951
4715080,1,2,0,42,1,8e+05,1,48,6,2,1,155.965346711951
4715081,1,1,0,39,1,931453,1,48,5,5,0,198.491937262587
4715081,1,4,1,36,4,3e+05,1,30,4,2,1,198.491937262587
4715082,1,1,1,47,1,1950000,1,48,6,5,0,201.306500213045
4715082,1,3,1,24,1,1708333.375,1,48,6,5,0,201.306500213045
4715083,1,3,1,21,1,943877.6875,1,48,6,5,0,201.306500213045
4715083,1,1,1,53,1,1e+06,1,70,5,2,1,201.306500213045
4715083,1,2,0,54,4,3e+06,1,70,5,1,1,201.306500213045
4715084,1,2,0,29,1,2463333.25,1,35,6,4,0,301.612596969336
4715084,1,1,1,45,1,3038211,1,60,6,4,0,301.612596969336
4715085,1,1,0,51,1,1153211,1,48,6,5,0,247.946011463184
4715085,1,2,1,21,2,1238211,1,48,5,5,0,247.946011463184
4715086,1,1,1,39,1,2791666.75,1,70,6,5,0,203.041495604273
4715086,1,2,1,34,1,1004877.6875,1,48,6,5,0,203.041495604273
4715087,1,1,0,42,1,1300000,1,48,6,5,0,233.003394082991
4715088,1,1,1,52,4,1200000,1,40,4,1,1,231.705036333946
4715090,1,1,1,63,4,5e+06,1,25,6,1,1,223.812536577459
4715092,1,1,0,57,2,1550711,1,48,6,5,0,267.032272214099
4718225,1,1,1,62,4,1400000,1,30,3,1,1,223.812536577459
4719240,1,1,1,69,4,5e+06,1,56,6,1,0,247.687437317754
4719241,1,1,1,22,1,899453,1,48,5,4,0,232.195581551775
4719241,1,2,0,21,1,5e+05,1,40,5,2,1,232.195581551775
4719242,1,1,1,45,1,1275000,1,48,4,5,0,438.564941467021
4721085,1,1,0,39,4,8e+05,1,30,6,2,1,258.775708143874
4721086,1,1,0,55,4,2e+05,1,40,4,1,1,537.935984681122
4721086,1,3,0,26,1,963744.6875,1,48,5,5,0,537.935984681122
4721088,1,1,1,45,4,960000,1,90,5,1,0,433.524837907506
4721088,1,2,0,48,1,1232743,1,48,5,4,0,433.524837907506
4721089,1,3,1,39,2,1438211,1,40,6,5,0,231.446462188516
4721091,1,1,0,39,4,1200000,1,65,5,4,1,262.888628843377
4721091,1,2,1,19,1,902369.6875,1,48,5,4,1,262.888628843377
4721092,1,3,1,48,4,780000,1,90,5,2,1,478.677923890006
4721092,1,4,0,46,4,4e+05,1,24,6,1,1,478.677923890006
4721093,1,1,1,22,1,927786.3125,1,48,6,5,0,220.06752712204
4721093,1,2,0,21,1,927786.3125,1,48,5,5,0,220.06752712204
4721095,1,1,0,37,1,926666.6875,1,48,5,5,0,233.003394082991
4721096,1,1,1,48,1,987377.6875,1,48,3,5,0,510.570851807079
4721096,1,2,0,56,4,6e+05,1,42,3,1,1,510.570851807079
4721097,1,1,1,58,4,2e+05,1,24,3,2,1,437.54486603589
4721097,1,3,0,27,1,1713211,1,45,6,5,0,437.54486603589
4721098,1,1,0,25,1,838211,1,36,5,5,0,457.780946766976
4721098,1,3,1,30,1,9e+05,1,48,6,4,0,457.780946766976
4721099,1,1,1,48,1,1060000,1,70,3,2,0,493.295307428279
4721099,1,2,0,43,4,2e+06,1,40,6,5,0,493.295307428279
4721100,1,2,1,30,1,927786.3125,1,60,4,5,0,258.099988853998
4721101,1,2,0,67,1,781242,1,48,5,4,0,247.687437317754
4721103,1,1,1,38,1,846345.5,1,48,5,5,0,372.727765665704
4721103,1,2,0,38,1,1085103.5,1,48,5,5,0,372.727765665704
4721104,1,1,1,36,1,1100000,1,78,4,4,0,603.477772460214
4721105,1,1,1,48,4,8e+05,1,48,5,1,1,125.56681059105
4721105,1,3,0,24,1,1516666.625,1,48,6,4,0,125.56681059105
4721105,1,4,0,23,1,869453,1,48,6,5,0,125.56681059105
4721106,1,1,1,30,1,1075556.5,1,48,5,5,0,542.680700218412
4721106,1,2,0,33,1,1027556.5,1,40,5,5,0,542.680700218412
4721107,1,1,1,34,1,8e+05,1,48,3,4,0,481.960341801528
4721108,1,1,1,41,1,1444000,1,54,3,5,0,341.815928184289
4721109,1,3,0,35,4,150000,1,44,1,1,1,252.765374123782
4721111,1,1,0,30,1,1388211,1,43,6,5,0,233.003394082991
4721113,1,1,0,41,1,1000286.3125,1,48,3,5,0,245.093091600267
4721115,1,1,1,29,1,1083333.375,1,48,3,5,0,457.704232942058
4721115,1,2,0,30,3,1113333.375,1,48,6,1,0,457.704232942058
4721116,1,1,0,44,4,5e+05,1,70,3,1,1,247.946011463184
4721117,1,1,1,41,1,1300000,1,48,3,5,0,633.3630072206
4721117,1,2,0,34,3,360000,1,16,4,1,1,633.3630072206
4721118,1,1,1,29,1,1293333.375,1,48,5,2,0,210.619991692322
4721119,1,1,0,51,4,5e+05,1,40,3,1,0,217.547475342283
4721119,1,2,1,24,1,934556.5,1,48,6,5,0,217.547475342283
4721120,1,1,1,28,4,2e+05,1,48,6,5,0,186.363882832852
4721121,1,1,1,28,1,1019877.6875,1,48,5,4,0,259.25065259193
4721122,1,1,0,42,1,1279453,1,40,5,5,0,402.613000426091
4721122,1,2,1,25,1,892786.3125,1,48,5,4,0,402.613000426091
4721123,1,1,1,39,1,860000,1,48,3,5,0,482.037055626446
4721123,1,2,0,32,1,860000,1,60,5,5,0,482.037055626446
4721124,1,1,1,18,1,4e+05,1,28,4,2,1,232.195581551775
4721125,1,1,1,48,1,963556.5,1,48,5,2,0,201.306500213045
4721125,1,2,0,40,1,1788211,1,48,5,5,0,201.306500213045
4721125,1,3,1,22,1,1388211,1,48,6,5,0,201.306500213045
4721126,1,1,1,33,1,908345.5,1,48,4,5,0,542.75741404333
4721126,1,2,0,28,3,86000,1,16,5,1,1,542.75741404333
4721127,1,1,0,36,4,2300000,1,48,6,5,0,233.003394082991
4721128,1,1,0,41,1,902075.3125,1,40,6,2,0,247.946011463184
4721129,1,1,0,37,1,1065556.5,1,50,5,5,0,247.946011463184
4721130,1,1,1,40,1,1280000,1,54,1,5,0,517.551416287749
4721130,1,2,0,37,1,996119.6875,1,48,5,5,0,517.551416287749
4721130,1,3,1,18,1,60000,1,16,5,2,1,517.551416287749
4721131,1,1,0,38,1,966453,1,48,5,5,0,275.491627721168
4721132,1,1,1,28,1,974556.5,1,48,5,4,0,542.75741404333
4721133,1,3,1,24,1,9e+05,1,48,3,2,1,222.514178828415
4721134,1,1,1,54,4,8e+05,1,48,3,1,1,438.564941467021
4721135,1,1,0,57,4,3e+05,1,16,4,1,1,495.374874635507
4721136,1,1,1,27,4,8e+05,1,40,5,1,1,241.018527813223
4721138,1,1,1,70,4,5e+06,1,48,6,5,0,247.687437317754
4721139,1,3,1,38,1,1300711,1,48,6,4,0,231.446462188516
4721141,1,3,0,32,1,866666.6875,1,48,5,2,0,242.647333758239
4721142,1,1,0,47,4,1e+06,1,18,6,1,0,186.363882832852
4721142,1,3,1,49,4,4e+06,1,45,6,1,0,186.363882832852
4721144,1,2,1,60,1,888211,1,48,6,4,0,247.687437317754
4721145,1,1,1,44,1,8e+05,1,60,3,2,1,285.988456318698
4721146,1,3,0,30,1,731666.6875,1,60,4,2,1,325.613786970401
4721147,1,1,1,53,1,988211,1,48,3,4,0,153.881932574377
4721147,1,3,1,27,1,1229877.625,1,48,6,5,0,153.881932574377
4721147,1,4,1,25,1,1063211,1,50,6,2,0,153.881932574377
4721149,1,1,1,45,1,8e+06,1,48,6,4,0,186.363882832852
4721149,1,2,0,51,4,7e+06,1,48,6,4,0,186.363882832852
4721150,1,1,1,29,1,1417211,1,48,4,5,0,228.890473383488
4721153,1,2,0,29,1,931453,1,70,5,2,0,301.738886230107
4721154,1,4,1,29,4,781242,1,48,6,1,1,228.926410408759
4721155,1,2,0,24,4,8e+05,1,72,5,4,1,202.60485796209
4721156,1,3,0,25,1,1625000,1,45,6,4,0,233.715050398138
4721157,1,1,1,31,1,1160877.625,1,54,5,3,1,201.011989042344
4721158,1,1,0,26,1,7e+05,1,70,3,2,1,271.378707021665
4721158,1,2,1,30,1,9e+05,1,63,3,2,1,271.378707021665
4721160,1,2,0,34,1,1e+07,1,48,6,5,0,240.637319694047
4721160,1,3,1,26,1,2325000,1,48,6,5,0,240.637319694047
4721161,1,1,1,51,1,1418211,1,48,5,5,0,231.705036333946
4721161,1,2,0,47,4,2e+06,1,48,6,1,0,231.705036333946
4721162,1,3,1,34,4,1200000,1,40,5,1,1,202.018156528193
4721163,1,2,0,51,1,2608333.25,1,36,6,5,0,175.438029936093
4721164,1,1,0,34,4,4e+05,1,20,5,1,1,287.619682150903
4721165,1,1,0,53,1,6e+05,1,18,3,2,1,178.432552604547
4721165,1,2,1,52,4,1500000,1,72,3,1,1,178.432552604547
4721165,1,3,1,34,1,9e+05,1,60,5,2,1,178.432552604547
4721165,1,4,0,26,5,1200000,1,72,6,2,1,178.432552604547
4721165,1,6,1,29,1,2381000,1,40,6,4,0,178.432552604547
4721167,1,1,1,59,1,1063211,1,50,5,3,0,205.051509668464
4721167,1,2,0,54,1,1037211,1,40,5,5,0,205.051509668464
4721167,1,3,1,34,1,2e+06,1,48,6,5,0,205.051509668464
4721169,1,1,1,32,4,1500000,1,48,6,1,0,198.491937262587
4721169,1,2,0,28,1,430000,1,36,5,4,0,198.491937262587
4721170,1,1,0,43,4,4500000,1,40,6,5,0,202.60485796209
4721171,1,1,0,58,4,4e+05,1,25,5,1,1,269.300860423721
4721171,1,2,0,31,1,2566666.5,1,43,6,5,0,269.300860423721
4721171,1,3,0,25,1,846345.5,1,55,6,5,0,269.300860423721
4721171,1,4,1,20,1,781242,1,48,5,5,0,269.300860423721
4721172,1,1,1,40,5,3e+06,1,60,3,2,1,170.907964092144
4721172,1,2,0,34,1,1e+06,1,60,3,2,1,170.907964092144
4721172,1,3,0,19,1,869453,1,48,5,3,1,170.907964092144
4721173,1,1,1,46,4,5e+05,1,70,4,2,0,271.340350109206
4721173,1,3,0,18,1,781242,1,40,5,5,1,271.340350109206
4721174,1,1,1,45,1,2481333.25,1,50,6,5,0,155.965346711951
4721174,1,2,0,47,4,4e+05,1,53,5,1,0,155.965346711951
4721174,1,3,0,19,1,781242,1,48,5,5,1,155.965346711951
4721176,1,2,1,50,1,1400000,1,40,5,4,0,243.157371473805
4721177,1,2,1,25,1,2566666.75,1,48,6,5,0,243.157371473805
4721179,1,1,1,53,1,5416666.5,1,60,6,4,0,216.762418953753
4721180,1,1,1,64,4,1200000,1,30,5,1,1,241.054464838493
4721180,1,3,1,31,4,6e+05,1,30,6,1,1,241.054464838493
4721180,1,4,0,29,1,1656000,1,48,5,2,0,241.054464838493
4721181,1,1,1,54,4,7e+05,1,48,4,1,1,219.28247073351
4721182,1,1,1,43,1,1652200,1,48,6,5,0,246.64765371414
4721182,1,2,0,43,1,1166244.375,1,36,6,5,0,246.64765371414
4721182,1,3,1,22,1,1684877.625,1,48,6,5,0,246.64765371414
4721183,1,2,1,50,1,1379877.625,1,48,5,5,0,226.916396344567
4721184,1,1,1,33,1,5416666.5,1,48,6,5,0,328.809558040035
4721185,1,1,1,35,1,10833333,1,48,6,5,0,216.762418953753
4721185,1,2,0,33,1,9333334,1,48,6,5,0,216.762418953753
4721186,1,1,1,32,1,1751544.375,1,60,6,2,0,228.890473383488
4721186,1,2,0,31,1,8e+05,1,40,5,2,1,228.890473383488
4721187,1,1,1,36,1,4333333.5,1,60,6,5,0,219.28247073351
4721188,1,1,1,39,1,954877.6875,1,72,3,3,0,241.313038983924
4721188,1,2,0,40,1,916119.6875,1,48,5,5,0,241.313038983924
4721188,1,5,1,18,1,781242,1,50,5,5,1,241.313038983924
4721189,1,1,1,51,5,1200000,1,48,5,2,0,186.363882832852
4721189,1,2,0,50,4,9e+05,1,48,5,5,1,186.363882832852
4721190,1,1,1,34,1,1598211,1,84,5,4,0,241.018527813223
4721190,1,2,0,29,1,4e+05,1,12,5,2,1,241.018527813223
4721191,1,1,1,39,5,4e+06,1,60,6,2,0,213.43455464278
4721191,1,2,0,39,1,8e+05,1,30,6,2,1,213.43455464278
4721191,1,3,1,21,1,8e+05,1,18,6,2,1,213.43455464278
4721192,1,1,0,65,4,1200000,1,40,6,1,1,259.398346603042
4721193,1,1,1,31,1,5171544.5,1,45,6,5,0,216.762418953753
4721193,1,2,0,30,2,4204877.5,1,45,6,5,0,216.762418953753
4721194,1,1,0,43,1,3213333.25,1,72,6,4,0,262.888628843377
4721194,1,2,1,20,1,320000,1,16,6,3,1,262.888628843377
4721195,1,1,1,30,4,1500000,1,30,5,1,1,217.984112984466
4721195,1,2,1,30,4,1500000,1,30,6,1,1,217.984112984466
4721195,1,3,1,20,4,1300000,1,30,5,1,1,217.984112984466
4721196,1,1,0,40,1,1713211,1,48,6,4,0,231.705036333946
4721197,1,2,0,44,1,866666.6875,1,45,5,2,0,201.306500213045
4721198,1,1,1,49,5,2e+06,1,48,5,2,1,289.135887352317
4721199,1,1,1,39,5,1500000,1,48,3,2,1,217.179564098199
4721199,1,4,1,63,4,9e+05,1,42,1,1,1,217.179564098199
4721200,1,1,0,57,4,480000,1,24,6,1,1,226.916396344567
4721200,1,2,1,41,4,625000,1,60,6,4,1,226.916396344567
4721202,1,2,0,30,1,967786.3125,1,48,5,5,0,264.855071641058
4721202,1,3,1,30,1,3e+05,1,36,5,2,1,264.855071641058
4721205,1,2,0,54,3,868742,1,48,3,1,0,256.878294823285
4721206,1,1,1,31,1,1242544.375,1,48,5,5,0,228.890473383488
4721207,1,1,1,41,4,1e+06,1,35,6,2,1,198.453580350128
4721208,1,1,0,56,5,480000,1,60,3,2,1,262.630054697947
4721208,1,2,1,24,1,994556.5,1,60,5,5,0,262.630054697947
4721209,1,1,0,31,4,1600000,1,45,6,3,0,233.003394082991
4721210,1,1,1,33,1,4333333.5,1,48,6,4,0,203.041495604273
4721210,1,2,1,31,1,2600000,1,48,6,5,0,203.041495604273
4721211,1,1,1,39,4,780000,1,25,6,1,1,186.363882832852
4721211,1,2,0,41,1,1031000,1,45,6,3,0,186.363882832852
4721213,1,1,0,53,1,932744.6875,1,48,5,4,0,236.235102177895
4721213,1,3,1,21,1,4e+05,1,24,5,5,0,236.235102177895
4721214,1,1,1,49,4,850000,1,48,6,1,1,219.28247073351
4721215,1,1,1,30,2,6e+06,1,40,6,5,0,191.330586318984
4721215,1,2,1,56,4,1400000,1,40,6,5,0,191.330586318984
4721215,1,3,1,54,2,4725000,1,40,6,5,0,191.330586318984
4721216,1,1,1,31,1,4184250,1,45,6,5,0,219.28247073351
4721218,1,1,1,47,1,1538211,1,72,3,4,0,201.306500213045
4721218,1,4,0,23,4,7e+05,1,72,6,2,1,201.306500213045
4721219,1,1,1,21,1,1158211,1,48,5,4,0,241.803584201753
4721219,1,2,0,32,1,5e+05,1,60,4,2,1,241.803584201753
4721220,1,1,0,29,1,1025744.6875,1,48,5,3,0,313.866940659842
4721220,1,2,1,31,1,996453,1,48,5,4,0,313.866940659842
4721222,1,1,0,28,1,967453,1,54,3,3,0,299.747736580637
4721223,1,1,1,50,4,2e+05,1,20,3,2,1,203.041495604273
4721223,1,2,1,25,4,4e+05,1,24,4,1,1,203.041495604273
4721224,1,1,0,57,4,3e+05,1,56,6,1,1,255.700151160797
4721224,1,2,1,57,4,8e+05,1,70,5,1,1,255.700151160797
4721224,1,3,1,30,1,1073075.375,1,48,5,5,0,255.700151160797
4721226,1,1,1,60,4,2e+05,1,48,5,2,1,221.292484797702
4721227,1,2,0,45,1,1616666.625,1,48,6,4,0,271.820912203478
4721228,1,1,1,35,1,8e+05,1,48,3,2,1,243.794733851222
4721228,1,2,0,30,4,33333.33203125,1,48,5,1,1,243.794733851222
4721229,1,1,0,48,3,493333.34375,1,21,3,1,1,216.762418953753
4721231,1,1,1,79,4,1e+05,1,72,3,1,1,278.425931198824
4721231,1,4,1,39,4,1500000,1,58,5,2,1,278.425931198824
4721231,1,5,1,19,1,1050000,1,49,6,2,1,278.425931198824
4721231,1,6,1,31,1,1279877.625,1,48,5,4,0,278.425931198824
4721231,1,7,0,33,1,959943,1,48,3,5,0,278.425931198824
4721231,1,8,0,28,1,962453,1,48,4,5,0,278.425931198824
4721232,1,1,1,49,4,350000,1,60,4,1,1,203.041495604273
4721232,1,2,1,53,4,350000,1,63,4,1,1,203.041495604273
4721233,1,3,0,51,4,1800000,1,72,5,5,1,253.771541609631
4721233,1,4,0,49,4,1800000,1,72,4,5,0,253.771541609631
4721233,1,5,1,51,4,3500000,1,48,5,1,1,253.771541609631
4721233,1,6,1,24,1,1408333.375,1,48,6,5,0,253.771541609631
4721233,1,8,0,32,1,1200000,1,40,6,5,0,253.771541609631
4721234,1,5,1,32,4,4e+06,1,65,6,5,0,243.610453643521
4721235,1,3,1,47,1,3250000,1,48,6,5,0,246.389079568709
4721235,1,4,1,23,1,781242,1,48,6,2,1,246.389079568709
4721237,1,1,1,49,4,4e+06,1,48,6,1,0,216.762418953753
4721237,1,2,0,34,1,1400000,1,60,6,5,0,216.762418953753
4721238,1,2,1,60,4,3500000,1,20,6,1,0,245.167385537996
4721238,1,3,0,29,4,2300000,1,24,6,5,0,245.167385537996
4721239,1,1,1,30,1,750000,1,48,4,2,1,301.738886230107
4721240,1,2,0,36,1,8125000,1,40,6,5,0,271.378707021665
4721241,1,3,0,31,4,9e+05,1,40,5,1,0,273.388721085857
4721242,1,3,0,36,4,4e+06,1,6,6,1,1,287.655619176173
4721243,1,1,1,29,1,3009333.25,1,48,6,5,0,240.980170900764
4721243,1,2,0,30,1,2083333.375,1,48,6,5,0,240.980170900764
4721244,1,1,1,38,1,1570000,1,48,6,5,0,255.961145193416
4721244,1,2,0,43,1,1390000,1,48,6,5,0,255.961145193416
4721245,1,1,1,56,1,10666667,1,50,6,4,0,223.812536577459
4721246,1,1,0,44,1,8e+05,1,48,5,2,1,245.131448512726
4721247,1,1,1,33,2,1281666.625,1,105,5,5,0,259.629440823917
4721247,1,2,0,24,1,1161877.625,1,48,6,5,0,259.629440823917
4721247,1,5,1,58,1,911119.6875,1,56,3,5,0,259.629440823917
4721248,1,2,0,46,4,2e+05,1,40,6,1,1,243.833090763681
4721249,1,1,1,62,4,5e+05,1,24,6,1,0,247.687437317754
4721249,1,2,0,59,4,3e+05,1,25,4,1,1,247.687437317754
4721250,1,1,1,58,4,2500000,1,48,5,1,1,246.389079568709
4721250,1,3,1,29,4,5e+06,1,72,6,3,1,246.389079568709
4721250,1,4,1,22,4,5e+06,1,40,6,2,1,246.389079568709
4721251,1,3,0,23,1,4e+05,1,12,6,5,1,172.623466985635
4721255,1,1,1,60,4,1200000,1,72,5,1,1,223.812536577459
4721256,1,1,1,40,4,1200000,1,37,4,2,1,627.733881319683
4721256,1,2,0,34,1,1786544.375,1,45,6,4,0,627.733881319683
4721257,1,2,0,33,4,3300000,1,48,6,5,0,269.00634925302
4721258,1,1,0,51,1,829166.6875,1,84,6,2,1,217.547475342283
4721259,1,1,1,41,1,5200000,1,60,6,5,0,168.093401141686
4721259,1,2,0,36,4,6e+05,1,48,6,1,1,168.093401141686
4721261,1,1,1,42,4,1.5e+07,1,60,6,1,0,200.521443824515
4721261,1,2,0,40,1,6500000,1,40,6,5,0,200.521443824515
4721261,1,3,1,30,1,4250000,1,40,6,5,0,200.521443824515
4721262,1,1,1,24,1,1309877.625,1,48,5,2,0,262.555760760217
4721263,1,1,0,61,1,869453,1,48,3,5,0,245.167385537996
4721263,1,2,1,64,1,1e+06,1,40,3,2,0,245.167385537996
4721263,1,3,0,26,1,1188211,1,40,6,4,0,245.167385537996
4721264,1,1,1,52,2,3150000,1,55,5,5,0,281.974889594292
4721264,1,2,0,60,1,2e+05,1,8,4,2,1,281.974889594292
4721264,1,3,0,58,4,1100000,1,40,4,1,1,281.974889594292
4721264,1,4,1,23,1,1384044.375,1,48,6,5,0,281.974889594292
4721265,1,1,1,40,1,4333333.5,1,48,6,5,0,198.491937262587
4721266,1,1,0,32,3,864408.6875,1,48,3,1,0,245.131448512726
4721268,1,1,1,31,1,1480000,1,48,3,5,0,219.28247073351
4721269,1,1,0,40,4,1500000,1,63,6,1,0,186.363882832852
4721269,1,2,1,39,1,1300000,1,45,6,4,0,186.363882832852
4721271,1,1,1,51,1,1140000,1,48,4,2,1,219.28247073351
4721274,1,1,1,51,1,10941667,1,40,6,5,0,186.363882832852
4721274,1,2,0,48,4,4e+06,1,40,6,4,0,186.363882832852
4721275,1,1,1,30,1,984877.6875,1,54,4,3,0,205.051509668464
4721275,1,2,0,25,1,902786.3125,1,48,5,4,0,205.051509668464
4721276,1,1,0,50,1,1871666.625,1,55,6,5,0,217.547475342283
4721276,1,2,1,24,1,1950000,1,48,6,4,0,217.547475342283
4721277,1,1,1,43,1,7808333,1,59,6,4,0,271.378707021665
4721277,1,2,0,42,1,1.2e+07,1,50,6,5,0,271.378707021665
4721278,1,1,1,37,1,1369877.625,1,50,6,5,0,243.794733851222
4721278,1,2,0,39,1,731666.6875,1,35,6,5,0,243.794733851222
4721279,1,1,1,53,1,2488211,1,48,6,5,0,243.157371473805
4721284,1,2,1,39,1,1950000,1,48,6,3,0,243.157371473805
4721285,1,1,1,61,1,7041666.5,1,44,6,4,0,231.446462188516
4721285,1,2,0,56,4,6e+05,1,6,5,1,1,231.446462188516
4721285,1,3,1,29,4,2e+06,1,35,6,2,1,231.446462188516
4721286,1,1,1,44,1,1.5e+07,1,65,6,4,0,201.306500213045
4721286,1,2,0,43,1,7500000,1,40,6,2,0,201.306500213045
4721288,1,1,1,54,4,8e+05,1,65,4,2,1,219.28247073351
4721289,1,1,1,55,4,1500000,1,50,4,1,1,236.235102177895
4721290,1,4,1,32,1,2166666.75,1,48,6,5,0,209.357570968548
4721290,1,5,0,36,4,8e+05,1,40,6,1,1,209.357570968548
4721290,1,6,1,39,4,1e+06,1,40,6,1,1,209.357570968548
4721292,1,2,0,52,4,2e+06,1,12,6,1,0,233.715050398138
4721293,1,1,0,58,1,1388211,1,48,6,5,0,259.398346603042
4721294,1,1,1,34,1,1e+07,1,48,6,5,0,216.762418953753
4721294,1,2,0,33,1,1e+07,1,80,6,5,0,216.762418953753
4721295,1,1,1,35,2,3350000,1,40,6,5,0,216.762418953753
4721295,1,2,0,33,1,1954877.625,1,42,6,5,0,216.762418953753
4721298,1,1,1,28,1,3283333.25,1,90,6,5,0,216.762418953753
4721298,1,2,0,29,1,1366666.625,1,33,6,5,0,216.762418953753
4721302,1,1,1,37,4,8e+05,1,48,3,1,1,219.28247073351
4721303,1,1,1,46,1,781242,1,50,3,2,1,231.705036333946
4721304,1,1,1,41,5,6e+06,1,60,4,2,1,203.041495604273
4721304,1,2,1,30,1,7e+05,1,60,6,2,1,203.041495604273
4721305,1,1,1,67,1,7e+05,1,20,4,2,1,212.10162729217
4721305,1,2,1,62,1,7e+05,1,63,4,4,1,212.10162729217
4721306,1,1,1,43,4,1600000,1,14,5,1,0,228.852116471029
4721307,1,1,1,51,1,1496544.375,1,48,5,5,0,183.036018521879
4721307,1,3,0,24,1,987484,1,66,6,5,0,183.036018521879
4721307,1,5,1,22,1,899453,1,48,5,5,0,183.036018521879
4721308,1,1,1,50,1,6500000,1,50,6,5,0,231.705036333946
4721309,1,1,1,34,1,8666667,1,40,6,5,0,219.28247073351
4721310,1,1,1,70,5,2e+06,1,36,6,2,0,247.687437317754
4721311,1,2,0,52,4,1200000,1,60,6,5,0,226.479758702384
4721311,1,3,0,23,1,120000,1,8,6,2,1,226.479758702384
4721313,1,1,1,61,4,2e+06,1,60,6,1,1,221.292484797702
4721313,1,2,0,42,3,2e+05,1,70,1,1,1,221.292484797702
4721335,1,2,1,44,1,1625000,1,48,6,5,0,188.810534539227
4724268,1,1,1,60,2,3500000,1,40,6,5,0,246.389079568709
4724268,1,3,1,28,1,2166666.75,1,65,6,4,0,246.389079568709
4724268,1,4,1,22,1,2e+05,1,24,6,3,1,246.389079568709
4724270,1,2,0,66,4,9e+05,1,4,6,1,0,231.446462188516
4724273,1,1,1,24,1,1588211,1,35,6,2,0,250.466063242941
4726614,1,1,1,28,4,7e+05,1,40,5,5,0,542.75741404333
4726615,1,1,0,57,4,2e+06,1,20,6,4,1,274.340963983236
4726615,1,2,1,22,4,1e+05,1,4,6,3,1,274.340963983236
4726616,1,1,1,72,4,5e+05,1,70,3,2,1,247.687437317754
4728893,1,1,0,48,1,869453,1,48,5,5,0,525.777257686755
4728894,1,2,0,46,4,2700000,1,48,6,5,0,217.179564098199
4728894,1,4,1,34,1,5416666.5,1,48,6,5,0,217.179564098199
4728895,1,1,1,22,1,1220000,1,38,4,2,1,250.466063242941
4728896,1,1,0,63,1,931953,1,48,3,5,0,243.942427862335
4728896,1,2,1,24,4,8e+05,1,20,6,1,1,243.942427862335
4728898,1,2,0,57,1,4875000,1,48,6,4,0,217.288901196853
4728899,1,2,0,63,4,60000,1,16,3,1,1,231.446462188516
4728899,1,3,1,39,1,1376666.75,1,60,5,5,0,231.446462188516
4728900,1,3,0,25,1,898619.6875,1,48,6,5,0,214.768849417095
4728900,1,4,0,20,1,869453,1,48,5,4,0,214.768849417095
4728901,1,1,1,55,2,1691666.625,1,40,5,5,0,205.836566056994
4728901,1,2,0,44,2,4075000,1,30,6,5,0,205.836566056994
4728902,1,1,0,49,4,9e+05,1,40,4,2,1,226.479758702384
4728902,1,3,0,57,4,9e+05,1,40,4,1,1,226.479758702384
4728904,1,2,0,54,1,7658333.5,1,45,6,5,0,209.728745857581
4728904,1,3,0,49,1,4333333.5,1,40,6,5,0,209.728745857581
4728904,1,4,1,55,4,2e+06,1,70,5,1,0,209.728745857581
4728904,1,5,0,54,1,1484211,1,55,6,4,0,209.728745857581
4728905,1,1,0,32,1,890000,1,60,6,2,1,217.547475342283
4728906,1,1,1,22,1,6030000,1,64,6,3,1,305.376862481554
4728906,1,4,1,18,1,1166666.625,1,60,4,2,1,305.376862481554
4728907,1,2,1,51,5,250000,1,10,6,2,0,243.574516618251
4728907,1,3,1,55,4,8e+05,1,36,5,1,1,243.574516618251
4728908,1,1,1,27,1,3250000,1,60,6,2,0,219.28247073351
4728910,1,1,0,54,4,7e+05,1,40,4,1,1,231.705036333946
4728910,1,2,1,22,1,938211,1,48,6,5,0,231.705036333946
4728910,1,3,1,32,4,1200000,1,63,5,1,0,231.705036333946
4728911,1,1,1,39,1,1073211,1,58,5,5,0,219.28247073351
4728912,1,1,1,40,1,2350000,1,55,6,3,0,267.707991503976
4728912,1,2,0,44,1,5e+05,1,50,6,3,1,267.707991503976
4728913,1,1,1,25,4,1e+06,1,70,5,1,1,273.860401888963
4728914,1,1,1,38,1,1033211,1,48,5,5,0,228.890473383488
4728914,1,2,0,32,1,1531000,1,48,6,5,0,228.890473383488
4728915,1,1,1,39,1,1e+07,1,48,6,4,0,228.890473383488
4728916,1,1,0,75,4,4e+05,1,10,6,4,1,259.398346603042
4728918,1,2,1,40,4,4e+06,1,40,6,2,1,243.157371473805
4728919,1,1,0,64,3,1132500,1,48,3,2,0,279.121969731375
4728919,1,2,1,26,1,2283333.25,1,40,6,5,0,279.121969731375
4728919,1,3,0,24,1,877786.3125,1,38,5,5,0,279.121969731375
4728920,1,2,0,42,5,4e+06,1,48,6,2,0,259.25065259193
4728921,1,1,1,47,1,927786.3125,1,48,3,4,0,210.238783573146
4728921,1,2,0,45,1,839575.3125,1,48,5,5,0,210.238783573146
4728923,1,1,0,57,4,2e+05,1,18,3,1,1,226.916396344567
4728923,1,3,1,32,1,1411666.625,1,48,6,5,0,226.916396344567
4728924,1,1,0,24,1,901453,1,48,6,5,0,231.372168250786
4728924,1,2,1,30,1,913353,1,48,5,4,0,231.372168250786
4728925,1,2,0,46,3,1171544.375,1,48,5,1,0,205.836566056994
4728925,1,3,0,23,1,869453,1,48,5,2,1,205.836566056994
4728925,1,4,1,24,1,1171544.375,1,48,6,5,0,205.836566056994
4728929,1,1,0,49,4,750000,1,40,3,1,1,155.965346711951
4728929,1,3,1,28,1,2366666.75,1,48,6,5,0,155.965346711951
4728929,1,4,0,20,1,869453,1,55,6,5,0,155.965346711951
4728932,1,1,1,43,4,1.5e+07,1,48,6,1,0,216.762418953753
4728933,1,1,1,44,4,7e+05,1,48,3,1,1,198.491937262587
4728934,1,2,0,52,4,2e+05,1,48,3,1,1,216.762418953753
4728935,1,1,1,24,4,6e+05,1,48,5,1,1,217.547475342283
4728935,1,3,0,48,4,6e+05,1,48,3,1,1,217.547475342283
4728936,1,1,0,59,4,1e+05,1,46,6,1,0,259.398346603042
4728938,1,1,1,28,1,2003044.375,1,48,6,5,0,216.762418953753
4728939,1,1,1,35,1,1.8e+07,1,48,6,5,0,216.762418953753
4728939,1,2,0,34,4,5600000,1,48,6,4,1,216.762418953753
4728946,1,1,1,57,4,1e+06,1,77,3,1,1,247.687437317754
4728949,1,1,0,64,3,2e+05,1,15,6,1,1,226.916396344567
4728949,1,2,1,25,4,1e+05,1,20,5,1,1,226.916396344567
4728950,1,3,1,49,4,850000,1,108,4,1,1,226.916396344567
4728951,1,1,1,64,5,1800000,1,49,4,2,1,247.687437317754
4728953,1,2,0,38,1,120000,1,39,4,3,1,216.762418953753
4728954,1,1,0,75,4,1e+05,1,15,3,1,1,231.446462188516
4728954,1,2,1,74,4,120000,1,18,3,1,1,231.446462188516
4728954,1,3,1,41,4,150000,1,30,1,1,1,231.446462188516
4728957,1,1,1,36,1,2038211,1,48,6,5,0,212.758835352904
4728958,1,1,1,26,1,1168211,1,72,5,4,0,231.372168250786
4728959,1,1,0,26,5,8e+05,1,13,6,2,1,172.206321841189
4728960,1,2,0,55,1,3375000,1,48,6,5,0,217.288901196853
4728961,1,1,0,42,4,7e+05,1,30,3,1,1,187.148939221382
4728961,1,2,1,23,4,6e+05,1,25,6,1,1,187.148939221382
4728961,1,3,0,21,1,847908.6875,1,58,6,4,1,187.148939221382
4728963,1,1,0,30,1,3550000,1,48,6,5,0,216.762418953753
4728963,1,2,1,33,4,1200000,1,35,6,2,1,216.762418953753
4728964,1,1,0,29,1,888211,1,48,6,5,0,202.60485796209
4728965,1,1,1,60,4,8e+05,1,48,5,1,1,219.735552903227
4728965,1,2,0,56,4,1e+06,1,50,5,1,0,219.735552903227
4728965,1,3,1,31,2,2333333.5,1,60,6,5,0,219.735552903227
4728966,1,1,1,33,1,2950000,1,53,5,5,0,198.491937262587
4728966,1,2,0,36,1,3250000,1,42,6,5,0,198.491937262587
4728967,1,1,1,61,1,869453,1,48,6,2,0,190.893948676801
4728967,1,2,0,54,3,8e+05,1,40,6,1,1,190.893948676801
4728968,1,2,1,19,1,1100000,1,91,5,2,1,229.675529772018
4728968,1,4,0,25,1,840000,1,60,6,4,1,229.675529772018
4728969,1,1,1,30,2,3071666.5,1,60,6,5,0,243.833090763681
4728969,1,2,0,34,2,4655000,1,50,6,5,0,243.833090763681
4728969,1,4,1,23,1,975000,1,48,6,4,0,243.833090763681
4728970,1,1,1,39,4,5e+05,1,70,5,2,1,200.521443824515
4728973,1,2,1,44,4,8e+05,1,40,3,1,1,226.916396344567
4728973,1,3,1,43,4,850000,1,40,3,1,1,226.916396344567
4728974,1,1,1,61,2,3771666.5,1,30,6,4,0,247.687437317754
4728974,1,2,0,64,2,3841666.5,1,30,6,5,0,247.687437317754
4728975,1,1,1,40,1,2650000,1,40,6,5,0,216.762418953753
4728976,1,1,0,31,1,2925000,1,40,6,5,0,216.762418953753
4728977,1,1,0,27,1,2e+06,1,48,6,4,1,272.971575941411
4728977,1,3,0,26,4,950000,1,48,6,5,0,272.971575941411
4728978,1,1,0,30,1,6817500,1,50,6,3,0,233.003394082991
4728979,1,1,0,30,4,5300000,1,40,6,5,0,233.003394082991
4728980,1,1,1,28,1,1179377.625,1,48,5,5,0,271.378707021665
4728980,1,2,0,28,3,7e+05,1,50,6,2,1,271.378707021665
4728981,1,1,1,37,1,1025244.6875,1,48,5,3,0,258.775708143874
4728981,1,2,0,31,1,60000,1,6,5,2,1,258.775708143874
4728982,1,1,1,40,1,3400000,1,48,5,5,0,214.242367173996
4728982,1,2,0,35,1,975000,1,48,6,2,0,214.242367173996
4728982,1,3,0,35,1,2600000,1,48,6,5,0,214.242367173996
4728983,1,1,1,43,4,3e+06,1,35,6,1,0,234.225088113704
4728983,2,1,1,21,1,1259044.375,1,48,5,4,0,234.225088113704
4728985,1,3,1,30,1,839575.3125,1,48,6,4,0,201.047926067615
4728986,1,1,0,30,1,4550000,1,55,6,5,0,233.003394082991
4728987,1,1,1,28,1,988211,1,40,6,3,0,216.762418953753
4728987,1,2,0,28,1,2100000,1,48,6,5,0,216.762418953753
4728988,1,1,1,47,2,7e+06,1,40,6,5,0,271.378707021665
4728988,1,2,0,40,1,6500000,1,40,6,5,0,271.378707021665
4728989,1,3,1,25,1,869453,1,48,6,5,0,231.446462188516
4728990,1,1,0,27,1,4850000,1,40,6,4,0,233.003394082991
4728991,1,1,0,54,1,934556.5,1,40,6,2,0,233.003394082991
4728992,1,2,0,19,1,7e+05,1,48,5,3,1,271.488044120318
4728993,1,1,1,28,1,988333.3125,1,72,5,2,1,271.378707021665
4728993,1,2,0,26,1,1110000,1,72,6,2,1,271.378707021665
4728994,1,1,0,70,3,2e+05,1,52,3,1,1,259.398346603042
4728995,1,1,0,53,2,7400000,1,50,6,5,0,233.003394082991
4728996,1,1,1,35,5,1e+06,1,108,6,2,1,219.28247073351
4728997,1,1,1,40,1,1100000,1,48,3,2,1,219.28247073351
4728998,1,1,0,40,5,6e+06,1,65,6,2,1,247.946011463184
4729000,1,1,0,41,3,966666.6875,1,32,4,1,0,215.027423562526
4729000,1,2,0,23,1,3e+05,1,48,5,2,1,215.027423562526
4729000,1,3,1,20,1,900286.3125,1,48,6,5,0,215.027423562526
4729002,1,2,0,40,5,1600000,1,60,6,2,1,243.833090763681
4729003,1,1,1,41,5,1e+06,1,60,6,2,0,219.28247073351
4729004,1,1,0,49,4,360000,1,30,1,1,1,229.675529772018
4729004,1,2,1,21,4,6e+05,1,60,3,3,1,229.675529772018
4729004,1,3,0,20,1,460000,1,70,4,3,1,229.675529772018
4729006,1,1,1,55,1,869453,1,48,3,4,0,160.4954125559
4729006,1,2,0,51,4,220000,1,48,3,1,1,160.4954125559
4729006,1,3,0,20,1,4e+05,1,48,5,2,1,160.4954125559
4729007,1,1,1,57,1,1250000,1,72,6,2,1,233.382182314978
4729008,1,2,0,59,1,1090166.625,1,48,5,3,0,201.832982456145
4729008,1,3,0,21,1,902786.3125,1,48,6,4,0,201.832982456145
4729008,1,5,0,20,1,869453,1,40,6,5,1,201.832982456145
4729009,1,2,0,75,4,4e+05,1,40,4,1,1,231.446462188516
4729011,1,3,1,33,2,3441666.5,1,30,6,5,0,215.205487059278
4729011,1,4,1,28,1,2708333.25,1,45,6,5,0,215.205487059278
4729012,1,2,1,45,1,7e+05,1,40,4,2,1,241.85901372476
4729012,1,3,1,44,1,1200000,1,66,4,2,1,241.85901372476
4729013,1,1,1,30,1,931453,1,48,5,5,0,213.140043472079
4729014,1,1,0,39,1,1469453,1,70,5,2,1,305.376862481554
4729016,1,2,0,32,4,650000,1,30,6,1,1,243.833090763681
4729017,1,1,1,23,4,8e+05,1,45,4,1,1,305.043994398394
4729019,1,3,1,30,1,1625000,1,48,6,5,0,219.994127048658
4729019,1,4,1,20,1,180000,1,18,5,4,1,219.994127048658
4729020,1,1,1,19,1,8e+05,1,36,5,5,1,250.466063242941
4729021,1,1,1,47,1,979453,1,48,3,5,0,185.065525083808
4729021,1,2,0,48,1,899453,1,48,3,3,0,185.065525083808
4729021,1,3,1,26,1,781242,1,48,4,5,0,185.065525083808
4729023,1,2,0,49,4,4e+05,1,32,3,1,1,216.762418953753
4729024,1,1,0,26,1,1e+05,1,16,4,2,1,245.131448512726
4729025,1,1,1,46,1,932453,1,48,3,4,0,301.738886230107
4729025,1,2,0,44,1,282500,1,48,5,5,0,301.738886230107
4729026,1,1,0,52,4,5e+05,1,77,3,1,1,230.483342303234
4729026,1,2,0,30,1,1187500,1,45,6,4,0,230.483342303234
4729027,1,1,0,48,4,650000,1,48,3,1,1,217.547475342283
4729027,1,2,0,22,1,839575.3125,1,48,6,5,0,217.547475342283
4729028,1,1,1,76,4,450000,1,75,3,2,1,247.687437317754
4729029,1,3,0,44,3,3e+05,1,45,3,1,1,313.010788092611
4729029,1,4,1,24,1,781242,1,40,6,5,1,313.010788092611
4729030,1,1,0,70,4,8000,1,66,3,1,0,250.354659442678
4729031,1,1,1,58,4,5e+05,1,40,3,2,1,245.167385537996
4729031,1,2,0,56,4,320000,1,16,3,1,1,245.167385537996
4729032,1,1,1,22,1,840000,1,48,4,2,1,262.555760760217
4729032,1,2,0,24,1,5e+05,1,63,4,2,1,262.555760760217
4729033,1,1,0,38,1,921953,1,48,3,5,0,187.148939221382
4729033,1,2,1,20,1,2e+05,1,18,4,2,1,187.148939221382
4729035,1,1,1,39,1,1344903.5,1,54,6,5,0,271.378707021665
4729035,1,2,0,38,1,1143133.375,1,42,6,5,0,271.378707021665
4729036,1,1,1,46,1,1200000,1,70,5,2,1,215.169550034007
4729036,1,2,1,27,4,1e+06,1,65,5,1,1,215.169550034007
4729037,1,1,1,43,1,1e+06,1,48,4,3,1,153.931482535154
4729037,1,4,1,24,1,891666.6875,1,48,5,3,1,153.931482535154
4729038,1,1,1,47,1,781242,1,40,4,2,1,186.363882832852
4729038,1,2,0,40,1,966119.6875,1,48,3,5,0,186.363882832852
4729041,1,1,1,29,1,1350000,1,60,6,3,1,154.248112167191
4729042,1,1,0,43,4,5e+05,1,30,3,1,1,229.675529772018
4729042,1,2,1,22,1,954877.6875,1,48,6,4,0,229.675529772018
4729044,1,1,1,47,2,2304666.5,1,40,6,5,0,138.381040965481
4729045,1,1,0,41,1,781242,1,48,4,4,1,202.60485796209
4729046,1,1,0,40,1,8e+05,1,70,3,4,1,257.221146030002
4729048,1,2,0,31,1,3656000,1,48,6,5,0,243.833090763681
4729050,1,1,1,66,5,2e+06,1,40,4,2,1,171.530293311821
4729050,1,3,0,42,1,1001244.6875,1,48,4,4,0,171.530293311821
4729053,1,1,1,64,4,150000,1,24,3,1,1,149.208357718307
4729054,1,1,1,35,1,934556.5,1,60,5,5,0,183.036018521879
4729054,1,2,0,42,1,898483,1,48,5,4,0,183.036018521879
4729054,1,3,0,22,1,1261877.625,1,48,6,5,0,183.036018521879
4729055,1,1,0,38,1,900453,1,48,4,5,0,275.491627721168
4729057,1,2,1,32,4,6e+05,1,50,3,1,1,216.762418953753
4729058,1,2,0,39,1,1238333.375,1,48,6,4,0,269.00634925302
4729059,1,2,0,55,4,140000,1,18,3,1,1,144.859267464569
4729060,1,1,1,46,4,1200000,1,49,5,1,1,182.250962133349
4729061,1,1,1,34,5,3500000,1,48,4,2,1,219.28247073351
4729062,1,1,0,34,1,2043211,1,44,6,2,0,242.611396732969
4729062,1,3,0,34,1,1016076.3125,1,48,5,5,0,242.611396732969
4729063,1,1,0,36,3,4e+05,1,18,6,1,1,227.963290523477
4729063,1,2,0,27,4,9e+05,1,40,6,4,0,227.963290523477
4729064,1,1,0,42,4,7e+05,1,77,5,1,1,214.732912391825
4729065,1,1,1,25,4,4e+05,1,48,3,1,1,172.83376839462
4729065,1,2,0,25,1,899453,1,48,5,5,0,172.83376839462
4729066,1,1,0,38,4,2700000,1,66,6,1,0,233.003394082991
4729067,1,2,0,64,4,50000,1,3,4,1,1,247.687437317754
4729068,1,1,0,24,4,1700000,1,45,6,5,0,205.124909741847
4729069,1,1,1,32,1,850000,1,50,5,3,0,188.883934612609
4729070,1,1,1,57,1,1166666.625,1,84,3,5,0,248.36315660763
4729070,1,2,0,52,3,1283333.375,1,48,3,2,0,248.36315660763
4729070,1,3,1,24,1,8e+05,1,48,5,5,0,248.36315660763
4729071,1,1,1,29,1,869453,1,48,5,4,0,216.762418953753
4729071,1,2,0,30,1,1093211,1,48,5,5,0,216.762418953753
4729072,1,1,1,29,1,8e+05,1,60,5,4,1,186.928198322466
4729072,1,2,0,27,1,965556.5,1,48,6,5,0,186.928198322466
4729072,1,6,0,64,1,869453,1,48,4,3,0,186.928198322466
4729072,1,7,0,19,1,8e+05,1,65,5,3,1,186.928198322466
4729072,1,8,0,51,1,869453,1,50,4,3,0,186.928198322466
4729073,1,1,1,46,5,1e+06,1,105,3,2,1,241.018527813223
4729074,1,1,1,33,1,841242,1,66,4,4,0,228.852116471029
4729074,1,2,0,34,1,1200000,1,70,4,3,1,228.852116471029
4729076,1,1,1,45,1,1331000,1,48,4,2,0,186.363882832852
4729077,1,1,1,45,5,6e+06,1,50,5,4,0,243.833090763681
4729078,1,1,0,32,1,959943,1,45,6,2,0,202.60485796209
4729079,1,1,1,26,1,1500000,1,48,5,4,0,188.883934612609
4729079,1,2,0,22,1,898619.6875,1,48,6,4,0,188.883934612609
4729080,1,1,1,37,2,1566666.625,1,66,5,5,0,168.093401141686
4729080,1,2,0,37,1,929453,1,48,5,5,0,168.093401141686
4729081,1,1,1,40,1,1100000,1,48,3,3,1,155.965346711951
4729081,1,2,0,40,1,781000,1,48,3,4,1,155.965346711951
4729081,1,3,0,20,1,781242,1,48,6,5,0,155.965346711951
4729082,1,1,1,38,1,1257666.625,1,48,5,5,0,216.762418953753
4729082,1,2,0,38,5,5e+05,1,48,4,2,0,216.762418953753
4729083,1,1,1,30,1,9e+05,1,78,5,2,1,228.890473383488
4729085,1,1,1,26,1,898619.6875,1,48,5,5,0,219.28247073351
4729087,1,1,1,25,1,804575.3125,1,60,5,5,0,216.762418953753
4729087,1,2,0,25,1,934556.5,1,60,5,5,0,216.762418953753
4729088,1,1,1,29,1,1088212,1,48,3,4,0,219.28247073351
4729089,1,1,1,36,1,896666.6875,1,48,3,4,0,259.25065259193
4729089,1,2,0,25,4,8e+05,1,40,3,1,1,259.25065259193
4729090,1,1,1,27,4,8e+05,1,60,5,1,1,188.883934612609
4729090,1,2,0,23,4,450000,1,50,5,1,1,188.883934612609
4729091,1,1,0,20,4,8e+05,1,50,6,3,1,205.124909741847
4729092,1,1,1,60,4,6e+05,1,60,3,1,1,223.812536577459
4729093,1,1,1,46,4,8e+05,1,65,4,2,1,234.225088113704
4729093,1,2,1,24,1,1279877.625,1,80,5,5,0,234.225088113704
4729094,1,1,1,36,4,9e+05,1,48,4,1,1,228.890473383488
4729094,1,2,0,36,4,4e+05,1,30,6,1,1,228.890473383488
4729095,1,1,1,38,4,1100000,1,40,6,1,0,219.28247073351
4729096,1,1,0,53,1,2162500,1,48,6,3,0,233.003394082991
4729097,1,2,0,57,3,560000,1,28,4,1,1,384.579707604907
4729097,1,3,1,23,4,1200000,1,18,6,4,0,384.579707604907
4729097,1,5,1,20,1,1200000,1,50,6,4,1,384.579707604907
4729097,1,10,0,30,1,1202544.375,1,40,6,5,0,384.579707604907
4729098,1,2,1,30,1,839575.3125,1,48,5,5,0,182.21260522089
4729098,1,3,1,29,4,781000,1,40,6,1,1,182.21260522089
4729098,1,4,0,21,1,927908.625,1,40,6,5,0,182.21260522089
4729099,1,1,0,37,1,869453,1,48,6,4,0,202.60485796209
4729099,1,2,0,21,1,1271544.375,1,48,6,5,0,202.60485796209
4729100,1,1,1,29,1,1216666.625,1,54,5,2,1,271.378707021665
4729100,1,2,0,33,4,60000,1,15,3,1,1,271.378707021665
4729101,1,2,1,29,1,2166666.75,1,48,6,5,0,246.622946862351
4729101,1,3,0,27,1,926666.6875,1,56,5,2,0,246.622946862351
4729101,1,6,0,24,1,1470000,1,48,5,5,0,246.622946862351
4729102,1,1,1,55,1,1383333.375,1,48,4,5,0,223.812536577459
4729103,1,1,1,43,1,1200000,1,72,3,3,1,219.28247073351
4729105,1,1,1,66,4,5e+05,1,70,3,1,1,221.292484797702
4729105,1,2,0,43,1,8e+05,1,48,3,2,1,221.292484797702
4729106,1,4,0,38,1,934453,1,48,5,5,0,234.383135446774
4729106,1,7,0,32,1,1004877.6875,1,45,5,4,0,234.383135446774
4729107,1,1,1,29,4,2400000,1,48,6,5,0,219.28247073351
4729108,1,1,1,40,1,1300000,1,60,3,4,0,219.28247073351
4729110,1,4,1,22,1,8e+05,1,50,5,2,1,158.659046594552
4729110,1,10,0,24,3,1e+05,1,18,4,1,1,158.659046594552
4729110,1,11,1,27,1,3e+05,1,24,5,2,1,158.659046594552
4729112,1,1,0,57,1,2166666.75,1,40,6,5,0,255.579937074241
4729112,1,3,0,27,1,1566666.625,1,48,6,5,0,255.579937074241
4729112,1,4,1,24,1,1833333.375,1,43,6,3,0,255.579937074241
4729113,1,1,1,27,1,2016666.625,1,60,6,5,0,200.521443824515
4729113,1,2,0,29,1,2e+06,1,48,6,5,0,200.521443824515
4729113,1,3,1,25,1,1790000,1,48,6,5,0,200.521443824515
4729114,1,1,1,33,1,1353312,1,40,6,5,0,203.041495604273
4729114,1,2,1,45,4,6e+05,1,96,6,1,0,203.041495604273
4729115,1,2,0,49,1,3141666.75,1,48,6,5,0,218.772433017945
4729116,1,1,1,43,4,1e+07,1,53,6,4,0,219.28247073351
4729117,1,1,1,39,1,934554,1,77,6,4,0,216.762418953753
4729117,1,2,0,34,1,934556.5,1,70,6,4,0,216.762418953753
4729119,1,1,0,46,4,3e+05,1,48,3,1,1,165.297340975457
4729121,1,1,1,36,1,1418211,1,48,6,5,0,228.890473383488
4729121,1,2,0,31,1,1201544.375,1,48,6,3,0,228.890473383488
4729122,1,1,1,35,4,1e+06,1,60,5,1,1,186.363882832852
4729122,1,2,0,38,1,920000,1,58,5,2,1,186.363882832852
4729123,1,1,0,53,3,935244.6875,1,54,5,2,0,228.926410408759
4729123,1,2,1,62,1,1100000,1,48,4,2,1,228.926410408759
4729123,1,3,1,28,1,1260000,1,60,5,3,1,228.926410408759
4729125,1,1,1,29,4,3e+06,1,60,6,1,0,203.041495604273
4729125,1,2,1,29,1,5101666.5,1,48,6,4,0,203.041495604273
4731337,1,2,1,23,1,1420000,1,60,5,2,0,260.03570898046
4731337,1,3,0,20,1,746666.6875,1,48,5,5,0,260.03570898046
4731339,1,1,1,50,1,962743,1,40,5,4,0,255.961145193416
4731339,1,2,0,33,4,2e+05,1,5,5,1,1,255.961145193416
4731340,1,1,1,53,4,1e+06,1,48,3,2,1,186.363882832852
4731340,1,2,0,52,1,1600000,1,40,4,4,0,186.363882832852
4731669,1,1,1,37,1,5600000,1,50,6,5,0,218.715258762655
4731670,1,1,0,64,4,5e+05,1,20,1,1,1,229.64388575148
4731671,1,1,0,56,1,866666.6875,1,48,4,3,0,218.715258762655
4733816,1,1,1,32,1,1692377.625,1,48,6,5,0,232.737021196809
4733816,1,2,0,26,1,1733333.375,1,72,6,4,0,232.737021196809
4733817,1,1,1,31,1,1200000,1,98,4,2,1,261.870799964012
4733817,1,2,0,38,1,9e+05,1,77,6,2,0,261.870799964012
4733818,1,1,0,29,3,975000,1,48,6,1,0,243.665648185634
4733819,1,1,1,43,1,934556.5,1,56,5,5,0,237.449671681848
4733820,1,1,0,49,1,869453,1,48,5,5,0,195.421159876617
4733820,1,2,1,54,1,2e+06,1,48,5,5,0,195.421159876617
4733820,1,3,0,22,1,917211,1,48,6,4,0,195.421159876617
4733821,1,1,0,41,1,1313333.375,1,48,3,5,0,158.105298556425
4733821,1,2,1,48,1,833333.3125,1,48,5,5,0,158.105298556425
4733822,1,1,1,47,4,2e+06,1,48,5,1,1,204.544954283552
4733822,1,2,0,47,3,574166.6875,1,24,4,1,0,204.544954283552
4733822,1,3,1,24,1,869453,1,40,6,5,0,204.544954283552
4733823,1,1,1,71,4,450000,1,50,3,1,1,293.464850572063
4733823,1,2,0,67,1,680000,1,40,3,2,1,293.464850572063
4733823,1,3,0,36,1,1551666.625,1,48,6,5,0,293.464850572063
4733824,1,1,0,21,1,869453,1,48,5,5,1,200.133810361656
4733824,1,2,1,31,1,781242,1,50,5,2,0,200.133810361656
4733825,1,1,0,44,1,2166666.75,1,48,6,3,0,204.544954283552
4733825,1,2,1,46,1,866666.6875,1,80,5,4,0,204.544954283552
4733825,1,3,1,21,1,1208333.375,1,48,6,3,0,204.544954283552
4733826,1,1,1,51,5,2500000,1,91,3,2,1,204.544954283552
4733826,1,2,0,45,4,6e+05,1,40,4,1,1,204.544954283552
4733826,1,3,1,20,1,781242,1,91,5,2,1,204.544954283552
4733827,1,2,0,22,1,869453,1,48,5,5,1,207.291498719388
4733827,1,3,1,23,1,8e+05,1,48,5,4,1,207.291498719388
4733827,1,5,1,21,1,954877.6875,1,60,5,3,1,207.291498719388
4733829,1,1,0,46,1,8e+05,1,60,1,3,1,292.054585589529
4733829,1,2,1,26,1,1200000,1,50,5,2,1,292.054585589529
4733829,1,3,1,21,1,869453,1,45,5,2,0,292.054585589529
4733829,2,2,0,23,1,924453,1,48,5,5,0,292.054585589529
4733831,1,1,1,53,4,8e+05,1,96,4,1,1,195.421159876617
4733832,1,2,0,44,3,172000,1,7,5,1,1,158.105298556425
4733834,1,1,1,40,1,869453,1,50,3,5,1,272.756989917344
4733835,1,1,1,39,1,1116877.625,1,48,6,3,0,261.870799964012
4733836,1,1,1,44,1,1310411,1,56,3,5,0,195.421159876617
4733837,1,1,0,70,4,5e+05,1,40,3,1,1,181.399397442463
4733838,1,3,1,62,4,220000,1,48,4,1,1,258.086134813322
4733838,1,4,0,54,4,3e+05,1,40,4,1,1,258.086134813322
4733844,1,1,1,32,4,4e+05,1,84,5,1,1,272.756989917344
4733844,1,2,0,32,1,560000,1,30,6,4,1,272.756989917344
4733846,1,2,0,35,1,1059166.625,1,48,6,3,0,221.321570102662
4733846,1,3,1,34,1,810000,1,48,6,5,0,221.321570102662
4733846,1,6,1,24,1,5e+05,1,60,6,3,1,221.321570102662
4733849,1,2,0,51,3,8e+05,1,40,3,1,1,222.927236638882
4733850,1,2,1,35,1,920000,1,48,5,2,1,288.964097555057
4733850,1,3,0,32,1,3e+05,1,48,5,2,1,288.964097555057
4733850,1,8,0,43,1,7e+05,1,50,5,2,1,288.964097555057
4733851,1,2,0,61,1,1083333.375,1,45,6,3,0,244.064372379168
4733852,1,1,0,55,1,936119.6875,1,48,5,5,0,187.615373946249
4733852,1,3,0,27,1,1625000,1,48,6,5,0,187.615373946249
4733854,1,1,1,34,4,4e+05,1,84,6,1,1,301.999063688915
4733854,1,2,0,38,1,3791666.75,1,48,6,5,0,301.999063688915
4733855,1,1,0,55,2,1196453,1,40,5,5,0,192.328024431289
4733856,1,1,1,64,4,6e+05,1,45,1,1,1,218.029268611664
4733857,1,1,1,47,1,840000,1,66,3,4,0,227.839053169591
4733857,1,2,0,57,3,946666.6875,1,66,3,1,0,227.839053169591
4733858,1,1,1,53,1,954877.6875,1,48,5,4,0,230.932188614919
4733858,1,2,0,52,1,856345.5,1,65,5,4,0,230.932188614919
4733858,1,3,1,26,1,1371544.375,1,48,6,5,0,230.932188614919
4733858,1,4,1,23,1,886119.6875,1,48,6,4,0,230.932188614919
4733859,1,1,1,57,1,1e+06,1,48,5,2,0,242.93722099915
4733861,1,1,1,60,4,2e+06,1,72,6,1,1,264.955748444113
4733862,1,1,1,83,5,2e+06,1,48,4,2,1,254.027121455288
4733862,1,2,1,31,1,5e+05,1,60,5,2,0,254.027121455288
4733863,1,2,0,66,1,869453,1,40,5,5,0,210.909472832288
4733865,1,1,1,32,4,8e+05,1,60,3,2,1,210.879767219159
4733865,1,2,0,47,4,3e+05,1,60,5,2,1,210.879767219159
4733865,1,3,1,46,4,8e+05,1,48,6,1,1,210.879767219159
4733865,1,4,1,37,4,1400000,1,49,6,1,1,210.879767219159
4733866,1,1,1,30,4,5e+05,1,48,5,1,1,232.737021196809
4733866,1,2,0,50,4,3e+05,1,60,4,1,1,232.737021196809
4733867,1,1,0,36,1,710000,1,78,6,4,1,332.937675038008
4733869,1,1,1,45,4,1e+06,1,55,6,1,1,195.421159876617
4733869,1,2,0,48,3,920833.3125,1,40,6,1,1,195.421159876617
4733869,1,3,0,22,1,1766666.625,1,48,6,4,0,195.421159876617
4733870,1,1,1,48,1,8e+05,1,60,5,2,1,303.27463512999
4733870,1,2,0,39,4,250000,1,60,5,1,1,303.27463512999
4733872,1,1,1,53,4,9e+05,1,84,5,1,1,232.737021196809
4733873,1,1,1,46,1,869453,1,48,6,5,0,178.115282916693
4733873,1,2,0,40,1,899453,1,48,5,5,0,178.115282916693
4733873,1,3,0,22,4,4e+05,1,5,6,3,1,178.115282916693
4733874,1,1,1,63,4,4e+05,1,48,3,1,1,260.243097959074
4733874,1,2,0,52,4,5e+05,1,48,3,1,1,260.243097959074
4733875,1,1,1,23,1,1402786.375,1,66,5,5,0,220.186231757416
4733877,1,1,1,41,1,862642,1,48,3,4,0,269.395852853762
4733877,1,2,0,19,1,9e+05,1,42,5,3,1,269.395852853762
4733879,1,1,0,52,4,1500000,1,70,3,2,1,232.051031045818
4733879,1,3,1,24,1,1088211,1,48,6,5,0,232.051031045818
4733880,1,3,1,55,4,1300000,1,55,6,3,1,189.302401003222
4733880,1,5,0,57,1,1002786.3125,1,54,6,4,0,189.302401003222
4733880,1,8,1,48,1,954556.5,1,54,5,4,0,189.302401003222
4733880,1,9,0,25,1,924211,1,63,6,5,0,189.302401003222
4733881,1,1,1,48,4,1e+06,1,72,4,1,0,250.984610010679
4733881,1,3,1,18,4,2e+06,1,60,5,1,1,250.984610010679
4733883,1,2,1,25,1,866666.6875,1,48,6,5,0,236.962847576526
4733883,1,3,1,22,4,6e+05,1,42,5,1,1,236.962847576526
4733883,1,4,1,22,1,8e+05,1,48,5,2,1,236.962847576526
4733884,1,1,0,36,2,3421000,1,40,6,5,0,263.675632545902
4733885,1,1,0,47,1,3800000,1,40,6,5,0,241.508685039882
4733888,1,1,1,25,4,2e+06,1,72,5,1,0,322.009048049183
4733892,1,1,1,60,4,5e+05,1,40,4,2,1,260.243097959074
4733896,1,2,1,51,4,6e+05,1,54,3,1,1,264.683202368723
4733896,1,3,0,24,1,1532000,1,50,6,5,0,264.683202368723
4733897,1,1,1,36,4,9e+05,1,60,6,1,1,237.449671681848
4733898,1,1,1,53,4,1500000,1,84,5,1,0,232.737021196809
4733900,1,1,1,44,1,928619.6875,1,68,5,5,0,272.756989917344
4733901,1,1,0,48,1,4066666.75,1,45,6,3,0,252.789442592569
4733902,1,1,0,35,4,8e+05,1,40,3,1,1,371.261106181021
4733902,1,2,1,43,1,929453,1,72,3,5,0,371.261106181021
4733903,1,1,1,36,4,270000,1,20,3,1,1,261.870799964012
4733903,1,2,0,37,4,2e+05,1,20,5,1,1,261.870799964012
4733904,1,1,1,27,5,1e+06,1,48,5,2,1,292.766974277612
4733904,1,2,0,33,4,1e+06,1,40,4,1,1,292.766974277612
4733908,1,1,1,43,4,9e+05,1,60,3,2,0,270.994594370947
4733909,1,1,1,27,1,1087500,1,40,5,5,0,272.756989917344
4733909,1,2,0,25,1,869453,1,48,5,5,0,272.756989917344
4733910,1,2,0,26,1,2e+05,1,9,6,5,1,294.193277758547
4733911,1,1,0,45,1,869453,1,48,4,3,0,292.388445176658
4733911,1,2,1,50,1,1829000,1,48,3,4,0,292.388445176658
4733911,1,3,1,21,1,847908.6875,1,48,5,5,0,292.388445176658
4733912,1,1,1,25,1,1526544.375,1,48,6,4,0,322.009048049183
4733912,1,2,0,26,1,957786.3125,1,48,6,2,0,322.009048049183
4733913,1,3,1,27,1,1625000,1,48,6,5,0,235.292708536096
4733914,1,3,1,21,1,2e+06,1,48,6,5,0,204.544954283552
4733915,1,2,1,28,4,3e+06,1,48,6,1,1,227.839053169591
4733915,1,3,1,22,4,2500000,1,40,6,1,1,227.839053169591
4733916,1,1,0,59,1,733333.3125,1,48,4,2,1,192.328024431289
4733916,1,2,0,22,4,8e+05,1,48,6,2,0,192.328024431289
4733917,1,1,1,30,1,1088211,1,48,5,4,0,241.818378568251
4733917,1,4,1,29,1,1269877.625,1,40,6,5,0,241.818378568251
4733920,1,1,1,22,1,1383333.375,1,52,4,3,1,308.029722650522
4733920,1,2,0,58,4,1e+05,1,10,5,2,1,308.029722650522
4733921,1,1,1,30,1,1200000,1,48,5,2,1,301.999063688915
4733921,1,2,0,28,1,586877.6875,1,24,6,5,0,301.999063688915
4733922,1,2,0,47,1,2708333.25,1,48,6,5,0,237.148165118705
4733923,1,1,0,46,1,5e+06,1,48,6,5,0,303.317072165483
4733924,1,1,0,28,1,2322666.75,1,48,6,5,0,241.818378568251
4733924,1,2,1,30,1,930000,1,55,5,3,1,241.818378568251
4733924,1,4,1,50,4,1500000,1,60,5,1,1,241.818378568251
4733925,1,2,1,42,4,3800000,1,48,6,5,0,232.737021196809
4733926,1,1,1,49,1,1.6e+07,1,90,6,5,0,204.544954283552
4733927,1,1,1,25,1,5e+05,1,48,5,2,1,200.133810361656
4733928,1,1,1,24,1,1364044.375,1,48,5,5,0,270.71386133033
4733928,1,2,0,21,4,450000,1,30,4,1,1,270.71386133033
4733929,1,1,1,55,1,1338211,1,48,1,4,0,222.927236638882
4733929,1,2,0,51,3,781242,1,48,5,1,0,222.927236638882
4733930,1,1,0,45,1,965244.6875,1,48,3,5,0,206.349786865442
4733931,1,1,0,26,1,9e+05,1,56,5,2,0,364.883856209922
4733931,1,3,0,24,1,994743,1,48,5,4,0,364.883856209922
4733932,1,2,0,52,1,953211,1,48,3,4,0,260.243097959074
4733933,1,1,1,48,1,5468333.5,1,40,6,5,0,190.708509391578
4733933,1,2,0,47,2,10500000,1,60,6,5,0,190.708509391578
4733933,1,3,0,25,1,1588211,1,48,6,5,0,190.708509391578
4733934,1,1,1,35,5,4e+05,1,50,3,2,1,281.88078432428
4733934,1,2,0,39,1,996556.5,1,48,5,4,0,281.88078432428
4733935,1,1,1,29,1,1841666.625,1,48,6,5,0,237.449671681848
4733936,1,1,1,36,1,935244.6875,1,48,5,5,0,241.860815603744
4733936,1,2,0,42,3,563833.3125,1,24,4,1,1,241.860815603744
4733937,1,2,0,24,3,305200,1,12,4,1,1,229.267589128859
4733940,1,1,1,31,4,1200000,1,70,5,1,0,204.544954283552
4733940,1,2,0,41,5,8e+05,1,60,4,2,1,204.544954283552
4733940,1,3,1,24,2,2337500,1,70,5,5,0,204.544954283552
4733942,1,3,0,23,1,1016119.6875,1,48,6,5,0,208.905474204729
4733945,1,1,1,33,1,781242,1,60,6,4,0,268.044339432305
4733945,1,2,0,34,1,991953,1,48,6,4,0,268.044339432305
4733945,1,5,0,52,3,5e+05,1,50,3,1,1,268.044339432305
4733946,1,1,0,60,4,70000,1,3,5,1,1,235.292708536096
4733946,1,3,1,41,1,1945833.375,1,48,6,5,0,235.292708536096
4733947,1,1,0,40,1,1106000,1,48,5,5,0,272.799426952837
4733951,1,1,1,33,2,3291666.5,1,60,6,5,0,226.521044693023
4733951,1,2,1,34,5,2e+06,1,60,6,2,0,226.521044693023
4733952,1,1,0,45,1,932744.6875,1,48,4,3,0,184.492532887792
4733952,1,2,1,46,1,932744.6875,1,48,4,5,0,184.492532887792
4733952,1,3,0,19,4,240000,1,28,5,1,1,184.492532887792
4733952,1,4,1,28,1,1188211,1,48,5,5,0,184.492532887792
4733955,1,1,1,29,1,2113211,1,60,5,5,0,237.449671681848
4733956,1,1,0,44,1,912786.3125,1,48,5,3,0,238.952997700595
4733956,1,2,0,26,1,413211,1,12,6,5,0,238.952997700595
4733958,1,1,1,24,4,7e+05,1,17,6,1,1,257.502093077608
4733959,1,1,1,39,1,7291666.5,1,45,6,4,0,252.747005557077
4733960,1,1,0,51,4,5e+05,1,40,4,1,1,252.789442592569
4733962,1,1,1,24,1,1294666.625,1,48,6,5,0,234.055029673377
4733963,1,1,1,55,4,5e+05,1,65,6,1,0,246.221335524921
4733963,1,2,0,59,4,5e+05,1,62,5,1,0,246.221335524921
4733965,1,1,1,53,4,1300000,1,71,3,1,1,158.105298556425
4733965,1,2,0,54,4,6e+05,1,50,5,1,1,158.105298556425
4733965,1,4,0,18,1,1088211,1,48,5,5,0,158.105298556425
4733966,1,2,0,37,1,1300000,1,48,6,5,0,214.002608277616
4733966,1,3,1,32,1,954877.6875,1,48,5,5,0,214.002608277616
4733969,1,1,1,48,1,1088211,1,60,6,5,0,237.449671681848
4733970,1,2,0,42,1,8e+05,1,48,5,4,1,292.388445176658
4733972,1,1,0,43,2,899453,1,48,6,5,0,272.799426952837
4733974,1,1,1,68,1,1358333.375,1,48,3,5,0,264.955748444113
4733975,1,3,0,39,4,1e+06,1,50,6,3,1,224.202808079957
4733978,1,1,1,22,1,1400000,1,48,4,5,0,272.799426952837
4733978,1,2,0,28,3,2e+05,1,48,5,1,1,272.799426952837
4733981,1,3,1,42,1,2166666.75,1,40,6,5,0,235.292708536096
4733982,1,1,0,51,1,932743,1,48,3,3,0,232.737021196809
4733982,1,2,1,25,1,1437377.625,1,50,6,5,0,232.737021196809
4733983,1,1,1,35,1,1415044.375,1,48,5,5,0,232.737021196809
4733983,1,2,0,31,3,9e+05,1,45,6,1,0,232.737021196809
4733984,1,1,0,54,1,1063211,1,48,5,5,0,260.243097959074
4733984,1,2,1,60,4,8e+05,1,50,3,1,1,260.243097959074
4733985,1,1,0,36,1,1037000,1,48,6,4,0,268.086776467798
4733985,1,4,0,35,1,1291666.625,1,48,6,4,0,268.086776467798
4733986,1,1,0,60,1,932786.3125,1,48,3,3,1,210.909472832288
4733986,1,2,0,68,3,3e+05,1,8,3,1,1,210.909472832288
4733987,1,3,1,38,4,6e+05,1,48,5,1,0,202.3879911378
4733987,1,4,0,37,1,1166666.625,1,52,5,5,0,202.3879911378
4733987,1,6,1,23,1,888211,1,48,5,5,0,202.3879911378
4733989,1,1,0,34,4,1e+06,1,60,5,2,1,224.55493864382
4733989,1,2,1,35,2,3168333.25,1,85,6,5,0,224.55493864382
4733990,1,1,1,41,4,1600000,1,72,5,2,1,301.999063688915
4733990,1,2,0,41,4,380000,1,16,6,1,1,301.999063688915
4733991,1,1,0,35,3,932000,1,48,5,1,0,263.675632545902
4733993,1,1,1,50,1,1064556.5,1,48,5,5,0,252.747005557077
4733993,1,2,0,50,4,2e+05,1,10,4,1,1,252.747005557077
4733994,1,1,0,57,1,1625000,1,40,4,5,0,261.246123324759
4733994,1,2,0,33,1,1145211,1,40,5,4,0,261.246123324759
4733995,1,3,0,42,4,2e+06,1,40,6,1,0,230.580058051056
4733995,1,4,1,26,1,1650000,1,48,6,5,0,230.580058051056
4733996,1,2,1,33,2,3050000,1,40,6,5,0,207.78663177383
4733996,1,3,1,35,1,2250000,1,42,6,5,0,207.78663177383
4733997,1,2,1,32,1,1279877.625,1,60,5,5,0,283.264650769722
4733997,1,3,0,28,1,1093211,1,48,6,3,0,283.264650769722
4733998,1,1,1,38,1,1549211,1,48,6,5,0,252.747005557077
4733998,1,2,0,31,1,1265877.625,1,48,5,5,0,252.747005557077
4733999,1,1,0,37,4,3100000,1,70,6,5,0,250.942172975187
4733999,1,2,1,41,4,1500000,1,48,5,1,1,250.942172975187
4733999,2,1,1,24,1,1134911,1,51,6,5,0,250.942172975187
4733999,3,1,1,37,1,2143333.5,1,48,6,5,0,250.942172975187
4734000,1,1,1,45,1,2366666.75,1,40,6,5,0,204.544954283552
4734000,1,2,0,53,1,1900000,1,42,6,3,1,204.544954283552
4734000,1,3,1,24,1,2e+05,1,8,6,5,1,204.544954283552
4734002,1,1,0,50,3,869453,1,48,5,1,0,158.105298556425
4734003,1,1,0,47,1,1069453,1,48,5,5,0,241.860815603744
4734003,1,2,1,44,4,7e+05,1,60,3,1,1,241.860815603744
4734004,1,1,0,35,1,1021544.3125,1,48,6,5,0,312.92769067774
4734005,1,1,0,50,1,963211,1,48,5,3,0,206.196822347249
4734005,1,3,0,56,1,1134453,1,40,4,5,0,206.196822347249
4734006,1,2,0,39,1,900453,1,40,5,2,0,194.934335771295
4734006,1,3,1,45,1,966494.6875,1,65,4,5,0,194.934335771295
4734006,1,4,1,22,1,965244.6875,1,50,6,4,0,194.934335771295
4734007,1,1,0,44,3,1088211,1,50,4,1,0,224.597375679313
4734007,1,3,1,20,1,869453,1,48,5,5,0,224.597375679313
4734007,1,4,1,18,1,869453,1,48,5,5,0,224.597375679313
4734009,1,1,0,33,1,1022786.3125,1,48,5,5,0,238.295968037356
4734010,2,2,0,48,4,8e+05,1,48,5,1,0,214.002608277616
4734011,1,1,1,45,1,2012666.625,1,48,6,5,0,181.399397442463
4734011,1,2,0,19,1,869453,1,40,6,5,0,181.399397442463
4734012,1,1,1,35,1,1653314.5,1,48,6,5,0,237.449671681848
4734013,1,1,1,41,4,8e+05,1,36,4,2,0,237.449671681848
4734014,1,1,0,49,2,2213333.25,1,40,6,5,0,243.665648185634
4734015,1,1,1,47,4,9e+05,1,70,5,2,1,250.984610010679
4734017,1,1,1,28,1,1110166.625,1,60,5,4,0,380.384900587956
4734017,1,5,1,23,1,1358333.375,1,48,5,5,0,380.384900587956
4734018,1,1,1,53,4,1200000,1,40,3,4,1,158.105298556425
4734018,1,3,0,23,1,8e+05,1,48,6,4,0,158.105298556425
4734019,1,1,1,28,4,2360000,1,48,6,5,0,301.999063688915
4734019,1,2,0,30,4,4200000,1,30,6,5,0,301.999063688915
4734020,1,1,1,39,1,781242,1,48,4,4,1,200.133810361656
4734020,1,2,0,24,4,80000,1,5,4,1,1,200.133810361656
4734021,1,1,0,26,1,1388211,1,54,6,5,0,243.665648185634
4734022,1,1,1,36,1,2166666.75,1,48,6,5,0,301.999063688915
4734022,1,2,0,33,1,899453,1,48,6,4,0,301.999063688915
4734023,1,1,0,57,4,6e+05,1,60,5,1,1,229.64388575148
4734026,1,1,1,41,4,2500000,1,35,6,2,0,162.817949041464
4734027,1,1,1,33,1,957786.3125,1,48,5,5,0,252.747005557077
4734027,1,2,0,30,4,470000,1,40,4,1,1,252.747005557077
4734028,1,1,1,37,1,1841666.625,1,48,6,3,0,237.449671681848
4734030,1,2,1,60,4,2600000,1,50,6,4,0,222.774272120689
4734030,1,3,0,58,1,1616666.625,1,48,6,5,0,222.774272120689
4734030,1,4,0,54,4,1200000,1,40,6,1,0,222.774272120689
4734031,1,1,1,29,1,933333.3125,1,48,6,3,0,200.133810361656
4734031,1,2,0,24,1,866666.6875,1,48,6,3,0,200.133810361656
4734032,1,1,1,52,4,2e+06,1,50,3,1,1,240.055983021854
4734032,1,2,0,48,3,1200000,1,70,6,2,1,240.055983021854
4734032,1,3,1,24,1,1e+06,1,50,5,2,1,240.055983021854
4734032,1,4,1,48,4,1500000,1,60,3,1,0,240.055983021854
4734033,1,1,0,33,1,3328000,1,48,6,5,0,243.665648185634
4734034,1,1,1,38,1,1023703,1,48,5,5,0,272.756989917344
4734034,1,2,0,36,1,929453,1,48,5,5,0,272.756989917344
4734035,1,1,1,44,1,9e+05,1,66,3,2,1,213.668748690488
4734035,1,2,0,40,3,841666.6875,1,40,5,1,1,213.668748690488
4734036,1,1,0,58,3,781242,1,48,4,1,0,181.399397442463
4734036,1,2,1,25,1,869453,1,48,6,5,0,181.399397442463
4734036,1,3,0,19,1,898619.6875,1,48,5,5,0,181.399397442463
4734037,1,1,1,25,1,963619.6875,1,48,3,3,0,220.143794721924
4734039,1,1,0,30,1,1e+06,1,16,5,4,1,272.756989917344
4734039,1,2,1,44,1,1625000,1,48,6,4,0,272.756989917344
4734040,1,1,1,54,1,927786.3125,1,48,5,5,0,218.413752199512
4734040,1,2,0,55,1,963703,1,48,5,2,0,218.413752199512
4734040,1,3,0,31,1,956953,1,48,5,5,0,218.413752199512
4734040,1,4,0,26,1,927786.3125,1,48,5,5,0,218.413752199512
4734041,1,1,0,33,4,750000,1,84,5,1,1,242.66467492376
4734041,1,3,0,33,1,540000,1,23,5,2,1,242.66467492376
4734041,1,4,1,33,4,9e+05,1,66,3,1,1,242.66467492376
4734043,1,3,1,48,4,6e+05,1,40,5,1,1,284.540222210797
4734046,1,1,1,39,4,5e+06,1,48,5,1,1,237.449671681848
4734048,1,1,1,60,2,6041666.5,1,48,6,5,0,246.221335524921
4734049,1,1,1,60,1,7291666.5,1,48,6,5,0,269.36689236601
4734049,1,2,0,52,1,7583333.5,1,48,6,4,0,269.36689236601
4734050,1,1,0,49,4,350000,1,30,5,1,1,178.157719952185
4734051,1,1,0,32,4,4e+05,1,30,3,1,1,252.747005557077
4734051,1,2,1,37,4,4e+05,1,35,3,1,1,252.747005557077
4734054,1,2,0,56,1,935244.6875,1,48,3,4,0,246.221335524921
4734055,1,1,1,64,1,1040000,1,49,4,2,1,235.292708536096
4734056,1,1,1,48,1,1088211,1,48,6,5,0,237.449671681848
4734058,1,1,0,32,1,2275000,1,48,6,5,0,215.473581272377
4734058,1,2,1,24,1,781242,1,48,6,3,1,215.473581272377
4734059,1,1,1,53,4,1e+06,1,60,5,1,0,250.984610010679
4734060,1,1,1,44,4,8e+05,1,48,5,1,1,261.870799964012
4736592,1,1,0,31,1,450000,1,24,5,2,1,252.789442592569
4736592,1,2,1,23,1,9e+05,1,60,4,2,1,252.789442592569
4736594,1,1,0,37,1,953211,1,48,5,5,0,206.349786865442
4737831,1,1,1,48,4,1500000,1,84,3,2,1,241.860815603744
4737833,1,3,1,38,2,1191666.625,1,48,6,5,0,207.78663177383
4737834,1,1,0,24,1,2188333.25,1,48,6,5,0,211.062437350481
4737835,1,1,1,34,1,1200000,1,50,4,2,1,252.747005557077
4737835,1,2,0,28,1,1317044.375,1,48,5,5,0,252.747005557077
4737837,1,1,1,29,1,1590000,1,50,6,5,1,220.143794721924
4737838,1,2,0,49,1,333333.34375,1,18,4,5,1,204.544954283552
4737841,1,1,1,68,4,1300000,1,48,3,1,1,264.955748444113
4737842,1,5,1,26,4,1200000,1,4,6,1,0,225.867407566017
4737843,1,2,0,31,1,1986000,1,48,6,5,0,234.055029673377
4737843,1,3,1,18,1,1e+05,1,12,4,2,1,234.055029673377
4737844,1,2,0,50,4,3e+05,1,10,6,1,1,214.002608277616
4737845,1,1,0,25,1,1733333.375,1,48,6,5,0,252.789442592569
4737846,1,2,0,31,1,8e+05,1,48,5,4,0,232.737021196809
4737846,1,1,1,30,4,1600000,1,66,6,4,0,232.737021196809
4737847,1,1,1,27,4,9e+05,1,60,3,1,1,232.737021196809
4737848,1,2,1,51,1,4333333.5,1,45,6,5,0,221.808394207984
4737848,1,3,1,27,4,2e+05,1,20,6,1,1,221.808394207984
4737849,1,1,1,25,4,9e+05,1,50,5,1,1,269.395852853762
4737849,1,2,0,23,4,8e+05,1,55,6,4,1,269.395852853762
4737850,1,2,1,55,4,3e+05,1,48,3,1,1,246.221335524921
4737851,1,1,1,46,4,1200000,1,60,5,1,0,241.860815603744
4737851,1,2,0,53,1,962743,1,40,3,1,0,241.860815603744
4737854,1,1,0,57,4,1500000,1,77,5,1,1,361.650487668764
4737854,1,2,1,31,4,9e+05,1,56,4,1,1,361.650487668764
4737854,1,3,0,29,1,420000,1,20,5,4,1,361.650487668764
4737857,1,1,1,27,1,1539333.375,1,48,6,5,0,322.009048049183
4737857,1,2,0,35,1,900453,1,48,5,3,0,322.009048049183
4737859,1,2,0,58,4,120000,1,42,3,1,1,235.292708536096
4737859,1,3,1,25,4,9e+05,1,38,6,1,1,235.292708536096
4737860,1,2,0,25,1,1104877.625,1,60,6,5,0,258.962982060862
4737860,1,1,0,44,1,1005877.6875,1,50,6,4,0,258.962982060862
4737861,1,1,1,71,4,8e+05,1,50,6,1,1,318.576513462355
4737861,1,2,0,32,1,8e+05,1,48,6,5,0,318.576513462355
4737861,1,3,1,38,1,9e+05,1,48,6,3,1,318.576513462355
4737864,1,1,1,29,4,1e+06,1,12,6,1,0,322.009048049183
4737864,1,2,0,28,4,5e+06,1,30,6,5,0,322.009048049183
4737865,1,1,1,29,1,1018211,1,48,6,5,0,269.395852853762
4737866,1,1,1,31,4,9e+05,1,48,3,2,1,215.431144236885
4737866,1,2,0,29,4,60000,1,9,3,1,1,215.431144236885
4737867,1,1,1,49,1,1225000,1,55,5,2,1,195.421159876617
4737867,1,3,0,23,1,934556.5,1,48,6,5,0,195.421159876617
4737869,1,1,1,36,1,1105000,1,48,5,5,0,440.287589443848
4737871,1,1,0,54,1,932743,1,48,4,5,0,487.331296371268
4737873,1,1,1,65,1,7466666.5,1,45,6,5,0,241.508685039882
4737873,1,2,0,56,1,6e+05,1,24,6,2,1,241.508685039882
4737873,1,3,0,29,4,3100000,1,55,6,5,0,241.508685039882
4737874,1,1,1,53,4,2e+06,1,40,6,2,1,125.502087721272
4737874,1,3,0,20,1,8e+05,1,24,6,2,1,125.502087721272
4737877,1,2,1,20,1,4e+05,1,40,6,2,1,255.697260495719
4737877,1,1,1,47,1,1400000,1,70,3,2,1,255.697260495719
4737879,1,2,0,43,4,150000,1,24,3,1,1,278.490686772945
4737880,1,1,1,71,1,5e+05,1,72,3,2,0,492.442671049841
4737881,1,1,1,54,1,1625000,1,60,5,4,0,474.899343363696
4737882,1,4,1,26,1,1200000,1,91,6,2,1,430.862288473769
4737882,1,1,0,39,1,1200000,1,60,3,2,1,430.862288473769
4737882,1,3,0,22,4,8e+05,1,48,6,2,1,430.862288473769
4737884,1,1,1,37,4,1200000,1,70,3,1,0,603.99812737783
4737886,1,4,0,22,1,1330000,1,48,6,5,0,482.322697810026
4737886,1,1,1,51,4,1300000,1,48,5,1,0,482.322697810026
4737886,1,5,1,25,1,927786.3125,1,48,6,5,0,482.322697810026
4737888,1,1,0,49,4,9e+05,1,45,5,1,1,233.721170086248
4737888,1,2,1,19,1,708000,1,45,6,3,1,233.721170086248
4737895,1,1,1,28,1,3808333.25,1,40,6,5,0,474.899343363696
4737896,1,1,1,61,4,1e+06,1,35,6,1,1,269.36689236601
4737896,1,2,0,50,5,1e+07,1,48,6,2,1,269.36689236601
4737897,1,1,0,72,4,850000,1,40,5,1,1,199.980845843463
4737897,1,3,1,35,1,869453,1,60,6,4,0,199.980845843463
4737897,1,2,0,55,1,1188211,1,60,4,4,0,199.980845843463
4737901,1,2,0,26,1,1618211,1,50,6,5,0,505.494011114153
4737901,1,1,1,27,1,1049877.625,1,48,5,5,0,505.494011114153
4737902,1,1,1,35,5,2e+06,1,60,6,3,0,523.741599928024
4737902,1,2,0,36,4,1500000,1,20,6,1,0,523.741599928024
4737903,1,1,1,48,4,2e+06,1,50,6,1,0,241.860815603744
4737904,1,2,0,63,4,5e+05,1,24,3,1,1,259.441290742869
4737904,1,5,1,20,1,1297377.625,1,60,5,5,0,259.441290742869
4737904,1,1,1,41,1,1369453,1,40,5,5,0,259.441290742869
4737904,1,3,0,37,1,1025786.3125,1,45,5,5,0,259.441290742869
4737904,1,4,1,46,1,1292119.625,1,40,5,3,0,259.441290742869
4737906,1,1,1,37,4,8e+05,1,48,3,1,0,241.860815603744
4737907,1,2,1,28,1,933333.3125,1,48,6,5,0,232.737021196809
4737908,1,3,1,35,1,6e+05,1,40,5,2,1,235.292708536096
4737908,1,1,1,65,1,960000,1,48,3,3,1,235.292708536096
4737909,1,1,1,71,4,166666.671875,1,48,3,1,1,318.089689357033
4737909,1,4,0,35,1,8e+05,1,48,5,4,0,318.089689357033
4737910,1,2,0,49,4,8e+05,1,50,3,1,1,249.314470970249
4737910,1,1,1,59,1,934556.5,1,48,4,4,0,249.314470970249
4737910,1,3,1,29,1,1408333.375,1,48,6,5,0,249.314470970249
4737911,1,2,1,39,1,6e+06,1,48,6,2,0,371.261106181021
4737912,1,3,0,26,1,1139211,1,45,6,5,0,190.708509391578
4737912,1,1,1,47,5,2e+06,1,71,6,2,1,190.708509391578
4737912,1,4,0,23,4,1800000,1,40,6,4,0,190.708509391578
4737913,1,1,0,63,4,1e+05,1,20,4,1,1,229.64388575148
4737914,1,1,1,48,1,934556.5,1,48,3,5,0,241.860815603744
4737915,1,1,0,55,4,6e+05,1,40,3,3,1,159.542143464813
4737915,1,4,1,35,4,781242,1,40,4,1,1,159.542143464813
4737915,1,5,1,25,1,957536.3125,1,48,5,4,0,159.542143464813
4737916,1,1,1,51,1,21833334,1,45,6,5,0,139.370885637232
4737916,1,2,0,51,1,5958333.5,1,48,6,5,0,139.370885637232
4737916,1,5,0,62,3,846242,1,65,4,1,0,139.370885637232
4737917,1,5,0,26,1,2e+05,1,16,6,4,1,207.670442752866
4737917,1,6,0,30,1,2e+05,1,16,6,4,1,207.670442752866
4737919,1,2,0,38,1,1e+07,1,50,6,4,0,214.002608277616
4737919,1,3,1,38,1,2033333.375,1,45,6,3,0,214.002608277616
4737920,1,1,1,24,1,1929211,1,48,4,5,0,342.061469444943
4737921,1,4,1,37,1,964453,1,48,5,5,0,184.492532887792
4737921,1,1,1,49,1,997036.3125,1,48,3,5,0,184.492532887792
4737923,1,2,0,40,4,3e+05,1,5,6,1,1,252.747005557077
4737924,1,1,0,26,4,1e+05,1,20,5,1,1,301.999063688915
4737925,1,2,0,53,3,1e+05,1,10,3,1,1,269.36689236601
4737925,1,1,1,56,4,8e+05,1,45,6,1,1,269.36689236601
4737926,1,2,1,29,1,1e+06,1,48,5,5,0,245.700261349333
4737926,1,3,1,33,1,975000,1,48,4,5,0,245.700261349333
4737926,1,5,0,36,1,1744211,1,48,6,5,0,245.700261349333
4737926,1,10,1,45,1,781242,1,60,5,5,0,245.700261349333
4737929,1,1,1,24,1,1e+06,1,60,5,2,1,272.799426952837
4737929,1,2,0,25,1,720833.3125,1,36,6,2,1,272.799426952837
4737930,1,1,1,45,4,1200000,1,56,4,2,1,246.573466088783
4737931,1,1,1,42,4,8e+05,1,36,5,5,1,236.491135455466
4737931,1,2,0,41,4,150000,1,8,5,1,1,236.491135455466
4737932,1,2,0,38,1,703000,1,24,3,4,1,351.142826816386
4737932,1,1,1,53,4,8e+05,1,36,6,1,1,351.142826816386
4737933,1,3,0,46,1,888211,1,60,5,3,0,204.19282371969
4737935,1,1,1,63,4,7e+05,1,70,1,2,1,244.416502943031
4737935,1,3,1,28,1,1171544.375,1,48,6,5,0,244.416502943031
4737936,1,1,1,53,5,1400000,1,60,6,2,1,195.421159876617
4737936,1,2,0,53,5,1400000,1,60,5,2,1,195.421159876617
4737936,1,3,0,23,1,1288211,1,42,6,5,0,195.421159876617
4737940,1,2,0,29,4,6e+06,1,60,6,5,0,224.931235266441
4737941,1,3,0,31,1,9e+05,1,60,4,2,1,304.605375028921
4737941,1,6,1,42,4,1e+06,1,48,3,1,1,304.605375028921
4737941,1,1,1,30,5,1500000,1,60,4,2,1,304.605375028921
4737941,1,2,1,24,4,750000,1,60,4,2,1,304.605375028921
4737941,1,7,0,47,4,2e+05,1,15,4,1,1,304.605375028921
4737942,1,1,0,34,1,3400000,1,91,6,4,1,204.544954283552
4737942,1,2,1,31,1,1567377.625,1,72,6,5,0,204.544954283552
4737943,1,1,1,45,1,1720000,1,48,4,2,1,262.878369786833
4737943,1,2,0,52,4,120000,1,12,4,1,1,262.878369786833
4737943,1,6,1,48,1,988211,1,45,5,5,0,262.878369786833
4737943,1,3,1,21,4,7e+05,1,45,5,1,1,262.878369786833
4737944,1,2,0,46,4,450000,1,20,3,1,1,205.86296276012
4737945,1,1,0,60,4,4e+05,1,48,1,1,1,161.372588709761
4737945,1,5,1,38,4,480000,1,84,6,5,1,161.372588709761
4737945,1,8,0,47,4,480000,1,33,3,1,1,161.372588709761
4737945,1,11,1,24,4,87000,1,48,4,1,1,161.372588709761
4737946,1,1,1,56,1,1267000,1,60,5,2,0,338.628934858116
4737946,1,2,0,46,3,1103666.625,1,48,6,2,0,338.628934858116
4737947,1,2,0,46,1,915833.3125,1,45,5,5,0,232.737021196809
4737947,1,1,1,45,1,2638333.25,1,48,5,5,0,232.737021196809
4737948,1,4,0,47,1,966953,1,48,5,5,0,236.796034554842
4737948,1,3,0,52,1,1e+06,1,48,6,4,1,236.796034554842
4737949,1,2,1,25,1,1180743,1,48,5,5,0,226.521044693023
4737950,1,2,0,58,2,3033333.5,1,48,6,5,0,173.593611512096
4737951,1,1,1,35,1,965556.5,1,48,6,4,0,195.421159876617
4737951,1,2,0,47,1,1094211,1,48,6,4,0,195.421159876617
4737952,1,2,1,45,4,1500000,1,45,3,2,1,264.683202368723
4737952,1,1,0,39,4,1500000,1,39,4,2,1,264.683202368723
4737953,1,1,1,39,1,1500000,1,48,5,5,0,272.756989917344
4737953,1,2,0,41,3,1014877.6875,1,48,5,1,0,272.756989917344
4737955,1,1,0,26,1,4344666.5,1,62,6,5,0,232.737021196809
4737955,1,2,1,26,1,1546544.375,1,48,6,4,0,232.737021196809
4737956,1,2,0,25,1,906250,1,48,5,5,0,224.931235266441
4737956,1,1,0,56,3,7e+05,1,50,5,1,0,224.931235266441
4737957,1,3,0,29,1,965453,1,55,5,4,0,328.225024552969
4737960,1,3,0,27,1,1713211,1,48,6,5,0,237.148165118705
4737960,1,1,1,47,2,2566666.75,1,60,6,5,0,237.148165118705
4737962,1,2,0,25,1,946119.6875,1,50,5,5,0,391.271090541289
4737963,1,3,0,22,4,3e+05,1,6,5,1,1,232.008594010325
4737963,1,2,1,52,1,1030833.3125,1,48,3,4,0,232.008594010325
4737964,1,2,0,42,4,5e+05,1,48,6,2,1,232.737021196809
4737964,1,1,1,51,4,5e+05,1,48,6,2,0,232.737021196809
4737965,1,2,0,24,4,7e+05,1,84,5,1,1,289.40583721403
4737965,1,1,1,40,5,1e+06,1,70,3,2,1,289.40583721403
4737966,1,1,1,50,1,1271544.375,1,48,4,4,0,237.449671681848
4737967,1,3,1,19,4,360000,1,6,5,1,1,241.860815603744
4737967,1,1,1,45,1,936119.6875,1,48,3,5,0,241.860815603744
4737968,1,1,1,27,1,9e+05,1,60,5,4,1,237.449671681848
4737969,1,2,0,32,1,1527544.375,1,53,6,5,0,292.573762718837
4737969,1,1,1,32,5,3e+06,1,65,6,3,0,292.573762718837
4737970,1,1,1,41,1,1406544.375,1,48,6,5,0,371.261106181021
4737970,1,2,0,32,1,2693833.25,1,40,5,5,0,371.261106181021
4737971,1,2,1,39,1,954453,1,48,4,5,0,215.431144236885
4737971,1,1,0,34,1,1231544.375,1,48,3,5,0,215.431144236885
4737972,1,1,0,29,2,1750000,1,60,6,5,0,243.665648185634
4737973,1,1,1,48,1,1265000,1,67,5,2,1,200.133810361656
4737974,1,1,0,25,1,2025000,1,48,6,5,0,243.665648185634
4737975,1,1,1,46,1,934556.5,1,63,3,5,0,320.246652502786
4737976,1,1,0,42,1,869453,1,48,6,2,0,206.349786865442
4737977,1,1,0,34,4,1e+06,1,66,5,3,1,261.913236999505
4737977,1,2,1,18,4,5e+05,1,54,6,2,1,261.913236999505
4737978,1,3,0,25,1,1213333.375,1,60,5,5,0,272.756989917344
4737978,1,1,1,42,4,1e+06,1,54,4,2,1,272.756989917344
4737979,1,1,0,33,4,70000,1,6,4,1,1,284.735623764483
4737980,1,1,1,39,4,1200000,1,31,6,1,1,252.747005557077
4737981,1,1,1,31,4,1e+06,1,80,5,2,1,281.88078432428
4737982,1,1,1,29,4,350000,1,36,4,1,1,272.756989917344
4737982,1,2,0,28,1,992743,1,50,5,4,0,272.756989917344
4737984,1,1,1,52,4,180000,1,16,3,1,1,345.81004414923
4737984,1,2,0,50,4,4e+05,1,28,4,1,1,345.81004414923
4737984,1,3,0,26,1,963333.3125,1,48,5,5,0,345.81004414923
4737985,1,1,1,34,2,2130000,1,48,5,5,0,269.596805927549
4737985,1,2,0,34,4,6e+06,1,48,6,1,0,269.596805927549
4737986,1,1,0,38,4,4e+06,1,40,6,1,0,269.596805927549
4737986,1,2,1,44,1,4e+06,1,48,6,5,0,269.596805927549
4737987,1,1,0,54,1,1021544.3125,1,48,3,5,0,258.962982060862
4737987,1,2,0,32,1,1012786.3125,1,48,5,5,0,258.962982060862
4737988,1,1,1,28,4,1200000,1,72,4,1,1,240.153779082192
4737988,1,2,0,24,1,150000,1,12,5,2,1,240.153779082192
4737989,1,1,0,43,4,7350000,1,48,6,5,0,269.596805927549
4737989,1,2,1,37,1,5500000,1,48,6,5,0,269.596805927549
4737990,1,2,0,45,1,1448211,1,48,6,5,0,204.544954283552
4737991,1,1,1,29,2,1728161.875,1,96,6,5,0,322.009048049183
4737992,1,1,0,32,1,4312500,1,45,6,5,0,248.25282260993
4737992,1,2,1,39,1,6e+06,1,40,6,5,0,248.25282260993
4737993,1,1,1,52,4,4e+05,1,24,4,1,1,158.105298556425
4737993,1,2,0,48,1,6e+05,1,48,5,2,1,158.105298556425
4737995,1,1,0,61,3,900286.3125,1,48,3,1,0,224.931235266441
4737995,1,2,0,28,1,420000,1,24,5,2,1,224.931235266441
4737996,1,2,0,61,4,2e+05,1,48,3,1,1,287.977301254761
4737996,1,1,1,51,1,954877.6875,1,48,5,5,0,287.977301254761
4737999,1,2,1,32,1,3750000,1,52,6,5,0,241.622447672558
4737999,1,1,1,32,1,8233333.5,1,50,6,4,0,241.622447672558
4738000,1,1,0,60,4,1e+05,1,10,4,1,1,229.64388575148
4738001,1,1,0,52,1,5900000,1,48,6,5,0,269.642072098741
4738002,1,1,0,54,1,992744.6875,1,71,4,2,0,201.637136380403
4738002,1,2,0,26,4,1700000,1,40,6,3,0,201.637136380403
4738003,1,1,0,40,1,964556.5,1,48,5,4,0,312.92769067774
4738004,1,1,1,37,1,12743345,1,55,6,5,0,264.569978743507
4738004,1,4,0,27,3,1069453,1,60,6,1,0,264.569978743507
4738005,1,1,1,42,4,4e+06,1,48,6,1,1,290.940789245168
4738005,1,2,0,33,4,1200000,1,35,5,1,1,290.940789245168
4738006,1,1,0,48,3,6e+05,1,48,4,1,1,195.421159876617
4738006,1,2,1,30,1,1021953,1,48,5,5,0,195.421159876617
4738007,1,2,1,32,1,3070833.5,1,40,6,5,0,218.715258762655
4738007,1,1,0,56,4,9e+05,1,49,6,1,1,218.715258762655
4738009,1,1,1,44,4,1800000,1,60,4,1,1,234.820047703386
4738009,1,2,0,19,1,5e+05,1,24,6,3,1,234.820047703386
4738011,1,1,0,42,4,781242,1,50,3,1,0,206.349786865442
4738012,1,1,1,46,1,850000,1,48,3,2,1,241.860815603744
4738012,1,2,0,44,4,3e+05,1,65,3,1,1,241.860815603744
4738013,1,1,0,61,1,5696666.5,1,48,6,5,0,228.269448829458
4738013,1,2,0,28,4,4e+05,1,12,6,1,0,228.269448829458
4738014,1,1,1,21,1,988619.6875,1,48,5,5,0,411.323511937049
4738015,1,2,0,20,4,6e+05,1,48,5,2,1,200.133810361656
4738016,1,1,1,24,4,1e+06,1,48,4,3,1,234.95430449183
4738016,1,2,0,23,1,5e+05,1,60,5,2,1,234.95430449183
4738016,2,1,1,44,1,5e+05,1,48,5,5,1,234.95430449183
4738016,2,2,0,35,1,8e+05,1,48,5,3,1,234.95430449183
4738017,1,1,0,34,2,972551.75,1,50,6,5,0,243.665648185634
4738018,1,1,1,50,1,1266666.625,1,50,5,5,0,234.012592637884
4738018,1,3,0,27,1,1000453,1,48,5,5,0,234.012592637884
4738019,1,1,0,53,4,789600,1,72,6,1,0,226.21953812988
4738019,1,2,0,28,1,525000,1,70,6,3,1,226.21953812988
4738019,1,3,1,25,1,932743,1,48,5,5,0,226.21953812988
4738019,1,5,1,44,1,841242,1,45,3,5,0,226.21953812988
4738022,1,1,1,37,2,5933333.5,1,40,6,5,0,248.25282260993
4738022,1,2,0,31,1,3791666.75,1,40,6,5,0,248.25282260993
4738023,1,1,1,32,1,964619.6875,1,48,5,5,0,252.747005557077
4738023,1,2,0,28,1,720000,1,48,4,2,0,252.747005557077
4738027,1,1,1,65,4,6e+05,1,48,4,3,1,235.292708536096
4738027,1,2,0,61,1,9e+05,1,54,4,2,1,235.292708536096
4738031,1,1,0,55,4,5e+05,1,84,5,1,1,238.767680158416
4738033,1,2,0,19,1,936544.3125,1,38,6,5,0,206.349786865442
4738034,1,1,0,36,1,879453,1,49,6,5,0,283.685616906169
4738035,1,2,1,57,1,4e+06,1,48,5,5,0,213.316618126625
4738035,1,1,0,52,2,4500000,1,48,6,5,0,213.316618126625
4738041,1,1,1,55,1,975000,1,48,4,4,0,224.202808079957
4738041,1,2,0,49,1,866666.6875,1,48,5,3,0,224.202808079957
4738041,1,3,0,21,1,830000,1,48,6,3,0,224.202808079957
4738042,1,1,1,45,4,6e+05,1,48,3,1,1,232.737021196809
4738043,1,1,0,46,4,4e+05,1,4,1,2,1,194.735169725626
4738043,1,2,1,59,1,846325.3125,1,48,3,5,0,194.735169725626
4738045,1,1,0,47,3,866666.6875,1,48,5,1,0,235.483565632645
4738045,1,2,0,24,4,1100000,1,50,6,5,0,235.483565632645
4738045,1,4,1,23,4,1100000,1,70,6,5,0,235.483565632645
4738046,1,1,1,49,4,7e+05,1,50,5,1,1,179.594564860574
4738047,1,3,1,30,2,1800000,1,48,6,5,0,184.492532887792
4738049,1,1,1,24,4,7e+05,1,66,5,1,1,220.186231757416
4738050,1,1,1,34,1,1841666.625,1,48,6,4,0,220.143794721924
4738051,1,1,1,75,1,5e+05,1,40,3,2,1,264.955748444113
4738052,1,1,0,28,1,7e+05,1,48,5,2,1,344.873871849654
4738054,1,1,1,32,4,1e+06,1,65,6,1,1,237.449671681848
4738055,1,1,1,39,1,1500000,1,48,5,2,1,232.737021196809
4738055,1,2,0,32,5,1500000,1,48,6,2,1,232.737021196809
4738056,1,1,1,46,4,3300000,1,48,5,5,0,290.940789245168
4738056,1,2,0,30,2,2062000,1,48,6,5,0,290.940789245168
4738058,1,3,0,20,1,240000,1,20,6,2,1,178.157719952185
4738058,1,2,0,24,1,8e+05,1,32,6,2,1,178.157719952185
4738059,1,2,0,25,1,994619.6875,1,72,5,5,0,311.080421060358
4738059,1,1,1,43,4,1200000,1,72,5,1,1,311.080421060358
4738059,1,3,1,27,1,994619.6875,1,48,5,5,0,311.080421060358
4738060,1,2,0,22,1,750000,1,68,5,2,1,220.186231757416
4738064,1,1,0,34,4,1e+06,1,40,6,1,1,263.675632545902
4738066,1,1,1,31,1,3412500,1,50,6,5,0,232.737021196809
4738066,1,2,0,26,1,1388211,1,40,6,5,0,232.737021196809
4738067,1,1,0,54,1,1171544.375,1,48,6,2,0,238.952997700595
4738067,1,2,0,42,4,440000,1,40,4,1,1,238.952997700595
4738068,1,1,1,57,4,9e+05,1,65,5,1,1,254.027121455288
4738068,1,2,1,26,4,8e+05,1,60,5,1,1,254.027121455288
4738069,1,1,1,57,1,935244.6875,1,48,4,3,0,293.464850572063
4738069,1,3,0,37,1,936119.6875,1,48,6,5,0,293.464850572063
4738070,1,1,1,25,1,1235244.625,1,40,6,4,0,232.737021196809
4738070,1,2,0,26,1,1538211,1,48,6,4,0,232.737021196809
4738071,1,1,1,26,4,750000,1,60,5,1,1,232.737021196809
4738071,1,2,0,40,4,450000,1,50,5,1,1,232.737021196809
4738072,1,1,0,33,4,250000,1,48,3,1,1,224.55493864382
4738072,1,2,1,27,4,3e+05,1,50,4,1,1,224.55493864382
4738073,1,1,1,54,4,9e+05,1,70,3,1,0,237.449671681848
4741435,1,1,1,32,2,1813764.625,1,112,5,5,0,230.728478112113
4741435,1,5,0,43,4,420000,1,30,3,1,1,230.728478112113
4741436,1,1,1,26,1,846345.5,1,48,3,2,1,321.665104450547
4741436,1,2,0,29,4,9e+05,1,60,6,1,1,321.665104450547
4741436,3,1,1,39,4,1100000,1,48,3,1,0,321.665104450547
4741437,1,1,0,50,1,869453,1,48,5,4,0,174.881914375534
4741437,1,2,1,25,1,9e+05,1,48,5,3,1,174.881914375534
4741437,1,5,1,42,4,8e+05,1,48,6,1,1,174.881914375534
4741438,1,1,1,35,1,1610294.375,1,48,5,5,0,322.009048049183
4741438,1,2,0,40,1,2518333.5,1,48,6,4,0,322.009048049183
4741439,1,3,1,30,1,1019908.6875,1,48,6,5,0,247.509638388359
4741699,1,1,0,39,1,2163500,1,52,6,5,0,196.739168353185
4741699,1,2,0,19,4,210000,1,20,6,1,1,196.739168353185
4742684,1,2,0,37,1,7850000,1,40,6,5,0,343.476317919129
4742684,1,1,1,42,1,4333333.5,1,40,6,5,0,343.476317919129
4742685,1,3,1,25,1,1488211,1,48,6,4,0,258.438265377184
4742685,1,2,1,63,4,8e+05,1,70,5,1,0,258.438265377184
4742685,1,4,1,21,1,782000,1,48,6,5,0,258.438265377184
4742686,1,1,1,67,1,992743,1,48,3,5,0,292.189279130988
4742827,1,1,0,53,1,1188211,1,48,5,5,0,243.665648185634
4744374,1,2,1,54,4,4e+05,1,48,3,2,1,218.715258762655
4744375,1,1,1,41,1,5362500,1,50,6,3,0,139.370885637232
4744376,1,3,0,32,4,5900000,1,45,6,5,0,241.508685039882
4744377,1,3,0,31,3,750000,1,40,6,1,0,241.508685039882
4744379,1,2,0,53,3,250000,1,16,4,1,1,295.129450058123
4744379,1,3,0,31,1,1418211,1,48,6,5,0,295.129450058123
4744379,1,5,1,25,1,3250000,1,48,6,5,0,295.129450058123
4744380,1,2,0,51,4,4e+05,1,18,5,1,0,195.421159876617
4744380,1,1,1,53,1,1802004.75,1,48,6,4,0,195.421159876617
4744380,1,3,0,23,1,781242,1,50,6,5,1,195.421159876617
4744381,1,2,0,41,1,1e+07,1,40,6,5,0,322.009048049183
4744381,1,1,1,36,1,5533333,1,48,6,5,0,322.009048049183
4744382,1,4,0,26,1,888211,1,48,6,5,0,223.31172022673
4744382,1,2,1,28,4,3e+06,1,20,6,3,0,223.31172022673
4744383,1,1,0,31,1,992744.6875,1,48,5,3,0,311.080421060358
4744383,1,5,1,35,3,1e+05,1,35,3,1,1,311.080421060358
4744383,1,2,1,30,1,1809877.625,1,48,4,5,0,311.080421060358
4744384,1,3,0,47,3,866666.6875,1,48,4,1,0,188.551546245825
4744384,1,5,0,46,1,3250000,1,48,6,5,0,188.551546245825
4744384,1,6,1,47,5,3e+06,1,70,6,2,0,188.551546245825
4744385,1,1,0,52,1,5e+05,1,8,6,2,1,215.473581272377
4744385,1,2,0,21,1,1300000,1,60,6,5,0,215.473581272377
4744386,1,1,1,26,1,1237500,1,48,5,5,0,246.573466088783
4744387,1,2,0,47,4,250000,1,40,6,1,1,232.737021196809
4744387,1,1,1,51,5,2e+06,1,40,6,2,0,232.737021196809
4744388,1,1,1,50,4,5e+06,1,15,6,1,0,181.399397442463
4744389,1,1,1,58,4,1500000,1,70,3,2,1,246.221335524921
4744390,1,1,1,56,1,3575000,1,60,6,5,0,230.580058051056
4744390,1,3,0,28,4,4100000,1,55,6,5,0,230.580058051056
4744390,1,4,1,26,4,3300000,1,50,6,5,0,230.580058051056
4744391,1,2,0,37,4,1500000,1,48,6,5,0,244.564923004088
4744391,1,1,1,33,1,3435000,1,52,6,5,0,244.564923004088
4744392,1,2,0,54,1,2700000,1,51,6,5,0,295.550416194571
4744392,1,5,0,50,3,781242,1,48,1,1,0,295.550416194571
4744393,1,4,1,28,4,1200000,1,50,6,1,0,230.580058051056
4744393,1,3,0,32,4,3e+06,1,30,6,1,0,230.580058051056
4744395,1,1,1,52,4,1200000,1,54,5,1,1,207.78663177383
4744396,1,1,1,37,4,1e+06,1,48,6,2,1,243.098494466463
4744396,1,3,1,30,4,1e+06,1,48,5,2,1,243.098494466463
4744397,1,1,1,61,1,1279877.625,1,60,5,2,0,262.526239222971
4744397,1,5,0,24,4,2789000,1,40,6,5,0,262.526239222971
4744397,1,3,0,30,2,2715333.5,1,40,6,5,0,262.526239222971
4744397,1,6,1,27,4,3150000,1,40,6,5,0,262.526239222971
4744399,1,2,0,39,4,5e+06,1,60,6,5,0,214.002608277616
4744399,1,3,1,39,4,1400000,1,79,6,1,0,214.002608277616
4744400,1,1,1,38,1,934556.5,1,50,5,4,0,301.999063688915
4744400,1,2,0,29,1,996556.5,1,48,5,2,0,301.999063688915
4744401,1,1,0,48,2,2161166.5,1,30,6,5,0,252.747005557077
4744401,1,2,1,50,2,2125000,1,30,6,5,0,252.747005557077
4744402,1,1,1,64,5,2e+06,1,50,6,3,0,264.955748444113
4744403,1,1,0,28,2,1587000,1,44,6,5,0,322.009048049183
4744404,1,1,1,48,1,994575.3125,1,60,5,2,0,232.737021196809
4744405,1,1,0,22,4,5e+05,1,48,6,3,1,182.870370437225
4744405,1,2,1,22,4,9e+05,1,48,6,2,1,182.870370437225
4744409,1,2,1,32,1,2708333.25,1,48,6,5,0,218.715258762655
4744410,1,2,0,61,2,7083333,1,30,6,5,0,199.980845843463
4744410,1,3,1,27,1,921119.6875,1,48,6,5,0,199.980845843463
4744411,1,2,0,34,1,489500,1,40,6,2,0,252.747005557077
4744411,1,1,1,36,1,1327833.375,1,112,3,2,0,252.747005557077
4744412,1,2,0,37,1,1388211,1,48,5,5,0,338.628934858116
4744413,1,2,0,35,4,4e+05,1,70,4,1,1,282.822496178226
4744413,1,1,1,41,1,866666.6875,1,72,3,2,1,282.822496178226
4744414,1,2,1,61,4,3e+05,1,42,1,1,1,246.221335524921
4744415,1,2,0,27,1,869453,1,45,6,5,0,309.490611633776
4744415,1,3,0,35,5,1200000,1,54,6,2,0,309.490611633776
4744416,1,1,1,36,1,3180000,1,48,6,5,0,193.264196730865
4744416,1,4,1,62,2,3020833.25,1,48,6,5,0,193.264196730865
4744416,1,2,0,36,4,7e+05,1,42,5,1,1,193.264196730865
4744419,1,2,1,59,1,3966666.75,1,48,5,5,0,299.842100543163
4744419,1,3,1,35,1,2281000,1,48,6,5,0,299.842100543163
4744420,1,1,0,34,5,2e+06,1,30,6,2,1,215.473581272377
4744422,1,1,1,26,4,6e+05,1,48,5,1,1,232.737021196809
4744422,1,2,0,35,4,3e+06,1,50,6,5,0,232.737021196809
4744423,1,1,1,62,4,1200000,1,35,4,1,1,222.927236638882
4744424,1,1,1,55,4,8e+05,1,72,6,1,1,246.221335524921
4744425,1,2,1,51,4,6e+05,1,48,3,2,1,224.55493864382
4744425,1,4,0,24,1,899453,1,60,5,2,0,224.55493864382
4744426,1,2,0,32,1,2166666.75,1,48,6,5,0,322.009048049183
4744426,1,1,1,34,1,1929877.625,1,65,6,4,0,322.009048049183
4744427,1,1,0,59,4,5e+05,1,25,3,1,1,229.64388575148
4744428,1,2,0,47,1,979453,1,48,4,4,0,215.431144236885
4744429,1,1,0,62,1,3583333.25,1,50,6,4,0,229.64388575148
4744430,1,1,1,49,4,4e+06,1,48,6,5,0,237.449671681848
4744431,1,1,0,55,1,1210711,1,48,5,5,0,218.029268611664
4744431,1,3,0,20,1,781242,1,35,4,4,1,218.029268611664
4744431,1,2,1,58,4,3e+05,1,48,6,1,1,218.029268611664
4744432,1,1,0,53,1,3799666.75,1,55,6,5,0,235.271957440137
4744432,1,2,1,23,4,120000,1,12,6,1,1,235.271957440137
4744433,1,1,0,28,1,995244.6875,1,48,5,4,0,292.809411313105
4744435,1,1,1,41,4,1200000,1,40,6,1,1,232.737021196809
4744435,1,2,0,38,4,1500000,1,25,6,4,0,232.737021196809
4744437,1,1,1,32,1,1800000,1,70,6,5,0,237.449671681848
4744440,1,1,1,49,4,7e+05,1,60,5,1,1,215.431144236885
4744440,1,2,0,48,1,1145333.375,1,36,5,5,0,215.431144236885
4744441,1,1,1,46,1,3250000,1,40,6,5,0,368.010340627637
4744442,1,1,1,61,4,1e+06,1,40,6,1,1,281.395812028481
4744442,1,2,0,58,1,1063211,1,48,6,4,0,281.395812028481
4744445,1,1,1,37,1,1706000,1,70,5,5,0,331.132842456118
4744446,1,1,0,44,1,1193333.375,1,78,3,2,0,214.002608277616
4744446,1,3,1,41,4,1e+06,1,54,3,1,0,214.002608277616
4744448,1,2,0,19,1,869453,1,60,6,4,0,200.133810361656
4744449,1,4,1,36,1,869453,1,48,3,3,1,210.040812549974
4744449,1,5,0,31,1,984877.6875,1,48,5,5,0,210.040812549974
4744450,1,1,1,45,2,6249999.5,1,40,6,5,0,250.984610010679
4744451,1,1,1,35,1,2850000,1,48,6,5,0,232.737021196809
4744451,1,2,0,34,1,2266666.75,1,42,6,5,0,232.737021196809
4744452,1,1,1,55,5,1.2e+07,1,10,6,4,0,232.051031045818
4744453,1,1,1,56,1,14200000,1,40,6,4,0,235.292708536096
4744453,1,2,0,57,1,9e+05,1,40,6,4,1,235.292708536096
4744453,1,3,1,26,1,2708333.25,1,40,6,4,0,235.292708536096
4744454,1,3,0,41,4,2800000,1,48,6,5,0,233.363227108217
4744455,1,1,0,49,1,2113333.25,1,42,6,5,0,249.314470970249
4744457,1,1,0,38,1,927786.3125,1,48,5,3,0,278.490686772945
4744458,1,1,1,66,1,1787500,1,66,6,4,1,276.009925759864
4744458,1,3,0,37,1,2708333.25,1,50,6,3,0,276.009925759864
4744459,1,2,1,20,1,988211,1,48,5,5,0,322.051485084675
4744460,1,1,1,47,1,1093211,1,48,6,3,0,230.932188614919
4744460,1,2,0,49,1,964556.5,1,48,4,3,0,230.932188614919
4744460,1,3,1,25,4,7e+05,1,40,6,1,1,230.932188614919
4744461,1,1,1,57,4,9e+05,1,48,6,1,1,264.955748444113
4744463,1,3,1,24,5,1800000,1,40,6,2,1,227.839053169591
4744464,1,1,1,47,1,968119.6875,1,48,3,4,0,195.421159876617
4744464,1,2,0,46,1,869453,1,56,5,5,0,195.421159876617
4744465,1,1,1,45,1,21083334,1,55,6,5,0,175.067231917713
4744465,1,3,1,30,4,2e+06,1,50,6,2,1,175.067231917713
4744465,1,2,0,51,5,2e+06,1,20,6,2,1,175.067231917713
4744465,1,6,0,35,3,975833.3125,1,48,5,1,0,175.067231917713
4744467,1,1,1,48,1,720000,1,78,4,3,1,203.073981288791
4744467,1,4,0,26,1,1453211,1,48,6,5,0,203.073981288791
4744471,1,2,0,42,1,1200000,1,48,6,3,1,215.431144236885
4744471,1,1,1,35,1,2166666.75,1,48,6,5,0,215.431144236885
4744472,1,1,1,50,1,1616666.625,1,48,6,5,0,280.141809711265
4744472,1,2,1,26,1,1e+06,1,48,6,5,0,280.141809711265
4744472,1,3,1,28,1,1647666.625,1,60,6,5,0,280.141809711265
4744473,1,1,1,45,1,4096000,1,50,3,5,0,389.508694994892
4744473,1,2,0,41,3,1255244.625,1,48,3,1,0,389.508694994892
4744474,1,3,0,57,3,866666.6875,1,48,5,1,1,216.558295616903
4744474,1,4,1,53,1,1e+06,1,48,4,2,1,216.558295616903
4744475,1,1,1,43,4,8e+05,1,40,5,1,0,195.421159876617
4744475,1,2,0,39,4,3e+06,1,50,6,5,0,195.421159876617
4744477,1,2,0,36,1,7e+05,1,75,6,2,1,195.421159876617
4744477,1,1,1,38,1,1e+06,1,48,5,2,1,195.421159876617
4744478,1,1,1,45,1,3250000,1,66,3,5,0,247.377325408799
4744478,1,3,0,24,1,1013333.3125,1,42,5,5,0,247.377325408799
4744478,1,5,0,21,1,869453,1,52,6,5,0,247.377325408799
4744479,1,1,1,37,4,780000,1,35,4,2,1,281.88078432428
4744480,1,2,0,54,4,720000,1,58,4,1,1,260.243097959074
4744481,1,1,1,28,1,2462000,1,56,5,4,0,342.01903240945
4744483,1,1,1,35,4,2e+06,1,48,5,1,1,215.431144236885
4744484,1,2,0,48,1,5e+05,1,60,5,2,1,232.737021196809
4744484,1,1,1,39,5,1e+06,1,60,4,2,1,232.737021196809
4744485,1,4,0,31,1,1063211,1,60,5,5,0,190.708509391578
4744485,1,1,0,50,4,150000,1,35,4,2,1,190.708509391578
4744486,1,3,0,18,4,50000,1,35,5,2,1,178.157719952185
4744487,1,1,1,59,1,1e+06,1,35,5,1,1,264.955748444113
4744488,1,1,1,61,1,869453,1,48,1,4,1,299.185070879924
4744488,1,2,0,55,1,1100000,1,54,4,4,1,299.185070879924
4744488,1,4,1,25,4,120000,1,48,4,1,1,299.185070879924
4744488,1,3,0,21,1,840000,1,42,4,3,1,299.185070879924
4744489,1,1,1,56,1,1540411,1,48,3,5,0,356.876523671986
4744489,1,4,1,20,1,1604877.625,1,48,6,5,0,356.876523671986
4744493,1,1,0,57,4,320000,1,40,1,1,1,229.64388575148
4744494,1,1,1,55,1,899453,1,43,5,4,0,246.221335524921
4744494,1,2,0,57,1,588211,1,24,5,4,0,246.221335524921
4744495,1,1,1,23,1,6e+05,1,30,5,3,1,257.502093077608
4744496,1,1,1,28,4,1600000,1,48,5,3,1,371.261106181021
4744497,1,1,1,61,4,7e+05,1,48,4,1,1,235.292708536096
4744497,1,3,1,37,4,250000,1,48,5,1,1,235.292708536096
4744498,1,2,1,41,1,1725000,1,50,6,4,0,251.870158309536
4744498,1,3,1,69,4,4e+05,1,4,3,1,1,251.870158309536
4744498,1,4,1,66,4,1100000,1,56,6,2,1,251.870158309536
4744500,1,1,1,58,5,1e+06,1,35,6,2,0,235.292708536096
4744500,1,3,1,26,1,984044.3125,1,48,6,4,0,235.292708536096
4744501,1,1,1,52,1,5e+05,1,48,3,2,1,237.449671681848
4744502,1,1,1,63,1,16041667,1,60,5,4,0,329.50514045118
4744502,1,2,0,38,1,8866667,1,48,6,5,0,329.50514045118
4744503,1,2,1,35,1,4500000,1,55,6,5,0,252.747005557077
4744503,1,1,0,34,2,1e+07,1,40,6,5,0,252.747005557077
4744504,1,1,1,38,1,3501000,1,40,6,5,0,246.573466088783
4744504,1,2,1,24,4,1e+06,1,48,6,1,1,246.573466088783
4744505,1,2,0,37,1,4250000,1,16,6,5,0,256.877416438355
4744506,1,1,1,35,1,5500000,1,39,6,4,0,209.032497601776
4744506,1,2,1,42,4,1500000,1,78,6,1,0,209.032497601776
4744506,1,6,1,32,1,1088211,1,12,6,5,0,209.032497601776
4744506,1,7,1,31,4,2e+06,1,25,6,1,1,209.032497601776
4744506,1,5,1,38,1,1688211,1,28,6,5,0,209.032497601776
4744508,1,1,0,40,3,930711,1,41,3,1,0,311.12285809585
4744508,1,2,1,44,1,962786.3125,1,40,3,4,0,311.12285809585
4744509,1,1,0,56,4,5e+05,1,60,4,5,1,199.604549220841
4744509,1,3,1,30,2,2066666.625,1,72,6,5,0,199.604549220841
4744509,1,2,1,38,1,1279877.625,1,48,4,3,0,199.604549220841
4744510,1,2,0,50,4,2e+06,1,20,6,1,1,232.737021196809
4744511,1,1,1,39,1,2438333.25,1,50,6,5,0,252.747005557077
4744512,1,1,1,58,1,881953,1,48,5,4,0,274.079542851049
4744512,1,2,1,23,1,954877.6875,1,48,6,3,0,274.079542851049
4744513,1,1,1,35,1,850000,1,60,3,2,1,246.573466088783
4744515,1,1,0,39,1,963619.6875,1,48,5,4,0,238.952997700595
4744518,1,1,0,63,4,4e+05,1,48,3,1,1,268.837631225195
4744518,1,4,0,41,1,974711,1,48,3,5,0,268.837631225195
4744519,1,1,0,32,2,1838211,1,48,6,5,0,243.665648185634
4744520,1,1,1,65,1,1950000,1,60,3,5,0,241.508685039882
4744521,1,1,1,58,1,7e+06,1,48,6,3,0,185.61137531869
4744521,1,2,0,53,1,1041666.6875,1,40,6,4,0,185.61137531869
4744522,1,1,1,21,1,1350000,1,56,5,5,0,289.448274249523
4744523,1,1,0,39,4,6e+05,1,36,5,5,1,225.872947120388
4744523,1,3,1,19,4,5e+05,1,40,5,1,1,225.872947120388
4744523,1,5,0,18,4,5e+05,1,32,4,5,1,225.872947120388
4744524,1,1,0,55,1,846242,1,49,6,5,0,192.328024431289
4744525,1,3,0,23,1,8e+05,1,48,5,2,1,290.681408655105
4744527,1,1,1,32,1,1616666.625,1,48,6,5,0,232.737021196809
4744529,1,1,1,33,4,2700000,1,62,6,5,0,237.449671681848
4744530,1,1,0,45,3,1006666.6875,1,48,3,2,0,243.665648185634
4744531,1,1,1,56,5,2500000,1,42,5,4,1,264.955748444113
4744533,1,2,1,21,1,869453,1,48,5,5,0,220.186231757416
4744534,1,1,1,28,4,1e+06,1,48,5,1,1,232.737021196809
4744534,1,2,0,26,1,963703,1,48,5,2,0,232.737021196809
4744535,1,1,1,38,1,2479166.75,1,40,6,5,0,252.747005557077
4744535,1,2,0,41,1,2852333.25,1,40,6,5,0,252.747005557077
4744536,1,1,0,42,1,1017371.4375,1,56,6,5,0,169.03392554525
4744536,1,2,0,22,1,890286.3125,1,48,6,3,0,169.03392554525
4744537,1,1,1,46,4,1200000,1,40,6,2,0,204.544954283552
4744537,1,2,0,40,4,1e+06,1,60,5,1,0,204.544954283552
4744538,1,1,0,40,4,3e+06,1,48,6,5,0,226.35977122571
4744539,1,1,0,23,1,1534453,1,48,6,3,0,131.718064225058
4744539,1,4,0,19,1,781242,1,48,5,2,1,131.718064225058
4744540,1,1,1,36,4,780000,1,60,5,1,1,220.143794721924
4744541,1,1,0,59,3,105000,1,3,3,1,1,229.64388575148
4744542,1,1,0,59,3,481500,1,20,4,1,0,252.164765953316
4744542,1,2,0,35,1,1054877.625,1,44,5,4,0,252.164765953316
4744542,1,3,0,33,1,1041453,1,58,5,5,0,252.164765953316
4744544,1,1,1,52,1,1656000,1,48,5,4,0,195.421159876617
4744544,1,2,0,48,1,1356711,1,48,5,4,0,195.421159876617
4744545,1,1,1,49,1,1301953,1,48,4,5,0,237.449671681848
4744546,1,1,1,23,1,1e+06,1,48,4,2,1,240.196216117684
4744546,1,2,0,24,1,1396953,1,48,5,5,0,240.196216117684
4744547,1,1,1,46,1,1279877.625,1,48,4,4,0,210.718493751846
4744547,1,3,0,26,3,941453,1,48,5,1,0,210.718493751846
4744550,1,1,1,28,1,941119.6875,1,48,4,2,0,371.261106181021
4744550,1,2,0,32,1,839575.3125,1,40,5,1,0,371.261106181021
4744552,1,1,0,51,4,1500000,1,70,5,2,1,322.987657384251
4744552,1,4,0,28,1,899453,1,48,6,4,0,322.987657384251
4744553,1,1,1,28,1,921544.3125,1,60,5,5,0,232.737021196809
4744554,1,1,0,32,1,8e+05,1,48,6,2,1,243.665648185634
4744555,1,2,0,40,1,998119.6875,1,45,5,5,0,272.756989917344
4744555,1,1,1,40,1,1125211,1,48,5,4,0,272.756989917344
4744556,1,1,1,36,1,9e+05,1,48,5,2,1,237.449671681848
4744557,1,1,0,41,1,16250000,1,40,6,4,0,394.054532458247
4744557,1,5,0,41,3,1083333.375,1,54,4,2,0,394.054532458247
4744557,1,2,1,56,1,10833333,1,40,6,4,0,394.054532458247
4744558,1,1,1,47,1,1300000,1,40,6,4,0,301.512239583593
4744558,1,2,0,47,1,1e+06,1,40,6,4,0,301.512239583593
4744558,1,6,0,62,3,781242,1,48,3,1,1,301.512239583593
4744559,1,1,1,27,1,2912500,1,48,6,5,0,237.449671681848
4744561,1,1,1,26,1,1026953,1,48,5,5,0,181.399397442463
4744562,1,1,0,34,1,1063211,1,48,6,5,0,272.799426952837
4744565,1,1,0,23,1,781242,1,48,5,4,1,269.395852853762
4744565,1,2,1,25,1,962786.3125,1,48,5,4,0,269.395852853762
4744568,1,2,0,36,1,2e+05,1,20,5,2,1,273.806996775658
4744568,1,1,1,52,4,1e+06,1,60,4,1,0,273.806996775658
4744570,1,1,0,53,1,2106000,1,48,6,5,0,206.349786865442
4744571,1,1,0,67,4,50000,1,2,6,1,0,218.715258762655
4744571,1,2,1,35,1,1588211,1,40,6,5,0,218.715258762655
4744572,1,1,0,49,4,1500000,1,40,6,1,0,187.615373946249
4744574,1,2,1,58,4,7e+05,1,50,6,1,1,260.243097959074
4744575,1,1,1,57,4,1200000,1,40,4,1,1,185.61137531869
4744575,1,2,0,49,1,2254877.75,1,48,6,5,0,185.61137531869
4744576,1,1,1,44,1,2146544.25,1,48,6,5,0,158.105298556425
4744576,1,3,0,23,1,934536.3125,1,48,6,3,0,158.105298556425
4744577,1,1,0,65,4,1500000,1,40,6,2,0,229.64388575148
4744578,1,5,0,20,3,843742,1,48,5,1,0,159.423307032993
4748048,1,2,0,62,1,950000,1,40,5,5,0,255.345129931856
4748048,1,1,1,63,1,1283333.375,1,48,6,5,0,255.345129931856
4748048,1,3,1,23,1,450000,1,40,6,5,1,255.345129931856
4748049,1,2,0,49,4,1.5e+07,1,48,6,1,0,158.105298556425
4748049,1,1,1,51,1,31250000,1,60,6,5,0,158.105298556425
4748050,1,2,0,69,4,350000,1,40,3,1,1,246.221335524921
4749946,1,1,1,38,4,4e+06,1,48,6,1,1,299.842100543163
4749946,1,2,0,37,4,2e+06,1,42,6,1,1,299.842100543163
4749947,1,1,1,58,5,3500000,1,60,5,2,0,244.60182048521
4749947,1,3,0,32,4,2500000,1,48,6,5,0,244.60182048521
4749947,1,4,1,30,1,350000,1,60,5,2,1,244.60182048521
4749948,1,1,0,33,1,1883544.375,1,60,5,5,0,158.105298556425
4749948,1,2,1,37,1,1330000,1,48,5,2,0,158.105298556425
4749949,1,1,0,61,4,2300000,1,40,6,5,0,229.64388575148
4752899,1,4,1,29,1,3e+05,1,48,5,2,1,230.932188614919
4752899,1,1,0,47,5,5e+05,1,48,3,2,1,230.932188614919
4752899,1,3,1,39,4,8e+05,1,48,3,1,1,230.932188614919
4752900,1,1,1,54,1,1.5e+07,1,55,6,5,1,252.747005557077
4752902,1,3,0,54,3,1075000,1,50,3,2,0,241.508685039882
4752903,1,1,0,42,4,8e+05,1,70,6,1,0,160.851842992261
4752906,1,1,1,53,1,1123211,1,48,5,5,0,215.129637673742
4752906,1,4,0,28,1,1288211,1,48,5,5,0,215.129637673742
4752906,1,3,0,29,1,1550711,1,48,6,5,0,215.129637673742
4752906,1,5,0,24,1,1063211,1,48,6,4,0,215.129637673742
4752907,1,1,1,65,4,2e+06,1,75,6,2,1,267.56205978412
4752907,1,2,0,52,4,8e+05,1,98,5,2,1,267.56205978412
4752907,1,5,1,19,4,360000,1,21,6,2,1,267.56205978412
4752908,1,1,1,61,1,7e+05,1,40,3,4,1,197.976847215904
4752908,1,4,0,20,1,934556.5,1,40,6,5,0,197.976847215904
4752909,1,3,1,35,4,4e+05,1,25,5,2,1,199.265150079342
4752909,1,1,1,67,4,4e+05,1,25,3,2,1,199.265150079342
4752909,1,2,1,39,4,4e+05,1,45,6,2,1,199.265150079342
4752909,1,5,0,36,4,350000,1,21,5,1,1,199.265150079342
4752912,1,3,0,45,4,781242,1,36,6,4,1,204.19282371969
4752912,1,2,0,76,4,1e+05,1,66,3,1,1,204.19282371969
4752913,1,1,1,44,1,781242,1,50,3,4,1,333.945244860829
4752913,1,4,0,24,1,965244.6875,1,48,6,5,0,333.945244860829
4752914,1,1,1,70,5,3e+07,1,42,6,4,0,246.221335524921
4752914,1,2,0,67,1,7e+06,1,35,6,4,0,246.221335524921
4752915,1,3,0,24,1,1113333.375,1,48,5,5,0,264.683202368723
4752915,1,2,1,44,1,9e+05,1,48,4,2,1,264.683202368723
4752916,1,1,0,33,1,781242,1,70,4,2,1,311.12285809585
4752916,1,2,1,35,1,8e+05,1,60,4,2,1,311.12285809585
4752917,1,1,1,25,4,7e+05,1,98,4,1,1,358.667879706136
4752918,1,1,0,24,4,4e+05,1,40,6,1,0,280.324479842587
4752919,1,3,1,30,1,1201544.375,1,50,5,5,0,214.002608277616
4752920,1,1,1,21,1,994878.6875,1,48,6,4,0,220.186231757416
4752921,1,1,0,36,1,962743,1,56,3,5,0,204.544954283552
4752921,1,2,1,52,1,7e+05,1,60,3,2,1,204.544954283552
4752922,1,1,0,35,4,2e+05,1,55,5,2,1,226.35977122571
4752923,1,1,1,52,4,3e+05,1,45,6,1,1,257.158149478973
4752924,1,1,1,40,4,1e+06,1,30,3,1,1,229.267589128859
4752925,1,1,1,56,4,6e+05,1,42,4,1,1,246.221335524921
4752927,1,1,0,38,1,1083333.375,1,54,3,4,0,234.686302873577
4752927,1,2,1,43,1,1083333.375,1,54,3,4,0,234.686302873577
4752927,1,8,1,19,1,781242,1,54,5,4,0,234.686302873577
4752927,1,5,1,29,1,1315000,1,63,3,4,0,234.686302873577
4752927,1,6,0,21,1,9e+05,1,54,6,4,1,234.686302873577
4752932,1,1,1,78,5,1.5e+07,1,48,6,2,0,246.221335524921
4752933,1,2,0,51,4,2e+06,1,30,6,1,0,260.243097959074
4752935,1,1,1,74,5,2e+07,1,40,6,2,1,246.221335524921
4752936,1,1,1,51,1,60000,1,16,5,2,1,204.544954283552
4752936,1,2,0,27,1,1800000,1,48,6,5,0,204.544954283552
4752937,1,1,1,51,4,5e+05,1,70,5,2,0,234.012592637884
4752937,1,2,0,51,4,5e+05,1,70,4,2,1,234.012592637884
4752938,1,1,1,50,4,8e+05,1,40,3,1,1,237.449671681848
4752939,1,1,1,54,4,1e+07,1,20,6,1,0,232.737021196809
4752939,1,2,0,36,1,2704166.75,1,40,6,5,0,232.737021196809
4752940,1,1,1,39,1,1288211,1,48,3,3,0,237.449671681848
4752943,1,1,0,33,4,640000,1,40,5,1,1,275.611829357548
4752949,1,2,0,35,1,380000,1,18,4,2,1,233.678733050755
4752949,1,1,1,40,4,9e+05,1,48,3,1,1,233.678733050755
4752950,1,1,1,39,4,1e+07,1,50,6,1,0,237.449671681848
4752951,1,1,0,65,1,6e+05,1,40,4,2,1,235.292708536096
4752951,1,3,1,65,4,7e+05,1,40,4,2,1,235.292708536096
4752951,1,2,1,41,4,1800000,1,40,6,1,0,235.292708536096
4752952,1,1,1,58,1,975000,1,48,5,5,0,310.770727531988
4752952,1,3,0,28,1,896666.6875,1,48,4,5,0,310.770727531988
4752954,1,3,1,27,1,650000,1,48,4,3,1,184.492532887792
4752954,1,1,1,54,4,850000,1,50,3,1,1,184.492532887792
4752954,1,2,0,47,4,350000,1,48,4,1,1,184.492532887792
4752955,1,4,1,53,4,1500000,1,40,6,4,0,213.435454558445
4752955,1,3,1,47,1,525000,1,20,6,4,1,213.435454558445
4752956,1,2,1,45,1,2e+06,1,70,4,2,0,199.832303798513
4752956,1,4,0,50,1,781242,1,56,5,2,1,199.832303798513
4752956,1,5,0,21,1,1088211,1,48,6,5,0,199.832303798513
4752957,1,1,0,61,4,1e+05,1,40,1,1,1,326.139458930462
4752957,1,2,0,38,1,869453,1,48,5,2,1,326.139458930462
4752957,1,3,0,19,1,894453,1,48,5,5,1,326.139458930462
4752958,1,1,0,58,4,5e+05,1,30,3,1,1,246.221335524921
4752960,1,1,1,62,4,2e+05,1,2,4,1,1,235.292708536096
4752960,1,2,0,56,4,1e+05,1,8,3,1,1,235.292708536096
4752960,1,3,1,34,4,168000,1,24,4,1,1,235.292708536096
4752961,1,1,1,63,4,7e+05,1,10,6,1,1,235.292708536096
4752961,1,3,1,27,1,1566666.625,1,48,6,5,0,235.292708536096
4752962,1,1,1,47,4,1200000,1,40,4,1,1,247.377325408799
4752962,1,3,0,22,4,1400000,1,48,5,5,0,247.377325408799
4752963,1,2,0,38,1,4e+05,1,38,6,5,1,261.870799964012
4752964,1,3,0,26,1,2708333.25,1,48,5,4,0,196.696731317692
4752964,1,5,1,30,1,896666.6875,1,48,5,4,0,196.696731317692
4752965,1,3,0,38,1,2799044.5,1,36,6,5,0,236.796034554842
4752966,1,2,0,45,1,932743,1,54,5,5,0,208.956098205448
4752966,1,5,1,20,4,1500000,1,49,6,5,0,208.956098205448
4752967,1,1,1,54,4,6e+05,1,48,5,1,1,261.870799964012
4752968,1,1,1,53,5,1600000,1,48,4,2,1,176.310450334803
4752968,1,3,1,25,1,8e+05,1,48,4,2,1,176.310450334803
4752968,1,4,1,21,1,8e+05,1,48,4,2,1,176.310450334803
4752972,1,2,0,34,1,899453,1,48,6,4,0,301.999063688915
4752973,1,3,0,26,1,1227877.625,1,48,6,5,0,250.590042411324
4752973,1,4,1,29,1,1435000,1,65,5,5,0,250.590042411324
4752974,1,1,1,40,1,9483334,1,53,6,5,0,387.838555954461
4752974,1,2,0,42,2,1800000,1,40,6,5,0,387.838555954461
4752975,1,1,0,36,1,5333333.5,1,50,6,5,0,243.665648185634
4752976,1,1,1,43,1,4e+06,1,48,6,4,0,292.388445176658
4752976,1,2,0,33,2,2039044.375,1,48,6,5,0,292.388445176658
4752977,1,1,0,70,4,270000,1,21,4,1,1,229.64388575148
4752979,1,3,0,30,1,3166666.75,1,40,6,4,0,214.002608277616
4752979,1,2,1,38,1,1800000,1,40,6,2,1,214.002608277616
4752980,1,1,1,69,4,1e+06,1,30,6,1,0,246.221335524921
4752981,1,1,1,36,1,4983333.5,1,40,6,5,0,232.737021196809
4752981,1,2,0,50,1,14500000,1,40,6,5,0,232.737021196809
4752982,1,1,0,69,4,8e+05,1,45,4,1,1,218.715258762655
4752982,1,2,1,43,4,2e+06,1,40,6,1,0,218.715258762655
4752983,1,2,1,43,4,4e+05,1,40,4,1,1,207.78663177383
4752984,1,1,1,54,4,450000,1,12,4,1,1,230.932188614919
4752984,1,2,0,46,4,768000,1,32,3,1,1,230.932188614919
4752985,1,1,1,30,1,866666.6875,1,48,5,5,0,237.449671681848
4752986,1,2,0,27,4,6e+05,1,48,3,1,1,254.022576998152
4752986,1,1,1,34,5,8e+05,1,48,3,2,1,254.022576998152
4752987,1,2,0,31,4,1e+06,1,56,6,1,1,331.132842456118
4752987,1,1,1,33,1,2588333.25,1,52,5,4,0,331.132842456118
4752988,1,3,0,27,1,1093211,1,48,5,5,0,283.264650769722
4752988,1,2,1,32,1,1099453,1,48,5,5,0,283.264650769722
4752990,1,1,1,36,1,1773211,1,48,6,2,0,322.009048049183
4752990,1,2,0,33,1,2708333.25,1,48,6,4,0,322.009048049183
4752991,1,1,0,59,1,936119.6875,1,52,5,2,0,218.715258762655
4752991,1,2,1,29,1,1040000,1,48,6,5,0,218.715258762655
4752994,1,1,0,58,4,2e+06,1,30,5,1,1,229.64388575148
4752995,1,1,1,37,4,5e+06,1,26,6,1,0,237.449671681848
4752996,1,5,0,58,3,866666.6875,1,60,3,1,1,243.136387044819
4752997,1,3,0,23,1,8e+05,1,48,6,5,0,187.615373946249
4752999,1,1,0,41,2,3450000,1,48,6,5,0,243.665648185634
4753000,1,1,1,36,1,1804877.625,1,48,6,5,0,232.737021196809
4753000,1,2,0,32,1,1062877.75,1,49,6,5,0,232.737021196809
4753002,1,1,0,34,1,8650000,1,40,6,5,0,232.737021196809
4753002,1,2,1,26,1,2900000,1,45,6,5,0,232.737021196809
4753003,1,1,0,54,4,1e+06,1,60,6,1,0,243.665648185634
4753004,1,1,1,41,1,3950000,1,48,6,5,0,207.78663177383
4753004,1,2,1,29,1,2067000,1,48,6,5,0,207.78663177383
4753008,1,1,0,48,4,380000,1,24,5,1,1,232.737021196809
4753008,2,1,1,53,4,6e+05,1,64,4,1,1,232.737021196809
4753011,1,1,0,44,1,2253333.25,1,48,5,5,0,250.984610010679
4753012,1,2,0,24,1,1110000,1,43,5,5,0,270.71386133033
4753012,1,4,1,21,1,1288211,1,48,6,4,0,270.71386133033
4753014,1,1,0,48,2,2333333.25,1,40,6,5,0,224.931235266441
4753015,1,3,0,28,1,3137500,1,66,6,5,0,241.508685039882
4753016,1,1,0,52,1,1088211,1,40,6,4,0,241.860815603744
4753016,1,2,1,25,1,1398000,1,40,6,5,0,241.860815603744
4753018,1,4,1,27,1,5e+05,1,40,5,2,1,247.157507824497
4753020,1,1,1,66,4,5e+05,1,50,3,2,0,246.221335524921
4753021,1,1,0,49,4,5e+05,1,48,4,1,1,169.03392554525
4753021,1,2,0,21,1,1471544.375,1,40,6,5,0,169.03392554525
4753022,1,1,0,39,1,960953,1,48,5,4,0,195.421159876617
4753024,1,1,1,54,1,1e+06,1,65,6,3,1,195.421159876617
4753024,1,2,0,47,1,7e+05,1,65,5,3,1,195.421159876617
4753025,1,3,1,34,1,1024453,1,40,5,2,0,225.210377902779
4753025,1,4,0,38,1,1153211,1,52,5,5,0,225.210377902779
4753026,1,1,1,43,1,750000,1,48,3,2,1,322.009048049183
4753027,1,2,0,29,2,1633333.375,1,48,6,5,0,224.931235266441
4753028,1,2,0,35,3,918211,1,66,5,2,0,195.421159876617
4753029,1,1,1,54,1,568211,1,50,4,2,1,203.973256107245
4753029,1,3,1,30,4,5e+05,1,50,5,1,1,203.973256107245
4753029,1,5,1,27,4,4e+05,1,35,4,1,1,203.973256107245
4753029,1,8,1,21,4,5e+05,1,56,4,1,1,203.973256107245
4753030,1,2,0,61,4,4e+05,1,20,3,1,1,224.364081547271
4753030,1,4,1,32,4,5300000,1,40,6,5,0,224.364081547271
4753030,1,3,1,42,1,915286.3125,1,44,6,5,0,224.364081547271
4753031,1,3,0,22,1,9e+05,1,50,6,5,0,224.597375679313
4753031,1,2,1,22,1,840000,1,48,4,4,0,224.597375679313
4753031,1,1,0,47,1,720000,1,50,4,3,1,224.597375679313
4753033,1,3,1,51,1,1221666.625,1,48,5,5,0,207.78663177383
4753037,1,2,0,25,1,1866666.625,1,48,6,4,0,465.474042393618
4753037,1,1,1,51,1,3250000,1,50,6,3,0,465.474042393618
4753039,1,2,0,28,1,1194544.375,1,48,5,5,0,322.009048049183
4753040,1,2,0,23,4,3e+05,1,10,6,1,1,200.133810361656
4753040,1,1,1,31,2,2162500,1,77,6,5,0,200.133810361656
4753041,1,2,1,49,4,9e+05,1,60,4,2,1,218.715258762655
4753041,1,1,0,79,4,60000,1,10,1,1,1,218.715258762655
4753043,1,1,1,37,1,1.2e+07,1,60,6,5,0,644.018096098365
4753043,1,2,0,35,1,8500000,1,60,6,4,0,644.018096098365
4753044,1,1,1,29,1,3991666.75,1,60,6,5,0,237.449671681848
4753045,1,1,1,49,1,1288211,1,48,5,4,0,311.12285809585
4753045,1,3,1,24,1,869453,1,40,6,3,1,311.12285809585
4753048,1,3,0,30,1,965453,1,48,6,4,0,219.490157594918
4753048,1,2,0,56,1,869453,1,48,5,5,0,219.490157594918
4753048,1,1,1,59,1,1088211,1,48,4,5,0,219.490157594918
4753049,1,2,0,36,1,899453,1,48,3,3,0,241.860815603744
4753049,1,1,1,29,1,869453,1,48,5,3,0,241.860815603744
4753050,1,1,1,33,1,3166666.75,1,55,6,5,0,237.449671681848
4753052,1,2,0,45,4,1500000,1,24,6,1,1,261.828362928519
4753053,1,3,0,23,4,2300000,1,48,6,5,0,213.668748690488
4753054,1,2,0,38,1,1288211,1,48,6,3,0,529.366404737446
4753056,1,3,0,26,1,1092211,1,48,6,5,0,260.238553501938
4753057,1,1,1,30,4,3e+06,1,48,6,1,1,237.449671681848
4753058,1,3,1,21,1,1659044.375,1,48,6,5,0,261.913236999505
4753061,1,1,0,53,4,5e+05,1,48,3,1,1,238.952997700595
4753062,1,3,1,31,1,680000,1,70,5,4,1,250.942172975187
4753062,1,1,1,41,1,922496.9375,1,60,5,5,0,250.942172975187
4753062,1,4,1,18,1,6e+05,1,20,5,5,1,250.942172975187
4753062,1,2,0,48,1,962743,1,48,5,5,0,250.942172975187
4753064,1,1,1,28,1,8e+05,1,60,4,2,1,322.009048049183
4753066,1,1,0,53,1,1226666.625,1,48,4,5,0,234.240347215556
4753066,1,3,0,28,1,1408333.375,1,48,6,3,0,234.240347215556
4753067,1,2,1,50,5,9e+05,1,54,5,2,1,227.839053169591
4753067,1,1,0,56,4,4e+05,1,60,3,1,1,227.839053169591
4753067,1,3,1,24,1,7e+05,1,35,5,5,0,227.839053169591
4753068,1,1,0,44,1,1.2e+07,1,48,6,5,0,412.699573730884
4753069,1,2,1,58,4,850000,1,48,5,1,1,262.798785298361
4753069,1,3,1,58,1,750000,1,48,5,2,1,262.798785298361
4753070,1,2,1,64,4,6e+05,1,40,3,1,1,276.253394013344
4753070,1,3,1,29,4,6e+05,1,30,5,1,1,276.253394013344
4753070,1,4,1,55,1,932743,1,48,5,4,0,276.253394013344
4753070,1,5,1,57,4,8e+05,1,56,5,1,1,276.253394013344
4753072,1,3,0,24,1,866666.6875,1,48,6,5,0,232.051031045818
4753073,1,2,1,60,4,1200000,1,55,4,1,1,264.468924338791
4753074,1,1,1,30,1,934556.5,1,48,5,5,0,232.737021196809
4753074,1,2,0,27,1,948211,1,48,6,4,0,232.737021196809
4753076,1,1,1,53,4,1e+07,1,40,6,1,0,474.899343363696
4753077,1,1,1,62,4,5e+05,1,50,3,1,1,264.955748444113
4753078,1,1,1,24,4,6e+05,1,50,5,2,1,240.196216117684
4753079,1,1,1,35,1,865791.6875,1,50,4,5,0,252.747005557077
4753079,1,2,0,38,4,50000,1,20,5,1,1,252.747005557077
4753080,1,1,0,45,1,806666.6875,1,48,5,5,0,243.665648185634
4753081,1,1,0,28,1,2050000,1,48,6,5,0,243.665648185634
4753082,1,1,1,51,4,4e+06,1,30,6,1,1,316.21059711285
4753082,1,2,0,49,1,9750000,1,48,6,4,0,316.21059711285
4753083,1,1,1,29,1,1238211,1,48,6,5,0,322.009048049183
4753083,1,2,0,27,1,2210877.75,1,48,6,5,0,322.009048049183
4753084,1,2,1,33,1,935244.6875,1,48,5,5,0,216.711260135096
4753084,1,1,1,61,1,935244.6875,1,60,3,4,0,216.711260135096
4753085,1,1,0,24,1,960244.6875,1,48,5,5,0,280.324479842587
4753086,1,1,0,69,4,5e+05,1,24,4,1,1,218.715258762655
4753086,1,2,1,30,1,781242,1,48,5,2,0,218.715258762655
4753087,1,1,1,31,1,864575.3125,1,48,3,4,0,209.257604768591
4753087,1,2,1,24,1,900703,1,48,5,3,0,209.257604768591
4753087,1,3,0,23,1,869453,1,48,3,5,0,209.257604768591
4753088,1,1,0,25,1,833333.3125,1,48,6,3,0,217.095743722945
4753088,1,3,1,29,1,780000,1,48,4,4,1,217.095743722945
4753088,1,2,1,44,1,8e+05,1,60,4,5,0,217.095743722945
4753089,1,1,1,57,4,5e+05,1,24,3,1,1,299.842100543163
4753089,1,2,0,64,4,2e+05,1,21,3,1,1,299.842100543163
4753089,2,2,0,41,1,962703,1,48,4,3,0,299.842100543163
4753089,2,1,1,43,1,8e+05,1,48,4,2,1,299.842100543163
4753090,1,1,0,40,1,911953,1,48,3,5,0,206.349786865442
4753096,1,1,1,61,5,1.5e+07,1,50,6,3,0,470.585417072191
4753097,1,1,1,44,1,2900000,1,66,5,5,0,228.02437071177
4753097,1,2,0,49,1,1396544.375,1,45,6,4,0,228.02437071177
4753097,1,3,0,27,1,2958333.5,1,40,6,5,0,228.02437071177
4753098,1,1,0,42,1,8e+05,1,48,3,2,1,282.930791182594
4753098,1,4,1,39,1,929453,1,48,3,4,0,282.930791182594
4753099,1,1,1,32,1,1150000,1,60,5,5,0,237.449671681848
4753100,1,1,1,30,2,3666666.75,1,48,6,5,0,232.737021196809
4753101,1,1,1,21,1,8e+05,1,48,5,2,1,289.448274249523
4753101,1,2,0,23,1,4e+05,1,40,5,2,1,289.448274249523
4753102,1,1,1,29,1,1165556.5,1,48,5,5,0,220.143794721924
4753104,1,1,0,70,4,5e+05,1,30,3,1,1,229.64388575148
4753105,1,6,0,20,1,869453,1,48,6,3,0,310.113697868749
4753105,1,1,0,55,3,1004877.6875,1,56,5,2,0,310.113697868749
4753105,1,3,0,24,1,992744.6875,1,48,5,2,0,310.113697868749
4753106,1,1,1,27,1,979453,1,40,4,4,0,289.40583721403
4753107,1,1,0,40,1,897866.6875,1,48,5,4,0,252.789442592569
4753108,1,1,1,34,1,8e+05,1,54,5,2,1,232.737021196809
4753108,1,2,0,46,4,8e+05,1,66,3,1,1,232.737021196809
4753109,1,1,1,41,1,3900000,1,48,6,5,0,257.459656042116
4753110,1,1,0,54,4,5e+05,1,40,5,1,1,224.931235266441
4753111,1,1,1,56,5,2e+06,1,48,4,2,1,264.955748444113
4753112,1,1,0,38,1,932743,1,56,5,5,0,215.473581272377
4753113,1,3,0,24,1,918211,1,48,5,5,0,230.071448448875
4753113,1,1,1,50,4,7e+05,1,48,4,1,1,230.071448448875
4753113,1,2,0,46,4,4e+05,1,77,4,1,1,230.071448448875
4753113,1,6,0,22,1,1e+06,1,70,5,4,1,230.071448448875
4753114,1,2,0,48,1,8e+05,1,50,5,3,1,230.932188614919
4753114,1,1,1,50,1,1527544.375,1,48,5,5,0,230.932188614919
4753114,1,3,1,25,1,954877.6875,1,48,6,5,0,230.932188614919
4753115,1,6,0,27,1,1171544.375,1,48,6,4,0,347.814042776789
4753115,1,2,0,27,1,1014877.6875,1,48,6,5,0,347.814042776789
4753116,1,1,0,31,3,8e+05,1,48,5,1,1,402.199717530114
4753117,1,1,1,36,1,1381211,1,48,5,5,0,237.449671681848
4753118,1,2,0,39,4,1e+05,1,18,3,1,1,261.870799964012
4753118,1,1,1,49,4,5e+05,1,48,3,1,1,261.870799964012
4753119,1,1,0,35,1,994556.5,1,54,5,1,0,322.051485084675
4753120,1,1,1,63,4,1500000,1,40,6,4,1,264.955748444113
4753122,1,1,1,49,4,1200000,1,48,6,5,0,235.292708536096
4753122,1,3,1,55,1,781242,1,48,5,5,0,235.292708536096
4753123,1,1,1,40,1,1099453,1,72,4,3,0,257.459656042116
4753124,1,1,1,24,1,965244.6875,1,48,5,4,0,289.448274249523
4753125,1,1,0,54,4,8e+05,1,60,4,2,1,399.328053717475
4753125,1,6,0,24,1,8e+05,1,40,4,4,1,399.328053717475
4753125,1,12,1,19,4,980000,1,70,4,1,1,399.328053717475
4753126,1,1,1,33,1,929953,1,48,5,5,0,371.261106181021
4753126,1,2,0,34,1,1917377.625,1,48,6,4,0,371.261106181021
4753127,1,1,1,43,1,877242,1,72,3,4,0,237.449671681848
4753128,1,1,1,42,1,1.2e+07,1,55,6,5,0,342.01903240945
4753128,1,2,0,37,4,2500000,1,15,6,1,0,342.01903240945
4753129,1,1,1,30,1,1271544.375,1,48,5,4,0,301.999063688915
4753129,1,2,0,25,1,480000,1,54,5,2,1,301.999063688915
4753131,1,2,0,33,4,1500000,1,12,6,1,1,215.431144236885
4753131,1,1,1,33,1,938771,1,48,6,4,0,215.431144236885
4753132,1,1,1,36,4,3e+05,1,5,6,1,0,237.449671681848
4753133,1,2,0,23,1,6e+05,1,48,4,2,1,309.415821574298
4753134,1,1,1,31,1,2030000,1,72,5,5,0,283.264650769722
4753134,1,2,0,29,1,1243211,1,48,6,5,0,283.264650769722
4753135,1,3,0,31,1,906119.6875,1,48,6,2,0,236.796034554842
4753135,1,1,0,65,4,280000,1,14,3,1,1,236.796034554842
4753135,1,2,0,34,1,932743,1,48,4,5,0,236.796034554842
4753136,1,2,0,20,1,9e+05,1,48,6,5,0,275.611829357548
4753137,1,2,0,19,1,5e+05,1,72,4,2,1,200.133810361656
4753137,1,1,1,26,1,869453,1,48,5,4,0,200.133810361656
4753138,1,1,0,29,1,987244.6875,1,48,5,3,0,332.937675038008
4753139,1,1,1,46,1,8e+05,1,60,5,2,0,237.449671681848
4753140,1,5,1,19,1,820000,1,60,5,3,1,318.582053016726
4753140,1,1,1,21,4,1200000,1,72,5,2,1,318.582053016726
4755707,1,1,1,61,4,7e+06,1,7,6,1,0,244.60182048521
4755707,1,3,0,29,1,3200000,1,48,6,3,0,244.60182048521
4755707,1,4,1,26,1,5191666.5,1,60,6,5,0,244.60182048521
4755860,1,1,1,39,1,4e+06,1,48,6,5,0,227.510631909004
4755860,1,2,0,32,1,2500000,1,48,6,5,0,227.510631909004
4755861,1,1,1,23,1,3e+05,1,35,5,2,1,285.679431433389
4755861,1,2,0,19,1,930000,1,48,5,2,1,285.679431433389
4757302,1,1,0,61,4,4e+05,1,50,4,1,1,218.337476075395
4757302,1,2,1,28,1,2166666.75,1,54,6,5,0,218.337476075395
4757303,1,2,1,52,5,4e+07,1,60,6,2,0,227.510631909004
4757303,1,1,0,49,5,4e+07,1,60,6,2,0,227.510631909004
4757305,1,1,1,34,4,1e+06,1,48,3,1,1,460.015686215609
4757306,1,2,0,22,1,865000,1,52,5,2,1,324.532867177646
4757314,1,2,0,52,1,1611211,1,48,6,5,0,292.522102620111
4757316,1,1,0,41,4,1200000,1,72,4,1,1,295.693696275342
4757318,1,2,1,45,4,1500000,1,50,4,1,1,227.510631909004
4757318,1,1,0,44,4,150000,1,65,4,1,1,227.510631909004
4757320,1,1,0,34,1,860000,1,48,4,4,0,297.654686615606
4757323,1,1,1,44,1,1746333.375,1,60,6,5,0,269.813294528539
4757325,1,1,0,27,1,927786.3125,1,52,5,2,0,282.671859405467
4757326,1,1,1,22,1,840000,1,63,6,2,1,285.679431433389
4757327,1,2,1,40,4,8e+05,1,40,3,1,1,199.202662834903
4757328,1,2,0,31,4,20000,1,10,5,1,1,295.252041427986
4757328,1,1,1,37,4,780000,1,20,6,1,1,295.252041427986
4757333,1,2,1,38,4,5e+06,1,45,6,1,0,227.510631909004
4757333,1,1,0,35,1,6750000,1,40,6,5,0,227.510631909004
4757335,1,2,1,59,4,950000,1,42,3,1,0,244.060423913251
4757336,1,1,1,31,1,1188211,1,60,6,5,0,227.510631909004
4757336,1,2,0,33,1,1021544.3125,1,48,5,5,0,227.510631909004
4757337,1,1,1,63,4,3e+05,1,84,3,2,0,242.735459371184
4757337,1,3,1,38,1,869453,1,48,6,5,0,242.735459371184
4757338,1,3,1,26,4,6e+05,1,24,6,1,1,163.617903426288
4757338,1,2,0,25,4,781242,1,50,6,1,1,163.617903426288
4757339,1,1,0,27,1,4200000,1,48,6,5,0,227.510631909004
4757339,1,2,1,25,1,1500000,1,48,6,5,0,227.510631909004
4757340,1,1,1,28,1,5833333.5,1,50,6,4,0,263.095391317619
4757341,1,2,0,31,4,6e+05,1,45,6,2,1,227.510631909004
4757341,1,1,1,44,4,1e+06,1,40,5,1,1,227.510631909004
4757343,1,1,0,53,2,2333333.5,1,48,6,5,0,208.03400965728
4757345,1,2,1,51,4,5e+05,1,60,6,1,0,163.617903426288
4757345,1,3,0,25,4,781242,1,48,6,4,0,163.617903426288
4757346,1,2,0,37,1,860000,1,48,5,5,0,301.969944638906
4757346,1,1,1,42,5,2e+06,1,70,4,2,1,301.969944638906
4757347,1,2,1,30,1,8e+05,1,40,6,4,1,295.252041427986
4757348,1,1,1,61,4,1e+06,1,60,3,1,1,244.060423913251
4757349,1,1,1,41,1,966556.5,1,40,6,5,0,199.202662834903
4757350,1,1,0,72,4,150000,1,5,3,1,0,199.644317682258
4757351,1,1,0,55,1,3e+06,1,50,6,5,0,199.644317682258
4757352,1,2,0,48,4,1500000,1,48,6,5,0,310.676523485481
4757353,1,2,0,42,4,3e+05,1,76,5,2,1,240.946438330844
4757353,1,1,1,44,1,999453,1,48,3,5,0,240.946438330844
4757354,1,1,0,25,2,4e+06,1,35,6,5,0,227.95228675636
4757355,1,2,0,51,4,1e+05,1,5,5,1,1,227.068977061648
4757355,1,1,1,54,2,1109660,1,48,5,5,0,227.068977061648
4757356,1,1,0,60,1,935244.6875,1,48,4,5,0,286.078885594377
4757356,1,2,1,32,1,781242,1,60,4,5,1,286.078885594377
4757357,1,5,1,28,1,3350000,1,48,6,5,0,217.89582122804
4757357,1,2,1,34,4,1500000,1,60,6,3,1,217.89582122804
4757357,1,1,0,41,1,1496544.375,1,50,6,5,0,217.89582122804
4757359,1,1,1,28,1,1e+06,1,50,5,2,1,349.971614077093
4757360,1,1,1,51,1,1841666.625,1,48,5,5,0,249.653017177419
4757362,1,1,1,35,1,869453,1,48,5,5,0,227.510631909004
4757362,1,2,0,32,1,869453,1,48,5,5,0,227.510631909004
4757363,1,1,0,29,1,781242,1,70,6,2,1,227.510631909004
4757363,1,2,1,29,1,1288211,1,60,6,2,0,227.510631909004
4757364,1,1,0,22,1,2e+06,1,61,5,5,0,270.254949375894
4757365,1,1,1,33,1,781242,1,60,5,5,1,310.676523485481
4757365,1,2,0,33,1,781242,1,48,5,5,1,310.676523485481
4757366,1,1,0,56,5,1e+06,1,48,6,2,1,298.779996562358
4757366,1,2,1,55,4,7e+05,1,35,5,1,1,298.779996562358
4757367,1,2,0,30,1,8e+05,1,65,6,3,1,242.935113966499
4757367,1,1,1,27,1,1073742,1,70,5,5,0,242.935113966499
4757368,1,1,0,43,1,866666.6875,1,48,3,5,0,324.553984754676
4757368,1,3,1,22,1,1113333.375,1,48,6,5,0,324.553984754676
4757368,1,2,0,23,1,975000,1,48,6,5,0,324.553984754676
4757369,1,1,0,24,1,2054166.625,1,42,6,5,0,270.254949375894
4757370,1,1,0,43,1,1718211,1,40,6,5,0,243.376768813855
4757371,1,2,0,43,1,6900000,1,40,6,5,0,242.935113966499
4757371,1,1,1,51,4,1e+06,1,48,6,1,1,242.935113966499
4757372,1,2,1,38,1,888211,1,48,5,4,1,199.202662834903
4757373,1,1,1,59,4,1500000,1,42,6,1,1,294.510778255767
4757375,1,3,1,23,4,8e+05,1,42,6,1,1,259.484905970746
4757376,1,2,0,60,4,50000,1,48,3,1,1,244.060423913251
4757377,1,4,1,30,1,3100000,1,40,6,4,0,131.768523082487
4757377,1,2,1,52,1,1604877.625,1,48,5,5,0,131.768523082487
4757380,1,3,0,39,1,877033.6875,1,48,4,3,0,263.195237153743
4757381,1,1,1,54,1,908211,1,72,4,4,0,295.252041427986
4757382,1,1,0,45,1,934556.5,1,48,6,2,0,199.085430558665
4757382,1,2,0,25,1,1900000,1,40,6,5,0,199.085430558665
4757385,1,3,0,45,3,3e+05,1,30,6,1,1,195.033290364436
4757385,1,4,0,35,1,1109211,1,48,5,5,0,195.033290364436
4757387,1,1,1,52,1,995252.6875,1,48,6,4,0,369.711354157887
4757389,1,1,0,72,1,934556.5,1,48,5,2,1,199.644317682258
4757390,1,1,0,39,1,1888211,1,48,6,5,0,234.67018996728
4757391,1,2,0,25,1,931953,1,48,5,2,0,243.376768813855
4757392,1,1,1,58,4,8e+05,1,48,3,1,1,259.04325112339
4757394,1,1,0,52,1,958786.3125,1,50,5,5,0,234.228535119924
4757395,1,2,0,45,1,3250000,1,40,6,5,0,279.086296198272
4757396,1,1,1,63,4,1e+06,1,70,3,1,1,307.953152395967
4757398,1,1,1,30,4,8e+05,1,48,4,1,1,227.510631909004
4757399,1,3,1,40,1,967786.3125,1,48,3,5,0,163.176248578932
4757399,1,4,1,38,1,935244.6875,1,48,5,4,0,163.176248578932
4757401,1,1,0,56,2,3700000,1,40,6,5,0,164.059558273644
4757402,1,3,0,28,1,2500000,1,48,6,4,0,201.198874170123
4757402,1,1,1,56,2,7500000,1,48,6,5,0,201.198874170123
4757402,1,2,0,54,4,5e+05,1,38,5,2,1,201.198874170123
4757402,1,4,0,25,1,1038211,1,48,6,4,0,201.198874170123
4757403,1,1,0,41,1,934453,1,48,4,5,0,282.230204558111
4757403,1,2,1,45,4,850000,1,48,3,1,1,282.230204558111
4757407,1,1,0,46,1,2500000,1,50,6,5,0,249.653017177419
4757408,1,3,0,20,1,950833.3125,1,48,6,5,0,579.05622493931
4757409,1,1,0,60,4,450000,1,40,4,1,1,398.405325669805
4757410,1,2,1,57,4,4e+05,1,40,4,1,1,272.368392987352
4757410,1,1,0,46,1,936119.6875,1,48,5,5,0,272.368392987352
4757412,1,3,1,52,1,934556.5,1,65,4,2,0,500.673344553629
4757412,1,2,0,58,3,540000,1,27,4,1,1,500.673344553629
4757413,1,3,1,28,1,4875000,1,40,6,4,0,243.618769065895
4757413,1,1,1,60,2,1.5e+07,1,48,6,5,0,243.618769065895
4757414,1,1,0,59,1,5e+05,1,48,3,2,1,218.779130922751
4757415,1,1,0,47,4,6e+05,1,48,5,1,1,250.094672024774
4757416,1,3,1,38,4,8e+05,1,50,5,1,1,487.23753813179
4757416,1,1,1,59,1,931953,1,48,3,5,0,487.23753813179
4757417,1,2,0,36,1,899453,1,25,6,4,0,455.021263818008
4757417,1,1,1,37,1,1713211,1,60,6,5,0,455.021263818008
4757418,1,2,1,37,4,480000,1,48,3,1,1,295.252041427986
4757418,1,1,0,32,4,1600000,1,30,6,5,0,295.252041427986
4757421,1,2,0,37,4,1500000,1,100,5,1,1,547.568156162978
4757422,1,2,0,30,4,7e+05,1,34,6,1,0,272.368392987352
4757423,1,1,0,28,1,3108333.25,1,50,6,5,0,227.95228675636
4757424,1,1,0,47,1,650000,1,48,3,3,1,234.67018996728
4757426,1,1,1,70,1,8e+05,1,60,4,2,1,240.162974472257
4757426,1,4,0,47,1,933586.3125,1,40,6,5,0,240.162974472257
4757427,1,4,0,58,4,7e+05,1,48,5,2,1,164.170222831521
4757429,1,2,1,35,1,2256666.75,1,50,5,5,0,365.396096134588
4757429,1,1,0,32,1,750000,1,56,5,2,1,365.396096134588
4757430,1,1,1,30,1,8e+05,1,60,5,2,1,455.021263818008
4757430,1,2,0,35,4,780000,1,45,4,1,1,455.021263818008
4757431,1,1,0,26,4,150000,1,30,3,1,1,405.132841573556
4757432,1,1,0,56,4,8e+05,1,55,5,1,1,214.627144892398
4757433,1,1,1,45,1,1038211,1,48,5,5,0,227.510631909004
4757433,1,2,0,43,1,6e+05,1,48,4,2,1,227.510631909004
4757434,1,1,1,22,1,7e+05,1,48,5,4,1,353.420840952371
4757434,1,2,0,20,1,650000,1,48,5,4,1,353.420840952371
4757435,1,3,1,28,1,1600000,1,70,3,2,1,198.319353140191
4757435,1,4,1,41,1,993333.3125,1,96,5,3,1,198.319353140191
4757436,1,1,0,59,4,1e+06,1,60,5,1,1,244.060423913251
4757437,1,2,0,27,1,936953,1,40,6,5,0,590.504082855972
4757437,1,1,1,34,5,1500000,1,40,5,2,0,590.504082855972
4757438,1,1,1,35,4,2500000,1,44,6,2,1,365.396096134588
4757439,1,1,1,48,4,3e+06,1,70,6,1,0,263.095391317619
4757440,1,1,0,47,1,120000,1,4,4,5,1,249.653017177419
4757442,1,1,0,53,3,4e+05,1,60,5,1,1,234.228535119924
4757443,1,1,1,37,1,1419211,1,48,6,5,0,675.109408095041
4757445,1,2,0,20,4,60000,1,20,6,2,1,241.388093178199
4757445,1,1,0,46,4,1e+05,1,3,4,1,1,241.388093178199
4757446,1,1,1,31,4,480000,1,48,5,1,1,205.920566045822
4757447,1,1,1,49,1,1319711,1,45,5,5,0,263.095391317619
4757448,1,1,1,26,1,1201544.375,1,54,6,3,0,295.252041427986
4757448,1,2,0,28,1,1203544.375,1,54,6,3,0,295.252041427986
4757449,1,1,1,32,1,3250000,1,48,6,4,0,282.230204558111
4757449,1,2,0,31,1,3250000,1,48,6,5,0,282.230204558111
4757450,1,1,1,40,1,926666.6875,1,48,5,5,0,343.667680418139
4757450,1,2,0,32,1,956666.6875,1,48,4,3,0,343.667680418139
4757451,1,1,0,52,4,2e+06,1,65,6,1,0,227.95228675636
4757452,1,3,0,53,3,847908.6875,1,48,5,1,0,131.768523082487
4757453,1,1,1,32,4,4e+06,1,55,6,5,0,227.510631909004
4757453,1,2,0,27,1,1787500,1,55,6,5,0,227.510631909004
4757454,1,4,1,36,1,1123544.375,1,49,6,5,0,189.4141853761
4757454,1,10,0,40,1,974877.6875,1,48,6,5,0,189.4141853761
4757454,1,11,1,39,4,2e+05,1,40,6,5,1,189.4141853761
4757454,1,5,0,48,1,2101544.25,1,48,6,5,0,189.4141853761
4757454,1,3,0,37,1,890666.6875,1,48,6,5,0,189.4141853761
4757456,1,2,0,62,4,250000,1,5,6,1,1,244.060423913251
4757457,1,1,1,38,1,2852544.5,1,30,6,3,0,234.228535119924
4757458,1,1,1,33,1,3250000,1,48,6,5,0,269.813294528539
4757458,1,2,0,21,1,1220000,1,60,5,4,0,269.813294528539
4757459,1,2,0,44,4,8e+05,1,40,3,4,1,301.969944638906
4757459,1,1,1,35,1,1796544.375,1,48,5,5,0,301.969944638906
4757460,1,1,0,68,4,240000,1,35,3,1,1,199.644317682258
4757461,1,2,0,34,5,8e+05,1,54,5,2,1,310.676523485481
4757462,1,2,1,38,1,2700000,1,48,6,5,0,231.35931294527
4757462,1,3,0,41,1,2750000,1,63,6,5,0,231.35931294527
4757463,1,2,0,31,1,926666.6875,1,48,6,5,0,362.993450946968
4757463,1,1,1,29,1,1e+06,1,48,6,5,0,362.993450946968
4757465,1,4,0,38,2,1733333.375,1,48,6,5,0,172.00759540131
4757467,1,1,0,30,1,2276544.25,1,48,6,5,0,275.533418924222
4757467,1,3,0,25,1,1929877.625,1,40,6,4,0,275.533418924222
4757468,1,2,0,28,1,1609877.625,1,48,6,4,0,314.386854668479
4757468,1,1,1,35,1,3310000,1,50,6,4,0,314.386854668479
4757470,1,2,1,49,1,2500000,1,48,6,5,0,199.202662834903
4757471,1,2,0,40,1,6283333.5,1,45,6,5,0,295.252041427986
4757471,1,1,1,34,1,2925000,1,40,6,5,0,295.252041427986
4757474,1,1,0,63,4,280000,1,16,5,2,1,199.644317682258
4757476,1,2,0,33,1,781242,1,48,5,2,1,310.676523485481
4757476,1,1,1,33,1,995244.6875,1,48,3,2,0,310.676523485481
4757477,1,1,0,25,1,1e+06,1,48,6,5,0,227.95228675636
4757478,1,1,1,37,1,4633333,1,28,6,5,0,242.935113966499
4757479,1,2,0,50,1,1950000,1,48,6,4,0,179.484040331139
4757480,1,2,1,47,1,932743,1,48,4,5,0,257.917941176638
4757480,1,3,1,20,1,869453,1,48,3,4,0,257.917941176638
4757480,1,5,1,37,1,6e+05,1,70,4,3,1,257.917941176638
4757480,1,1,0,47,3,672000,1,54,3,1,1,257.917941176638
4757481,1,1,1,59,4,4e+05,1,60,3,1,1,307.953152395967
4757482,1,1,0,58,1,9e+05,1,45,4,2,1,231.35931294527
4757487,1,2,0,21,1,4e+05,1,40,5,2,1,289.389762616387
4757489,1,1,1,25,4,1e+06,1,90,5,1,1,337.55470404752
4757489,1,2,0,22,4,60000,1,4,5,1,1,337.55470404752
4757490,1,1,1,31,1,1400000,1,63,5,5,0,282.230204558111
4757492,1,1,1,30,1,8e+05,1,72,5,3,1,263.095391317619
4757493,1,1,0,31,1,2105000,1,40,6,5,0,191.925872500389
4757493,1,2,1,28,2,2050000,1,40,6,5,0,191.925872500389
4757493,1,3,0,31,1,934453,1,40,6,5,0,191.925872500389
4757494,1,1,0,47,1,817242,1,48,5,5,0,163.50067115005
4757494,1,2,0,27,1,2e+06,1,43,5,4,0,163.50067115005
4757494,1,3,0,24,9,70000,1,16,6,3,1,163.50067115005
4757495,1,1,1,24,4,1500000,1,48,5,1,1,395.118576731604
4757496,1,1,0,43,4,6e+05,1,36,4,1,1,282.671859405467
4757499,1,1,0,32,1,1634877.625,1,48,6,5,0,469.340379934559
4757500,1,1,1,30,1,1379877.625,1,60,5,5,0,227.510631909004
4757500,1,2,0,33,1,1488211,1,40,6,5,0,227.510631909004
4757501,1,2,0,58,4,1e+06,1,60,4,2,1,243.618769065895
4757501,1,3,1,34,1,1088211,1,48,5,2,1,243.618769065895
4757502,1,1,0,31,3,6e+05,1,40,5,1,1,295.693696275342
4757503,1,1,0,28,4,7e+05,1,40,5,1,1,227.95228675636
4757504,1,1,1,41,1,1852044.375,1,63,6,4,0,242.935113966499
4757505,1,1,1,36,4,8e+05,1,24,6,1,1,317.394426696401
4757505,1,2,0,34,1,2516666.75,1,60,6,5,0,317.394426696401
4757507,1,1,0,24,2,1400000,1,48,6,5,0,276.972852586814
4757507,1,2,0,24,4,9e+05,1,60,6,3,1,276.972852586814
4757509,1,2,0,26,1,869453,1,45,6,5,0,191.484217653034
4757509,1,3,1,52,1,6e+05,1,40,3,2,1,191.484217653034
4757509,1,1,0,53,1,792377.6875,1,48,6,5,0,191.484217653034
4759914,1,1,1,55,1,1172743,1,48,5,4,0,259.04325112339
4759914,1,3,1,26,1,2370833.25,1,48,6,5,0,259.04325112339
4759914,1,4,1,18,1,781242,1,50,6,5,1,259.04325112339
4759915,1,1,1,22,4,9e+05,1,72,5,2,1,313.520823520457
4759915,1,2,0,27,4,9e+05,1,72,6,2,1,313.520823520457
4759917,1,1,1,48,1,1031242,1,40,4,5,0,249.653017177419
4759917,1,2,0,44,4,1e+06,1,63,5,4,1,249.653017177419
4759917,1,3,0,24,1,1496544.375,1,45,6,5,0,249.653017177419
4759917,1,4,1,18,3,60000,1,14,5,1,1,249.653017177419
4760906,1,5,1,40,1,2775000,1,44,6,5,0,202.609689023813
4760906,1,2,0,60,4,4e+05,1,60,5,2,1,202.609689023813
4760907,1,3,0,63,4,2e+05,1,3,5,1,1,131.768523082487
4760908,1,1,0,56,4,2500000,1,48,5,5,0,239.324628619626
4760908,1,3,1,21,1,3e+05,1,2,6,2,1,239.324628619626
4760908,1,2,1,59,4,1500000,1,60,3,1,1,239.324628619626
4760909,1,2,1,38,1,1679666.625,1,48,5,5,0,362.993450946968
4760910,1,1,1,59,1,5633333.5,1,64,6,4,0,215.193567715556
4760910,1,2,0,60,1,1700000,1,16,6,2,0,215.193567715556
4760910,1,3,0,30,4,3500000,1,55,6,4,0,215.193567715556
4760910,1,4,0,22,1,1541666.625,1,48,6,5,0,215.193567715556
4760911,1,3,0,51,4,25000,1,20,6,1,1,214.50991261616
4760911,1,1,0,36,1,2107066.5,1,50,6,5,0,214.50991261616
4760912,1,1,1,54,4,2e+06,1,40,6,5,0,205.920566045822
4760915,1,1,1,60,4,1200000,1,72,5,1,1,407.851212025315
4760915,1,2,0,37,1,929453,1,48,6,5,0,407.851212025315
4760916,1,4,1,64,1,1e+05,1,2,5,2,1,263.195237153743
4760916,1,1,0,62,4,6e+05,1,25,6,1,1,263.195237153743
4760916,1,2,0,26,1,1200000,1,60,5,2,1,263.195237153743
4760919,1,1,1,44,4,1800000,1,60,5,5,0,300.662258643528
4760919,1,2,0,24,1,1036666.6875,1,48,6,5,0,300.662258643528
4760920,1,2,1,25,1,940274.6875,1,48,6,5,0,199.202662834903
4760921,1,2,0,35,1,1183314.5,1,48,5,5,0,242.935113966499
4760921,1,1,1,35,1,1097211,1,48,5,5,0,242.935113966499
4760922,1,2,0,52,4,80000,1,6,4,1,1,279.086296198272
4760922,1,3,0,18,1,160000,1,24,4,2,1,279.086296198272
4760922,1,1,1,67,5,8e+05,1,36,3,2,1,279.086296198272
4760923,1,1,1,60,1,1319211,1,48,4,4,0,327.087965636459
4760925,1,1,1,23,1,1496544.375,1,48,5,5,1,285.679431433389
4760926,1,1,0,55,4,750000,1,48,4,1,1,135.751589199542
4760929,1,2,0,39,1,992744.6875,1,48,5,5,0,249.653017177419
4760929,1,1,1,42,1,932744.6875,1,48,4,5,0,249.653017177419
4760930,1,1,0,52,1,1288333.375,1,48,5,5,0,234.67018996728
4760931,1,1,1,50,1,846242,1,48,5,2,0,199.202662834903
4760932,1,1,1,26,1,1521544.375,1,48,5,4,0,263.095391317619
4760933,1,2,0,34,4,8e+05,1,40,6,1,0,253.363348360417
4760933,1,1,1,36,4,8e+05,1,40,6,1,0,253.363348360417
4760934,1,1,1,36,1,1566544.375,1,48,4,3,0,227.510631909004
4760934,1,2,0,37,1,934453,1,48,5,4,0,227.510631909004
4760935,1,1,1,26,1,840000,1,66,5,2,1,314.386854668479
4760935,1,5,0,32,1,869453,1,48,5,5,0,314.386854668479
4760935,1,2,0,32,4,1e+05,1,20,6,1,1,314.386854668479
4760936,1,1,1,49,1,5400000,1,60,6,4,0,263.095391317619
4760938,1,2,0,31,1,1552544.375,1,48,6,5,0,282.230204558111
4760938,1,1,1,29,1,1088211,1,60,6,2,1,282.230204558111
4760939,1,1,1,54,4,1050000,1,42,3,1,1,214.627144892398
4760939,1,2,0,60,1,6e+05,1,48,6,2,0,214.627144892398
4760940,1,2,0,43,3,996453,1,48,5,1,0,240.946438330844
4760940,1,1,1,45,4,1200000,1,48,5,1,0,240.946438330844
4760941,1,1,1,42,1,1796544.375,1,54,6,5,0,242.935113966499
4760941,1,2,0,42,1,1488211,1,48,5,5,0,242.935113966499
4760942,1,3,1,20,1,653314.5,1,35,5,4,0,258.359596023994
4760942,1,2,0,52,1,781242,1,48,5,2,1,258.359596023994
4760943,1,3,0,25,1,1153314.5,1,48,5,5,0,224.524177458112
4760944,1,1,1,38,1,5e+05,1,30,3,2,1,391.669349856326
4760945,1,1,0,34,1,7072500,1,40,6,5,0,164.059558273644
4760947,1,2,0,37,1,5416666.5,1,70,6,5,0,227.510631909004
4760947,1,1,1,28,1,3800000,1,66,6,5,0,227.510631909004
4760949,1,1,1,25,1,1052877.625,1,48,5,3,0,337.55470404752
4760950,1,1,1,28,1,883333.3125,1,48,5,2,1,262.653736470263
4760951,1,1,1,33,4,9e+05,1,40,6,1,1,282.230204558111
4760951,1,2,0,34,1,3025000,1,48,6,5,0,282.230204558111
4760958,1,2,0,64,4,5e+05,1,72,5,1,1,244.060423913251
4760958,1,1,1,61,4,4e+05,1,35,6,1,1,244.060423913251
4760959,1,5,0,64,1,1516666.625,1,48,6,5,0,158.018742443759
4760959,1,1,1,58,4,1800000,1,50,6,5,0,158.018742443759
4760960,1,1,1,45,1,9e+05,1,70,3,3,1,159.565763232059
4760960,1,3,1,22,1,869453,1,49,6,3,1,159.565763232059
4760962,1,1,0,44,2,1279877.625,1,48,6,5,0,227.068977061648
4760962,1,3,1,27,4,1e+06,1,7,6,1,1,227.068977061648
4760963,1,1,1,42,1,1200000,1,60,5,2,1,263.095391317619
4760964,1,2,1,39,1,930000,1,40,6,4,1,377.655552255213
4760964,1,1,1,65,4,4e+05,1,15,5,1,1,377.655552255213
4760965,1,1,1,40,5,2500000,1,60,6,2,1,297.654686615606
4760966,1,3,1,57,1,1e+07,1,48,6,5,0,180.167695430534
4760966,1,2,0,60,4,3e+05,1,40,4,1,0,180.167695430534
4760967,1,2,0,43,4,6e+05,1,48,4,1,1,249.653017177419
4760968,1,1,0,55,1,1063211,1,45,4,3,0,151.176071257037
4760968,1,2,1,18,1,240000,1,12,5,2,1,151.176071257037
4760969,1,2,1,36,4,1100000,1,16,6,5,0,199.202662834903
4760970,1,1,1,34,4,1400000,1,48,5,4,1,362.993450946968
4760971,1,1,0,64,5,3e+06,1,78,6,2,0,191.584063489158
4760971,1,2,0,30,5,1e+06,1,72,6,2,0,191.584063489158
4760971,1,4,0,51,1,7e+06,1,65,6,5,0,191.584063489158
4760971,1,7,0,27,1,986119.6875,1,84,6,4,0,191.584063489158
4760971,1,6,1,30,1,3025000,1,40,6,5,0,191.584063489158
4760972,1,6,0,27,2,2500000,1,48,6,5,0,256.680827568479
4760973,1,2,1,37,5,2500000,1,80,6,2,0,310.676523485481
4760973,1,1,0,37,5,2500000,1,60,6,2,1,310.676523485481
4760975,1,1,1,59,1,869453,1,40,3,4,0,270.932036756929
4760975,1,2,0,55,1,781242,1,84,5,5,1,270.932036756929
4760975,1,3,0,22,1,974556.5,1,16,6,5,0,270.932036756929
4760976,1,1,1,45,4,8e+05,1,40,4,2,1,282.230204558111
4760976,1,2,0,38,1,964453,1,48,4,4,1,282.230204558111
4760977,1,1,0,51,3,899453,1,40,5,1,0,214.068257768804
4760977,1,4,0,23,1,984877.6875,1,48,6,5,0,214.068257768804
4760977,1,3,1,25,1,970833.3125,1,48,5,5,0,214.068257768804
4760978,1,4,1,22,1,1200000,1,40,6,4,0,256.370920388339
4760978,1,3,0,24,1,1033333.3125,1,40,6,4,0,256.370920388339
4760978,1,1,1,48,5,2e+06,1,60,6,2,1,256.370920388339
4760978,1,5,0,20,1,913211,1,44,6,5,0,256.370920388339
4760979,1,1,1,38,5,1200000,1,72,5,2,1,297.654686615606
4760980,1,2,0,50,1,866666.6875,1,48,3,4,0,234.228535119924
4760980,1,1,1,52,4,3e+05,1,45,3,1,1,234.228535119924
4760981,1,2,0,61,1,935244.6875,1,48,3,4,0,230.618049773051
4760981,1,1,1,60,4,8e+05,1,60,4,1,1,230.618049773051
4760981,1,4,1,23,1,935244.6875,1,48,5,5,0,230.618049773051
4760981,1,3,0,37,4,550000,1,40,5,1,1,230.618049773051
4760984,1,2,0,32,4,1e+06,1,60,6,2,1,295.252041427986
4760984,1,1,1,39,4,1e+06,1,70,5,2,1,295.252041427986
4760985,1,1,1,32,1,2333333.25,1,48,5,5,0,278.078218527758
4760985,1,3,1,22,1,2160000,1,48,5,5,0,278.078218527758
4760985,1,2,1,27,4,5e+05,1,72,5,2,1,278.078218527758
4760987,1,1,1,55,4,1200000,1,48,4,1,1,307.953152395967
4760988,1,1,0,27,1,1336544.375,1,48,6,4,0,227.95228675636
4760989,1,1,0,40,3,5e+05,1,48,5,1,1,227.95228675636
4760990,1,2,1,25,4,8e+05,1,48,3,2,1,404.691186726201
4760990,1,1,0,28,1,280000,1,24,4,2,1,404.691186726201
4760992,1,3,1,31,4,3e+06,1,40,6,1,0,243.618769065895
4760993,1,3,1,46,1,4e+06,1,48,6,2,0,243.618769065895
4760994,1,2,1,43,4,1e+06,1,48,6,1,0,227.510631909004
4760996,1,1,1,38,1,1188211,1,72,6,5,0,263.095391317619
4760997,1,1,0,44,1,1250000,1,50,6,5,0,170.777461484563
4760998,1,1,1,65,4,7e+05,1,40,6,1,1,307.953152395967
4761003,1,3,1,26,4,8e+05,1,40,6,4,0,278.644641350916
4761004,1,1,0,40,1,816666.6875,1,60,5,5,0,227.95228675636
4761005,1,1,0,65,4,4e+05,1,60,3,1,1,199.644317682258
4761006,1,1,0,35,4,8e+05,1,80,3,1,1,236.783633578737
4761007,1,1,1,46,4,5e+05,1,70,3,1,1,263.095391317619
4761008,1,1,1,32,1,935244.6875,1,48,5,3,0,263.095391317619
4761009,1,1,1,38,1,1625000,1,48,5,5,0,227.510631909004
4761009,1,2,0,38,1,1625000,1,48,6,5,0,227.510631909004
4761011,1,3,1,23,1,1588211,1,48,5,5,0,313.079168673101
4761013,1,1,0,22,4,4e+05,1,50,5,1,1,337.55470404752
4761014,1,2,0,29,1,553333.375,1,28,4,4,1,362.993450946968
4761014,1,1,1,31,1,1300000,1,60,3,3,0,362.993450946968
4761016,1,1,0,49,4,2e+06,1,18,6,2,0,234.67018996728
4761017,1,3,1,36,4,7e+05,1,60,6,1,0,243.618769065895
4761019,1,1,1,19,4,7e+05,1,50,3,1,1,279.796069512453
4761019,1,2,0,19,4,6e+05,1,50,3,2,1,279.796069512453
4761020,1,1,0,30,4,730000,1,40,5,3,1,243.376768813855
4761022,1,2,0,34,1,1279877.625,1,48,6,5,0,207.350354557884
4761022,1,4,1,23,1,1429877.625,1,48,5,5,0,207.350354557884
4761022,1,3,0,27,1,919453,1,48,6,5,0,207.350354557884
4761024,1,1,0,56,4,2e+05,1,62,3,2,1,205.920566045822
4761024,1,3,1,54,1,7e+05,1,93,3,4,1,205.920566045822
4761026,1,2,0,55,3,8e+05,1,48,6,1,1,135.751589199542
4761027,1,3,1,24,1,781242,1,40,6,5,1,258.359596023994
4761027,1,1,0,51,1,1655000,1,48,6,5,0,258.359596023994
4761028,1,1,0,43,1,781242,1,40,5,5,0,227.510631909004
4761028,1,2,1,49,1,840000,1,48,6,3,1,227.510631909004
4761029,1,2,0,29,4,7e+05,1,20,3,1,1,356.689517288013
4761029,1,1,1,35,4,6e+05,1,60,3,1,1,356.689517288013
4761030,1,2,0,36,1,1088211,1,28,6,4,0,272.368392987352
4761030,1,1,1,79,4,3e+05,1,40,5,1,1,272.368392987352
4761031,1,2,0,57,2,1641666.75,1,48,6,5,0,172.890905096021
4761031,1,3,0,28,1,1941666.625,1,48,6,5,0,172.890905096021
4761031,1,4,0,25,4,1600000,1,50,6,4,0,172.890905096021
4761032,1,1,1,22,1,869453,1,48,5,5,0,285.679431433389
4761033,1,2,0,36,3,889453,1,48,6,1,0,249.653017177419
4761033,1,1,1,41,4,1e+06,1,84,4,1,0,249.653017177419
4761034,1,2,0,30,1,2708333.25,1,48,6,5,0,265.78025838999
4761034,1,5,0,28,2,4105833.25,1,48,6,5,0,265.78025838999
4761035,1,1,1,55,1,1117377.625,1,45,6,5,0,250.336672276815
4761036,1,1,1,52,1,934556.5,1,48,3,4,0,336.529239936893
4761036,1,2,0,48,4,3e+05,1,40,3,1,1,336.529239936893
4761036,1,5,0,27,1,929453,1,48,5,5,0,336.529239936893
4761037,1,2,1,20,1,913619.6875,1,48,5,5,0,215.068799739753
4761038,1,1,1,31,1,1271544.375,1,48,5,5,0,227.510631909004
4761038,1,2,0,26,1,1006119.6875,1,48,5,4,0,227.510631909004
4761039,1,2,1,46,4,450000,1,70,5,1,1,349.971614077093
4761040,1,4,0,31,1,8e+05,1,48,5,5,1,217.778588951802
4761040,1,5,1,27,2,1200000,1,48,5,5,0,217.778588951802
4761040,1,6,0,23,1,869463,1,48,6,5,0,217.778588951802
4761041,1,2,0,48,4,1e+06,1,87,5,2,1,258.359596023994
4761042,1,2,0,31,4,1e+06,1,48,4,1,1,369.711354157887
4761042,1,1,1,45,1,995244.6875,1,48,5,2,0,369.711354157887
4761043,1,1,1,65,4,350000,1,40,3,1,1,307.953152395967
4761044,1,1,0,27,3,640000,1,40,5,1,1,363.435105794323
4761045,1,1,1,27,1,1021544.3125,1,60,5,4,0,227.510631909004
4761045,1,2,0,29,1,1196544.375,1,60,5,5,0,227.510631909004
4761046,1,4,1,54,4,97,1,48,3,2,1,226.627322214293
4761047,1,1,1,51,1,2350000,1,48,5,5,0,177.053709848128
4761047,1,3,0,22,1,1100000,1,40,6,5,1,177.053709848128
4761048,1,2,1,18,1,340000,1,23,5,3,1,278.519873375114
4761048,1,1,1,51,4,1e+05,1,4,3,1,1,278.519873375114
4761049,1,1,1,59,5,1e+06,1,40,6,2,0,195.592177488029
4761049,1,3,1,23,1,1400000,1,48,6,4,0,195.592177488029
4761050,1,1,1,50,1,869453,1,48,5,5,0,337.55470404752
4761051,1,1,1,45,4,7e+05,1,48,4,1,1,263.095391317619
4761052,1,1,1,45,1,1576544.375,1,48,5,5,0,263.095391317619
4761053,1,1,1,49,1,1100000,1,105,6,1,0,349.971614077093
4761054,1,1,0,24,1,1199877.625,1,48,5,5,0,270.254949375894
4761055,1,1,1,29,4,8e+05,1,60,5,1,1,379.252439826753
4761056,1,1,0,36,1,996453,1,48,5,5,0,311.118178332836
4761057,1,1,0,33,1,1841666.625,1,48,6,4,0,234.67018996728
4761059,1,2,0,52,4,280000,1,38,4,1,1,242.935113966499
4761060,1,2,0,20,1,924877.6875,1,52,4,5,0,363.849075346288
4761061,1,1,0,42,3,1025000,1,48,5,1,1,337.391432054574
4761062,1,1,1,40,1,984877.6875,1,48,4,3,0,295.252041427986
4761062,1,2,0,27,1,899453,1,48,5,3,0,295.252041427986
4761065,1,1,1,34,1,1318211,1,48,6,5,0,295.252041427986
4761065,1,2,0,34,1,2291666.75,1,40,6,5,0,295.252041427986
4761066,1,1,1,23,5,3e+06,1,102,5,2,0,278.961528222469
4761067,1,2,0,24,1,1496544.375,1,48,6,2,0,324.532867177646
4761067,1,1,1,34,1,1388211,1,48,6,2,0,324.532867177646
4761068,1,1,1,56,2,2800000,1,48,6,5,0,252.208115636232
4761068,1,3,0,28,1,2e+06,1,48,6,5,0,252.208115636232
4761069,1,1,1,25,2,2e+06,1,58,6,5,0,262.653736470263
4761070,1,1,1,51,4,8e+05,1,32,3,1,1,263.095391317619
4761072,1,1,0,37,1,1032666.6875,1,54,5,3,0,271.795402445834
4761072,1,5,1,25,1,1188211,1,48,5,5,0,271.795402445834
4761072,1,2,1,19,1,8e+05,1,119,5,3,1,271.795402445834
4761072,1,6,0,23,1,1106544.375,1,72,4,4,0,271.795402445834
4761073,1,1,1,27,1,1078211,1,48,5,3,1,263.095391317619
4763891,1,1,1,42,4,1100000,1,40,5,1,1,199.202662834903
4764719,1,1,0,53,2,1841666.625,1,40,6,5,0,227.068977061648
4764719,1,2,1,40,1,9e+05,1,70,6,5,1,227.068977061648
4764720,1,1,0,26,1,1083333.375,1,70,6,3,1,266.826840077647
4764721,1,1,0,54,4,4e+05,1,18,5,1,1,179.484040331139
4765980,1,2,0,42,1,923211,1,48,6,5,0,179.484040331139
4765980,1,3,1,21,4,2e+05,1,5,6,1,0,179.484040331139
4765981,1,1,0,58,4,6e+05,1,50,3,1,1,401.243973372273
4765981,1,2,1,33,1,880286.3125,1,48,4,4,0,401.243973372273
4765981,1,3,0,24,3,150000,1,18,1,1,1,401.243973372273
4765981,2,1,1,68,1,4e+05,1,40,3,2,1,401.243973372273
4765981,2,2,1,23,1,1063211,1,48,5,5,0,401.243973372273
4765982,1,3,1,34,1,954877.6875,1,48,6,4,0,243.618769065895
4765984,1,1,1,31,1,2926666.75,1,48,6,5,0,259.667282019371
4765984,1,2,0,27,1,869953,1,48,6,5,0,259.667282019371
4765984,1,3,0,25,1,1197619.625,1,48,6,5,0,259.667282019371
4765985,1,1,1,56,5,8e+05,1,105,3,2,1,461.687474979711
4765985,1,2,1,33,1,1014877.6875,1,48,5,4,0,461.687474979711
4765985,1,3,1,34,1,7e+05,1,105,5,2,1,461.687474979711
4765986,1,1,0,54,1,856666.6875,1,72,1,3,1,234.228535119924
4765986,1,2,1,30,1,1789877.75,1,48,5,5,0,234.228535119924
4765986,1,3,0,20,1,1479044.375,1,50,6,5,0,234.228535119924
4765987,1,1,1,39,1,1171544.375,1,48,6,5,0,263.095391317619
4765988,1,2,1,29,1,2025000,1,60,5,5,0,199.202662834903
4765989,1,1,1,45,4,1e+06,1,50,5,1,1,365.396096134588
4765990,1,1,1,43,5,2e+06,1,70,4,2,1,308.687847849825
4765990,1,3,0,20,1,8e+05,1,48,6,5,1,308.687847849825
4765991,1,2,1,37,1,1762500,1,55,6,5,0,198.761007987547
4765991,2,1,1,46,1,1484666.625,1,48,5,4,0,198.761007987547
4765993,1,1,1,55,1,5e+05,1,8,6,4,1,259.484905970746
4765993,1,2,0,57,1,1896544.375,1,48,6,4,0,259.484905970746
4765993,1,3,1,24,1,4e+05,1,6,6,4,1,259.484905970746
4765994,1,1,1,31,1,1582211,1,48,5,5,0,279.774951935422
4765994,1,2,0,42,4,90000,1,8,5,1,0,279.774951935422
4765997,1,1,0,60,4,1e+06,1,50,3,1,1,135.751589199542
4766000,1,1,1,58,1,934556.5,1,60,5,5,0,308.346038838594
4766000,1,2,0,56,1,934556.5,1,48,5,2,0,308.346038838594
4766000,1,3,1,37,1,2708333.25,1,48,6,4,0,308.346038838594
4766000,1,4,0,33,1,1793333.375,1,48,6,5,0,308.346038838594
4766000,1,7,0,35,1,934556.5,1,48,6,5,0,308.346038838594
4766001,1,1,1,51,2,4200000,1,40,6,5,0,258.359596023994
4766002,1,1,1,38,4,6e+05,1,48,5,1,1,242.935113966499
4766004,1,1,1,32,4,781242,1,56,5,1,1,269.813294528539
4766004,1,2,0,24,4,781242,1,56,5,1,1,269.813294528539
4766005,1,1,1,44,1,896666.6875,1,70,4,2,0,242.935113966499
4766005,1,2,0,42,4,3e+05,1,40,4,1,1,242.935113966499
4766007,1,1,0,63,3,3e+05,1,48,4,1,1,240.921516191166
4766008,1,1,1,58,1,1388211,1,60,5,5,0,307.953152395967
4766009,1,1,1,29,1,1026666.6875,1,48,4,5,0,288.766905291628
4766009,1,2,0,35,1,1024119.6875,1,48,3,5,0,288.766905291628
4766009,1,7,1,40,1,989453,1,48,3,5,0,288.766905291628
4766010,1,1,0,44,1,1371544.375,1,48,4,5,1,243.376768813855
4766010,1,2,1,21,1,9e+05,1,48,5,4,1,243.376768813855
4766011,1,2,1,54,2,1854877.625,1,50,6,5,0,199.202662834903
4766012,1,1,1,39,1,2009211,1,48,5,4,0,308.687847849825
4766014,1,2,0,56,4,2e+05,1,60,3,2,1,337.654549883645
4766014,1,3,0,34,1,1129333.375,1,40,5,5,0,337.654549883645
4766015,1,1,1,32,1,1005000,1,55,5,4,0,282.230204558111
4766015,1,2,0,34,1,3375000,1,42,6,5,0,282.230204558111
4766016,1,4,0,38,1,1418211,1,48,6,4,0,252.450115888272
4766017,1,1,1,26,1,2118211,1,48,5,5,0,295.252041427986
4766017,1,2,0,27,1,910400,1,48,6,2,1,295.252041427986
4766018,1,1,1,38,5,8e+05,1,60,5,2,1,349.971614077093
4766018,1,2,0,35,1,4e+05,1,60,5,2,1,349.971614077093
4766019,1,1,0,64,4,160000,1,15,3,1,1,230.051626949893
4766019,1,2,1,43,5,1e+06,1,36,4,2,1,230.051626949893
4766019,1,3,1,21,1,919453,1,43,5,5,0,230.051626949893
4766019,1,4,1,20,1,2608333.25,1,59,6,4,0,230.051626949893
4766020,1,3,0,49,4,350000,1,48,5,1,0,215.193567715556
4766020,1,4,0,21,1,888211,1,48,5,4,0,215.193567715556
4766021,1,2,0,52,4,1e+05,1,48,3,1,1,278.644641350916
4766022,1,1,1,57,4,2e+06,1,60,6,5,1,307.953152395967
4766024,1,1,1,32,1,1655000,1,48,6,5,0,295.252041427986
4766025,1,1,1,41,3,2816666.75,1,70,5,2,0,234.228535119924
4766026,1,1,1,51,1,935244.6875,1,48,4,4,0,234.228535119924
4766026,1,2,0,47,1,869453,1,48,5,4,0,234.228535119924
4766027,1,1,0,25,1,965244.6875,1,48,5,5,0,282.671859405467
4766028,1,1,1,48,4,7e+05,1,48,5,1,1,297.654686615606
4766030,1,3,0,27,1,1560833.375,1,52,6,5,0,163.617903426288
4766032,1,3,0,42,1,934556.5,1,48,5,5,0,282.493322387182
4766032,1,4,1,37,1,964556.5,1,48,5,4,0,282.493322387182
4766033,1,2,0,32,1,912953,1,48,5,4,1,282.230204558111
4766034,1,3,0,25,1,1306961,1,48,6,5,0,208.475664504636
4766035,1,3,1,39,1,2738333.25,1,40,5,5,0,144.141281174564
4766035,1,4,0,25,1,1713211,1,45,6,5,0,144.141281174564
4766036,1,1,1,66,4,5e+05,1,50,3,1,1,307.953152395967
4766037,1,1,1,63,4,3e+05,1,7,3,1,0,144.141281174564
4766037,1,3,1,30,1,915416.6875,1,48,5,5,0,144.141281174564
4766037,1,4,0,28,4,1500000,1,16,6,5,0,144.141281174564
4766038,1,2,1,54,4,2e+06,1,60,6,1,1,199.202662834903
4766040,1,1,0,37,4,6e+05,1,30,3,1,1,234.67018996728
4766041,1,2,0,44,2,3297666.75,1,30,6,5,0,163.617903426288
4766041,1,3,1,43,4,781242,1,30,6,5,0,163.617903426288
4766042,1,1,0,52,1,588211,1,48,3,4,0,243.376768813855
4766043,1,2,0,49,4,3e+05,1,60,4,2,1,198.643775711309
4766043,1,3,0,27,4,8e+05,1,48,6,5,1,198.643775711309
4766044,1,2,1,29,4,1200000,1,48,6,5,0,234.228535119924
4766044,1,3,0,22,1,888211,1,48,6,5,0,234.228535119924
4766045,1,1,1,54,4,1100000,1,20,5,1,1,257.917941176638
4766045,1,2,0,50,5,8e+05,1,60,5,2,1,257.917941176638
4766045,1,3,1,23,1,988211,1,48,5,5,0,257.917941176638
4766046,1,1,1,35,1,1171544.375,1,48,6,5,0,295.252041427986
4766046,1,2,0,27,1,1625000,1,48,6,5,0,295.252041427986
4766047,1,1,0,38,1,1657000,1,48,6,5,0,327.087965636459
4766047,1,2,1,55,2,3423000,1,30,6,5,0,327.087965636459
4766048,1,1,0,38,4,3e+05,1,15,5,1,1,296.107665827307
4766049,1,1,1,58,3,9e+05,1,40,5,1,0,243.618769065895
4766052,1,1,0,56,1,6e+06,1,48,6,5,0,164.059558273644
4766052,1,2,0,27,1,3e+06,1,50,6,5,0,164.059558273644
4766053,1,1,0,49,1,934556.5,1,50,3,5,0,234.228535119924
4766053,1,2,0,24,1,1388211,1,70,6,5,0,234.228535119924
4766054,1,1,1,37,1,1350000,1,48,6,5,0,199.202662834903
4766055,1,1,1,21,1,960000,1,72,5,3,1,285.679431433389
4766057,1,1,0,38,1,936119.6875,1,48,5,5,0,240.946438330844
4766057,1,2,1,42,1,942500,1,48,5,5,0,240.946438330844
4766058,1,1,0,60,4,7e+05,1,70,4,1,1,134.868279504831
4766058,1,2,1,40,1,934553.9375,1,70,4,5,0,134.868279504831
4766058,1,3,1,28,1,1279877.625,1,44,5,5,0,134.868279504831
4766059,1,2,0,53,2,2751833.5,1,40,6,5,0,212.054659993471
4766059,1,4,0,48,2,2913600,1,44,6,5,0,212.054659993471
4766060,1,1,0,61,1,1020453,1,48,5,5,0,169.894151789852
4766060,1,2,1,46,4,80000,1,48,1,1,1,169.894151789852
4766060,1,4,1,40,4,1600000,1,72,5,1,1,169.894151789852
4766060,1,5,0,22,2,2209166.75,1,84,5,5,0,169.894151789852
4766061,1,1,1,53,4,1200000,1,60,6,4,0,263.095391317619
4766063,1,2,0,44,1,3e+05,1,30,4,2,1,256.370920388339
4766064,1,1,1,50,4,780000,1,48,5,1,1,243.618769065895
4766066,1,1,1,20,4,9e+05,1,40,5,2,1,278.961528222469
4766067,1,1,1,56,2,2333333.5,1,48,5,5,0,244.060423913251
4766067,1,2,0,57,2,5193750,1,48,6,5,0,244.060423913251
4766068,1,1,1,41,2,2088333.375,1,48,6,5,0,301.969944638906
4766068,1,2,0,30,2,2166666.75,1,48,6,5,0,301.969944638906
4766072,1,3,1,20,1,80000,1,11,6,2,1,310.676523485481
4766073,1,1,1,49,1,996119.6875,1,50,6,5,0,224.613724438959
4766073,1,2,0,35,1,1020453,1,50,5,2,0,224.613724438959
4766074,1,1,1,46,4,1200000,1,96,3,4,1,227.510631909004
4766074,1,2,0,43,1,961453,1,48,5,5,0,227.510631909004
4766075,1,1,0,55,2,1604877.625,1,48,6,5,0,199.644317682258
4766076,1,1,0,28,3,781242,1,54,5,1,1,260.108936866727
4766076,1,3,0,26,1,801242,1,48,5,2,1,260.108936866727
4766077,1,1,0,42,5,2500000,1,48,6,2,0,182.752716666781
4766077,1,2,1,28,1,2466666.75,1,60,6,5,0,182.752716666781
4766077,1,3,0,26,1,8e+05,1,30,6,2,1,182.752716666781
4766078,1,1,1,32,1,2088211,1,72,6,5,0,263.095391317619
4766079,1,2,0,71,5,4e+05,1,51,3,2,1,244.060423913251
4766080,1,1,0,42,1,997556.5,1,48,4,4,0,311.118178332836
4766083,1,1,0,30,1,1408677.625,1,48,6,5,0,302.411599486261
4766083,1,3,0,20,1,983203,1,48,5,5,0,302.411599486261
4766084,1,1,0,60,3,5e+05,1,48,3,1,1,244.060423913251
4766086,1,1,1,36,4,1500000,1,48,5,5,0,249.653017177419
4766086,1,2,0,25,1,954877.6875,1,48,5,5,0,249.653017177419
4766087,1,1,0,32,1,2708333.25,1,48,6,5,0,227.95228675636
4766088,1,1,1,34,4,9e+05,1,72,5,1,0,349.971614077093
4766088,1,2,0,30,1,1271544.375,1,50,6,4,0,349.971614077093
4766089,1,1,1,56,4,8e+05,1,48,5,1,1,339.226492811622
4766089,1,3,1,29,4,1e+06,1,48,5,1,1,339.226492811622
4766089,1,4,1,26,4,850000,1,48,5,1,1,339.226492811622
4766090,1,1,1,39,4,9e+05,1,60,4,1,1,310.676523485481
4766090,1,2,0,37,1,964453,1,48,5,5,0,310.676523485481
4766091,1,1,1,39,4,1400000,1,60,5,5,0,297.654686615606
4766092,1,3,1,40,1,935244.6875,1,48,5,5,0,243.618769065895
4766094,1,1,0,50,4,6e+05,1,40,3,1,1,289.389762616387
4766096,1,3,0,57,1,1379877.625,1,48,5,3,0,180.167695430534
4766098,1,1,1,38,4,8e+05,1,25,6,1,0,227.510631909004
4766099,1,2,0,56,5,3e+06,1,30,6,2,0,131.768523082487
4766099,1,3,0,65,4,1500000,1,10,6,2,0,131.768523082487
4766105,1,1,0,52,5,5e+05,1,20,4,2,1,131.768523082487
4766105,1,2,0,32,1,1863211,1,43,6,5,0,131.768523082487
4766106,1,1,0,39,1,350000,1,18,3,2,1,341.967142447826
4766106,1,2,1,21,1,560000,1,75,5,3,1,341.967142447826
4766107,1,1,1,42,1,6393333.5,1,48,6,5,0,301.969944638906
4766107,1,2,0,37,4,8e+05,1,30,6,1,1,301.969944638906
4766108,1,1,1,56,4,7500000,1,96,4,1,1,303.217357102342
4766108,1,2,0,44,1,934556.5,1,48,5,4,0,303.217357102342
4766108,1,3,1,21,1,869453,1,48,5,4,1,303.217357102342
4766110,1,1,0,25,1,869453,1,48,6,4,0,281.788549710756
4766110,1,2,1,42,1,1288211,1,48,6,5,0,281.788549710756
4766111,1,2,0,27,1,1349453,1,64,5,4,0,247.087099996852
4766112,1,1,0,33,4,7300000,1,55,6,5,0,227.510631909004
4766112,1,2,1,36,1,3787500,1,50,6,5,0,227.510631909004
4766113,1,1,1,23,1,934556.5,1,48,6,5,0,285.679431433389
4766114,1,1,0,58,1,1.8e+07,1,40,6,5,0,215.193567715556
4766114,1,2,1,62,4,1e+06,1,40,6,1,0,215.193567715556
4766114,1,3,0,28,1,3666666.75,1,48,6,4,0,215.193567715556
4766114,1,4,0,24,1,1625000,1,48,6,3,0,215.193567715556
4766115,1,1,0,38,4,250000,1,24,5,1,1,258.80125087135
4766116,1,1,0,51,1,1132666.625,1,45,5,2,0,234.67018996728
4766117,1,1,0,66,5,8e+05,1,70,6,2,0,199.644317682258
4766118,1,2,0,36,1,781242,1,48,6,2,1,163.617903426288
4766118,1,3,1,43,1,781242,1,48,3,3,0,163.617903426288
4766120,1,1,0,41,1,1462500,1,60,5,2,0,243.376768813855
4766120,1,2,1,20,4,60000,1,13,6,2,1,243.376768813855
4766122,1,1,1,70,4,1500000,1,72,5,1,0,215.193567715556
4766122,1,3,0,46,1,2708333.25,1,40,6,5,0,215.193567715556
4766123,1,1,1,66,5,3e+06,1,48,3,2,1,144.58293602192
4766123,1,3,0,50,1,8e+05,1,48,6,2,0,144.58293602192
4766124,1,1,0,60,4,250000,1,48,1,1,1,199.644317682258
4766125,1,1,0,34,1,951544.3125,1,48,6,5,0,298.096341462962
4766126,1,1,1,47,2,10750000,1,40,6,5,0,263.095391317619
4766127,1,1,1,40,1,450000,1,36,4,4,1,249.653017177419
4766127,1,2,0,39,1,781242,1,48,5,2,1,249.653017177419
4766127,1,3,0,21,1,781242,1,48,6,4,1,249.653017177419
4766128,1,1,0,36,1,1093211,1,48,4,5,0,302.411599486261
4766129,1,1,1,47,5,2e+06,1,48,6,3,0,227.510631909004
4766129,1,2,0,47,1,4333333.5,1,48,6,4,0,227.510631909004
4766131,1,1,0,42,4,4e+05,1,20,5,1,1,289.389762616387
4766132,1,1,0,73,4,8e+05,1,42,5,1,1,243.618769065895
4766132,1,3,1,32,4,8e+05,1,45,6,5,0,243.618769065895
4766133,1,1,1,31,1,1106666.625,1,50,5,5,0,417.713023596075
4766133,1,2,0,31,1,9e+05,1,48,6,5,1,417.713023596075
4766134,1,2,0,83,3,781242,1,35,1,1,0,135.751589199542
4766135,1,1,0,38,1,6200000,1,40,6,4,0,295.252041427986
4766135,1,2,1,40,1,1.5e+07,1,40,6,5,1,295.252041427986
4766136,1,1,1,25,1,964556.5,1,60,6,5,0,263.095391317619
4766137,1,1,1,49,1,9e+05,1,40,5,2,1,198.761007987547
4766137,1,2,0,56,4,60000,1,8,5,1,1,198.761007987547
4766138,1,1,1,38,1,1488711,1,48,6,4,0,263.095391317619
4766139,1,1,0,31,1,1032833.3125,1,48,5,5,0,350.413268924449
4766140,1,1,0,31,1,1553314.5,1,48,6,4,1,337.391432054574
4766141,1,1,0,39,1,954877.6875,1,48,6,5,0,234.67018996728
4766142,1,2,0,37,1,934556.5,1,48,5,2,0,258.359596023994
4766143,1,2,1,45,4,375000,1,72,3,1,1,227.510631909004
4766144,1,1,1,21,1,1028211,1,48,6,5,0,278.961528222469
4766146,1,1,1,44,1,1334211,1,60,4,4,0,262.653736470263
4766147,1,1,1,27,1,1118211,1,50,3,5,0,362.993450946968
4766147,1,2,0,32,1,8e+05,1,54,5,3,1,362.993450946968
4766148,1,1,1,45,4,1e+06,1,40,5,1,1,263.095391317619
4766149,1,2,0,31,4,60000,1,8,6,1,1,227.510631909004
4766156,1,1,1,25,4,2e+06,1,48,6,2,1,263.095391317619
4768693,1,2,1,20,1,2e+05,1,10,6,2,1,258.80125087135
4768693,1,1,0,39,1,4083333.25,1,42,6,5,0,258.80125087135
4768695,1,1,1,27,4,1200000,1,50,5,1,1,282.230204558111
4768696,1,1,0,56,4,2e+05,1,10,3,1,1,135.751589199542
4770665,1,1,0,57,4,250000,1,20,3,1,1,214.627144892398
4770665,1,2,1,25,1,1704877.625,1,40,6,5,0,214.627144892398
4770666,1,3,0,20,1,120000,1,16,6,2,1,294.510778255767
4770667,1,1,0,62,4,420000,1,35,5,3,0,164.059558273644
4770667,1,2,0,27,1,2058333.375,1,40,6,5,0,164.059558273644
4772442,1,1,1,36,1,2196666.75,1,48,6,5,0,234.228535119924
4772442,1,2,0,31,1,1411211,1,48,6,5,0,234.228535119924
4772443,1,1,0,55,1,5416666.5,1,48,6,4,0,199.644317682258
4772444,1,2,0,65,4,1e+06,1,60,3,1,1,311.801833432232
4772445,1,4,1,24,1,1279877.625,1,40,6,3,0,179.042385483783
4772446,1,3,0,38,1,1145711,1,48,6,4,0,263.195237153743
4772449,1,2,0,66,3,70000,1,50,3,1,1,305.056244925922
4772449,1,3,1,34,4,6e+05,1,54,5,1,1,305.056244925922
4772449,1,4,0,20,1,869453,1,50,5,5,0,305.056244925922
4772450,1,1,1,60,1,4875000,1,48,6,5,0,259.484905970746
4772451,1,2,1,21,1,9e+05,1,12,6,2,1,278.519873375114
4772452,1,1,1,34,1,1562500,1,78,6,5,0,297.654686615606
4772452,1,2,0,30,1,1438333.375,1,48,6,5,0,297.654686615606
4772453,1,1,1,57,4,6e+05,1,25,6,1,0,252.208115636232
4772453,1,3,0,33,1,1200000,1,30,6,4,1,252.208115636232
4772453,1,4,1,22,1,896619.6875,1,48,6,3,0,252.208115636232
4772456,1,1,1,60,1,3350000,1,40,6,5,0,250.77832712417
4772457,1,1,0,36,1,2443333.25,1,38,6,5,0,336.949777207219
4772457,1,2,1,35,1,2183333.5,1,40,6,5,0,336.949777207219
4772459,1,2,0,21,4,5e+05,1,50,5,2,1,322.519269402312
4772459,1,4,0,19,4,2e+05,1,72,4,4,1,322.519269402312
4772460,1,3,0,25,1,1045453,1,48,6,5,0,217.89582122804
4772460,1,4,1,29,4,6e+05,1,34,4,1,1,217.89582122804
4772463,1,1,0,58,2,4650000,1,40,6,5,0,199.644317682258
4772464,1,2,0,61,4,6e+05,1,12,4,1,0,199.202662834903
4772465,1,1,0,33,1,5741666.5,1,40,6,5,0,260.108936866727
4772465,1,3,0,43,3,781242,1,48,5,1,0,260.108936866727
4772466,1,1,0,51,1,1408333.375,1,48,6,2,0,163.617903426288
4772466,1,2,1,35,4,1e+05,1,20,4,1,1,163.617903426288
4772467,1,1,1,38,1,2420333.25,1,50,5,5,0,294.81038658063
4772467,1,2,0,43,1,1116877.625,1,48,6,3,0,294.81038658063
4772467,1,4,1,43,4,2300000,1,50,6,1,0,294.81038658063
4772468,1,2,0,31,1,1166011,1,48,6,5,0,225.497034133671
4772469,1,1,0,27,1,3351666.75,1,48,6,5,0,227.95228675636
4772470,1,1,1,55,1,1500000,1,40,5,2,1,243.501536789657
4772470,1,3,0,27,1,4333333.5,1,48,6,5,0,243.501536789657
4772471,1,1,1,32,1,1213333.375,1,48,3,5,0,227.510631909004
4772471,1,2,0,28,1,1179166.625,1,48,6,5,0,227.510631909004
4772472,1,1,1,42,1,3816000,1,40,6,5,0,398.236401344351
4772472,1,2,0,31,1,7167583.5,1,40,6,5,0,398.236401344351
4772472,1,6,1,58,4,1500000,1,72,6,2,0,398.236401344351
4772473,1,1,1,60,4,1e+06,1,50,3,2,1,294.510778255767
4772474,1,1,1,59,4,8e+05,1,30,5,1,0,298.338341715002
4772474,1,3,1,29,1,934453,1,42,6,5,0,298.338341715002
4772475,1,1,1,31,1,3393000,1,48,6,4,0,295.252041427986
4772475,1,2,0,29,1,1841666.625,1,48,5,5,0,295.252041427986
4772476,1,1,0,25,4,1230000,1,60,6,5,1,295.252041427986
4772476,1,2,1,25,1,1066666.625,1,50,5,5,0,295.252041427986
4772477,1,1,1,55,1,1176666.625,1,60,5,5,0,266.202809181665
4772478,1,1,1,53,4,6e+06,1,40,6,4,0,227.510631909004
4772479,1,3,1,61,4,7e+05,1,40,4,1,0,219.042248751821
4772479,1,4,0,29,1,1169453,1,54,6,5,0,219.042248751821
4772480,1,1,1,36,4,1e+06,1,48,6,1,1,227.510631909004
4772480,1,2,0,28,1,3620000,1,45,6,5,0,227.510631909004
4772481,1,1,1,51,2,1733333.375,1,48,6,5,0,240.946438330844
4772481,1,2,0,53,4,6e+06,1,60,6,1,0,240.946438330844
4772481,1,3,0,23,4,2e+06,1,48,6,4,0,240.946438330844
4772482,1,1,0,51,1,2089333.375,1,45,6,5,0,242.935113966499
4772482,1,2,1,49,1,1507544.375,1,60,6,5,0,242.935113966499
4772484,1,1,1,42,1,980833.3125,1,48,5,5,0,297.654686615606
4772486,1,1,1,54,1,781242,1,48,4,2,0,300.923362951249
4772486,1,3,1,28,1,994453,1,48,5,5,0,300.923362951249
4772486,1,4,0,29,1,869453,1,48,5,2,0,300.923362951249
4772487,1,3,1,28,1,1625000,1,48,6,5,0,208.03400965728
4772487,1,4,0,27,1,1408333.375,1,48,6,5,0,208.03400965728
4772488,1,1,1,30,1,5416666.5,1,40,6,5,0,227.510631909004
4772488,1,2,0,29,4,3e+06,1,40,6,5,0,227.510631909004
4772489,1,1,1,30,1,869453,1,48,5,5,0,278.078218527758
4772489,1,3,1,23,4,4e+05,1,50,5,5,1,278.078218527758
4772491,1,1,1,27,4,1500000,1,66,6,2,1,282.230204558111
4772491,1,2,0,32,1,1500000,1,48,6,5,0,282.230204558111
4772492,1,3,1,34,4,8e+05,1,25,5,1,1,131.768523082487
4772492,1,4,1,25,1,954877.6875,1,48,6,4,0,131.768523082487
4772493,1,1,1,28,4,750000,1,66,5,2,1,295.252041427986
4772493,1,2,0,27,4,25000,1,20,5,1,1,295.252041427986
4772500,1,2,1,35,1,2080000,1,48,6,5,0,198.761007987547
4772500,1,3,1,32,1,3310000,1,48,6,5,0,198.761007987547
4772501,1,1,1,25,1,902786.3125,1,60,5,3,0,314.386854668479
4772501,1,5,0,28,1,869453,1,48,5,4,0,314.386854668479
4772502,1,1,1,31,1,1200000,1,54,4,2,0,346.543504778846
4772502,1,2,0,35,3,170000,1,14,5,1,1,346.543504778846
4772502,1,7,0,26,1,8e+05,1,72,5,3,0,346.543504778846
4772504,1,1,0,46,1,16916668,1,58,6,5,0,241.388093178199
4772505,1,1,0,56,1,15166667,1,48,6,5,0,215.193567715556
4772505,1,3,0,27,5,1e+06,1,10,6,2,1,215.193567715556
4772505,1,4,0,23,4,1e+06,1,10,6,2,1,215.193567715556
4772506,1,1,1,48,4,6e+05,1,60,3,1,1,263.095391317619
4772507,1,2,0,44,4,2e+06,1,30,6,2,0,355.534284563829
4772510,1,1,1,33,1,2533500,1,48,6,5,0,391.669349856326
4772512,1,1,1,49,4,1e+06,1,48,3,4,0,282.230204558111
4772512,1,2,0,44,1,932786.3125,1,48,3,3,0,282.230204558111
4772515,1,1,1,46,4,780000,1,10,5,1,1,189.4706198777
4772516,1,1,1,55,1,2345833.25,1,48,5,5,0,307.953152395967
4772517,1,2,0,49,2,2189877.75,1,40,6,5,0,253.501698213684
4772517,1,3,1,41,2,2043333.25,1,96,5,5,0,253.501698213684
4772520,1,1,0,43,1,1.5e+07,1,50,6,5,0,282.230204558111
4772520,1,2,1,46,4,1.1e+07,1,70,6,5,0,282.230204558111
4772521,1,3,0,43,3,140000,1,6,5,1,1,291.641556081113
4772522,1,1,1,27,4,7e+05,1,60,5,1,1,306.679450953134
4772522,1,2,0,30,4,8e+05,1,55,5,4,1,306.679450953134
4772523,1,1,1,22,1,934556.5,1,48,5,5,0,285.679431433389
4772523,1,2,0,23,1,934556.5,1,48,5,5,0,285.679431433389
4772524,1,1,1,55,1,847908.6875,1,82,5,5,0,303.263189780265
4772524,1,2,0,19,4,1e+05,1,15,6,1,1,303.263189780265
4772525,1,1,1,39,4,9e+05,1,48,4,1,1,288.948107769031
4772525,1,2,0,38,1,6e+05,1,48,5,2,1,288.948107769031
4772526,1,1,0,43,1,1600000,1,25,6,3,0,268.208992420221
4772526,1,2,0,20,1,8e+05,1,64,6,2,1,268.208992420221
4772527,1,1,1,57,1,1496544.375,1,48,5,4,0,243.618769065895
4772527,1,2,0,56,4,2e+05,1,15,3,1,1,243.618769065895
4772527,1,3,1,32,1,1963000,1,40,6,5,0,243.618769065895
4772528,1,1,1,56,5,3e+06,1,60,6,2,0,216.34318643702
4772528,1,3,1,31,1,1e+06,1,48,5,2,0,216.34318643702
4772528,1,5,1,22,1,806666.6875,1,48,5,4,0,216.34318643702
4772529,1,1,1,61,4,8e+05,1,40,6,1,0,231.639627227373
4772530,1,3,0,41,1,1626544.375,1,40,6,4,0,263.195237153743
4772531,1,1,1,25,1,965453,1,48,6,5,0,366.79664200373
4772533,1,5,0,43,3,839575.3125,1,48,3,1,0,275.091764076866
4772534,1,1,1,25,5,7e+05,1,20,5,2,1,302.647698462866
4772535,1,3,1,26,1,3050000,1,50,6,5,0,330.236701964722
4772536,1,2,1,33,4,1500000,1,40,6,1,0,282.135817204455
4772537,1,1,0,39,4,150000,1,8,3,1,1,467.243399897164
4772537,1,2,1,55,4,4e+05,1,21,1,1,1,467.243399897164
4772538,1,1,1,33,4,1e+06,1,70,4,2,1,362.993450946968
4772538,1,2,0,28,1,9e+05,1,84,6,2,1,362.993450946968
4772539,1,2,1,20,4,7e+05,1,46,4,5,1,369.887340160712
4772541,1,2,0,43,1,2041666.75,1,40,6,5,0,242.935113966499
4772542,1,1,1,34,4,6e+06,1,42,6,2,0,227.510631909004
4772544,1,1,1,47,1,1600000,1,40,4,5,0,234.228535119924
4772545,1,3,1,35,1,931953,1,48,6,5,0,225.055379286315
4772546,1,1,0,51,1,21200000,1,60,6,5,0,135.192702075949
4772546,1,4,0,25,4,4500000,1,48,6,4,0,135.192702075949
4772547,1,2,1,60,1,780000,1,46,3,2,1,286.909565350136
4772547,1,1,0,54,4,8e+05,1,43,4,2,1,286.909565350136
4772547,1,3,1,30,4,781242,1,16,6,5,1,286.909565350136
4772547,1,4,1,27,1,2e+05,1,48,6,2,1,286.909565350136
4772548,1,2,0,59,3,240000,1,16,4,1,1,135.751589199542
4772549,1,2,0,40,1,1388211,1,60,6,5,0,179.484040331139
4772549,1,3,1,23,1,954877.6875,1,60,6,5,0,179.484040331139
4772550,1,2,0,43,1,8983334,1,48,6,5,0,349.971614077093
4772550,1,1,1,40,1,1.6e+07,1,48,6,5,0,349.971614077093
4772551,1,2,1,20,1,866666.6875,1,60,5,2,0,234.203612980246
4772551,1,1,0,44,1,896666.6875,1,50,4,2,0,234.203612980246
4772553,1,2,1,33,1,496544.34375,1,24,5,4,0,199.202662834903
4772555,1,1,1,56,1,1.5e+07,1,66,6,5,0,355.534284563829
4772555,1,2,0,51,1,7e+06,1,55,6,5,0,355.534284563829
4772561,1,1,0,37,4,8e+05,1,60,5,1,1,302.411599486261
4772562,1,1,1,28,2,1499999.875,1,83,6,5,0,262.653736470263
4772563,1,2,1,30,1,965244.6875,1,48,5,5,0,273.661975564804
4772563,1,3,0,22,1,965244.6875,1,48,5,5,0,273.661975564804
4772564,1,1,1,24,4,1600000,1,55,6,3,0,278.961528222469
4772565,1,1,1,62,2,4300000,1,40,6,5,0,311.360178584877
4772566,1,2,0,36,2,1854000,1,30,6,5,0,297.654686615606
4772566,1,1,1,40,4,1200000,1,48,3,3,1,297.654686615606
4772567,1,1,1,54,1,1100000,1,40,3,2,1,214.627144892398
4772568,1,1,1,65,4,450000,1,50,5,1,1,307.953152395967
4772569,1,1,1,55,4,2e+06,1,48,6,1,0,236.783633578737
4772569,1,3,0,26,1,3e+06,1,40,6,5,0,236.783633578737
4772569,1,2,0,27,1,3682333.25,1,65,6,5,0,236.783633578737
4772570,1,3,1,52,4,1e+06,1,70,5,1,1,259.04325112339
4772571,1,1,0,48,4,6e+05,1,84,5,1,1,302.411599486261
4772572,1,1,1,24,1,8e+05,1,77,6,2,1,340.399004082496
4772573,1,1,0,66,1,6e+05,1,48,3,2,1,199.644317682258
4772574,1,3,0,20,1,1098211,1,48,5,5,0,288.506452921676
4772574,1,1,1,45,1,1188211,1,72,5,5,0,288.506452921676
4772574,1,2,0,44,4,480000,1,15,3,1,1,288.506452921676
4772574,1,4,1,26,4,8e+05,1,72,4,2,1,288.506452921676
4772575,1,1,0,61,4,450000,1,60,5,2,0,199.644317682258
4772576,1,1,0,38,3,934536.3125,1,48,6,1,0,241.388093178199
4772577,1,1,1,45,1,1119877.625,1,48,3,5,0,234.228535119924
4772577,1,3,0,44,4,3e+05,1,49,4,1,1,234.228535119924
4772578,1,2,0,34,2,2115000,1,70,6,5,0,401.843082128577
4772578,1,1,0,61,5,3e+06,1,90,3,2,1,401.843082128577
4772580,1,1,1,37,2,866666.6875,1,48,5,5,0,227.510631909004
4772580,1,2,0,32,3,866666.6875,1,48,5,1,0,227.510631909004
4772581,1,2,0,42,4,2e+05,1,30,5,1,1,178.600730636427
4772581,1,1,0,66,4,60000,1,30,4,1,1,178.600730636427
4772581,1,4,1,27,1,942786.3125,1,40,5,2,0,178.600730636427
4772581,1,3,1,44,4,8e+05,1,48,4,1,1,178.600730636427
4772582,1,1,1,49,4,1200000,1,42,4,1,1,273.784078081489
4772583,1,1,0,65,4,360000,1,40,3,1,1,176.170400153416
4772583,2,1,1,53,1,3250000,1,48,4,4,0,176.170400153416
4772583,2,3,1,26,1,2491666.75,1,48,6,4,0,176.170400153416
4772583,2,2,0,48,4,6e+05,1,50,4,1,1,176.170400153416
4772583,2,5,1,28,1,2200000,1,48,5,4,0,176.170400153416
4772583,2,4,0,20,1,1371544.375,1,48,6,4,0,176.170400153416
4772583,2,6,0,18,1,935244.6875,1,48,5,4,0,176.170400153416
4772584,1,1,1,23,1,1e+06,1,70,4,2,1,429.347200322359
4772585,1,2,0,40,3,934556.5,1,50,3,1,1,298.922616383008
4772585,1,4,0,30,1,1119377.625,1,48,5,2,0,298.922616383008
4772585,1,3,1,22,1,1735211,1,48,5,5,0,298.922616383008
4772586,1,1,1,32,1,1120000,1,54,3,3,1,285.887012993232
4772587,1,2,0,39,1,869453,1,42,3,5,0,527.508737924031
4772587,1,1,1,42,1,850000,1,43,4,2,1,527.508737924031
4772588,1,2,0,50,5,1800000,1,60,5,2,1,310.095884664746
4772588,1,3,0,24,4,3700000,1,40,6,5,0,310.095884664746
4772588,1,1,1,69,5,1800000,1,48,6,2,1,310.095884664746
4772589,1,5,0,42,1,450000,1,60,3,2,1,341.621791075021
4772589,1,2,0,29,4,4e+05,1,24,5,1,1,341.621791075021
4772589,1,1,1,25,4,1e+06,1,70,4,2,1,341.621791075021
4772590,1,2,0,30,4,7e+07,1,48,6,5,0,257.065903272522
4772590,1,3,1,37,1,4e+06,1,48,6,5,0,257.065903272522
4772591,1,2,1,52,1,1625000,1,48,6,4,0,199.202662834903
4772592,1,1,1,38,1,1018877.6875,1,48,5,5,0,297.654686615606
4772592,1,2,0,34,4,150000,1,40,3,1,1,297.654686615606
4772593,1,1,1,36,1,995244.6875,1,84,3,3,0,297.654686615606
4772595,1,1,1,52,2,6583333.5,1,48,6,5,0,263.095391317619
4772596,1,1,0,38,1,850000,1,48,5,2,1,314.079843783852
4772598,1,1,0,40,1,1.2e+07,1,48,6,4,0,362.993450946968
4772599,1,2,1,37,4,2e+06,1,48,6,1,0,307.511497548611
4772603,1,1,0,42,4,4e+05,1,50,3,1,1,280.740961730755
4772604,1,1,0,53,1,7800000,1,40,6,5,0,227.95228675636
4772613,1,1,1,38,1,934578,1,50,1,4,0,263.095391317619
4774761,1,2,0,58,1,927786.3125,1,48,3,4,0,179.608808306941
4774761,1,3,0,39,1,1e+06,1,48,6,2,0,179.608808306941
4774761,1,4,0,19,1,13338211,1,48,5,5,0,179.608808306941
4774762,1,1,1,31,1,1350000,1,48,5,2,1,282.230204558111
4774762,1,2,0,28,2,1671273,1,72,6,5,0,282.230204558111
4775958,1,1,1,31,4,2e+06,1,112,4,2,1,310.676523485481
4775959,1,3,0,23,1,931953,1,48,6,4,0,233.786880272568
4775959,1,4,1,28,1,931953,1,48,3,4,0,233.786880272568
4775960,1,1,1,50,4,1500000,1,30,6,5,1,273.784078081489
4775961,1,2,0,59,1,935244.6875,1,48,4,2,0,131.768523082487
4775961,1,4,1,51,4,8e+05,1,24,3,1,1,131.768523082487
4775961,1,7,1,53,4,1200000,1,60,5,3,1,131.768523082487
4775963,1,1,1,57,4,1800000,1,40,3,3,0,244.060423913251
4777649,1,3,0,28,1,988211,1,48,6,5,0,243.501536789657
4777650,1,1,1,54,1,1400000,1,48,5,5,0,199.202662834903
4777651,1,1,0,56,1,918211,1,48,5,2,1,186.201943542058
4777651,1,2,0,33,1,1183333.375,1,48,6,2,0,186.201943542058
4777652,1,1,0,46,4,6e+05,1,48,6,1,1,179.484040331139
4777654,1,2,0,34,4,2500000,1,48,6,5,0,287.792875044847
4777654,1,1,1,55,4,1e+06,1,91,5,1,0,287.792875044847
4777655,1,1,1,36,4,4e+06,1,52,6,1,0,263.095391317619
4777657,1,1,1,38,1,7500000,1,50,6,5,0,282.230204558111
4777659,1,3,1,26,1,926345.5,1,50,5,2,0,227.068977061648
4777659,1,1,1,50,1,966556.5,1,48,5,5,0,227.068977061648
4777659,1,2,0,53,1,466600,1,30,3,4,0,227.068977061648
4777660,1,1,0,35,1,4e+05,1,50,6,3,1,349.971614077093
4777660,1,2,1,40,2,3050115.75,1,74,6,5,0,349.971614077093
4777662,1,1,0,27,1,2916666.75,1,40,6,5,0,227.510631909004
4777663,1,2,0,29,1,4466666.5,1,48,6,5,0,163.617903426288
4777663,1,3,1,29,4,2e+06,1,30,6,2,0,163.617903426288
4777664,1,1,1,35,1,7166666.5,1,35,6,2,0,227.510631909004
4777664,1,2,0,29,1,6400000,1,50,6,5,0,227.510631909004
4777665,1,1,1,44,4,2e+06,1,60,5,2,0,258.359596023994
4777666,1,1,0,49,4,550000,1,30,3,1,1,227.510631909004
4777666,1,2,1,49,1,807000,1,65,3,2,0,227.510631909004
4777667,1,1,1,30,1,966556.5,1,48,5,5,0,324.532867177646
4777668,1,1,0,44,1,5958333.5,1,48,6,5,0,243.376768813855
4777670,1,2,0,44,1,964556.5,1,48,3,5,0,304.372589826526
4777670,1,1,1,48,1,966556.5,1,48,5,2,0,304.372589826526
4777671,1,1,0,34,2,8333333.5,1,50,6,5,0,164.059558273644
4777671,1,2,0,57,4,5e+05,1,84,5,1,1,164.059558273644
4777672,1,1,1,54,4,1e+06,1,60,3,1,1,263.095391317619
4777674,1,1,0,55,1,846345.5,1,40,5,4,0,198.761007987547
4777674,1,2,1,30,1,934556.5,1,48,5,5,0,198.761007987547
4777675,1,2,1,37,4,8e+05,1,72,4,2,0,199.202662834903
4777676,1,1,1,61,4,6e+05,1,48,4,1,1,298.359459292032
4777676,1,3,0,39,4,560000,1,40,4,1,1,298.359459292032
4777677,1,1,1,36,1,1429044.375,1,60,4,5,0,301.969944638906
4777677,1,2,0,32,1,1018877.6875,1,56,5,5,0,301.969944638906
4777678,1,3,0,31,1,7e+05,1,24,5,3,1,268.787830417912
4777678,1,2,0,53,4,180000,1,48,3,1,1,268.787830417912
4777678,1,1,1,54,4,1200000,1,56,4,4,0,268.787830417912
4777679,1,2,1,47,1,2565000,1,40,6,2,0,227.510631909004
4777682,1,5,0,34,1,9e+05,1,40,6,5,0,366.400477135878
4777682,1,3,1,37,4,1500000,1,18,5,1,1,366.400477135878
4777682,1,2,1,43,1,3e+05,1,35,5,2,1,366.400477135878
4777685,1,1,0,31,4,5e+06,1,40,6,5,0,282.671859405467
4777686,1,1,0,56,3,220000,1,27,3,1,1,215.068799739753
4777688,1,1,0,72,4,210000,1,8,4,1,1,199.644317682258
4777689,1,1,1,45,1,9e+05,1,60,3,2,1,285.237776586033
4777690,1,1,1,27,4,4e+06,1,50,6,4,0,227.510631909004
4777691,1,1,1,26,4,8e+05,1,50,5,3,1,349.971614077093
4777692,1,1,0,45,4,2e+05,1,24,4,1,1,294.510778255767
4777692,1,3,0,22,4,8e+05,1,25,6,2,0,294.510778255767
4777692,1,2,1,57,1,1254166.625,1,66,3,2,0,294.510778255767
4777694,1,2,0,66,4,210000,1,35,3,1,1,244.060423913251
4777695,1,2,0,43,1,3e+05,1,3,6,4,1,240.946438330844
4777696,1,6,1,32,4,9e+05,1,54,6,1,1,245.762135454786
4777696,1,4,1,37,1,1500000,1,72,6,2,1,245.762135454786
4777696,1,2,0,34,1,9e+05,1,54,6,1,1,245.762135454786
4777696,1,1,1,34,1,1500000,1,72,6,2,1,245.762135454786
4777696,1,5,0,27,1,1e+06,1,57,6,2,1,245.762135454786
4777697,1,1,1,28,1,1918211,1,48,6,5,0,282.230204558111
4777698,1,4,0,25,1,4500000,1,40,6,5,0,208.03400965728
4777698,1,3,1,30,1,5075000,1,40,6,5,0,208.03400965728
4777698,1,1,1,64,5,1e+06,1,40,3,2,0,208.03400965728
4777699,1,1,0,41,3,4e+05,1,30,5,1,0,288.948107769031
4777700,1,2,0,32,1,6083333.5,1,40,6,5,0,163.617903426288
4777700,1,1,1,36,1,4306666.5,1,40,6,5,0,163.617903426288
4777701,1,1,1,60,4,1e+05,1,20,6,2,1,272.368392987352
4777702,1,1,0,24,1,961666.6875,1,48,5,2,1,337.55470404752
4777702,1,2,1,25,4,8e+05,1,56,5,2,1,337.55470404752
4777703,1,2,0,33,1,965556.5,1,48,5,5,0,282.230204558111
4777703,1,1,1,32,1,1027000,1,45,6,5,0,282.230204558111
4777705,1,4,0,56,2,3483333.25,1,40,6,5,0,224.583801661527
4777706,1,2,1,26,4,1200000,1,64,5,1,1,199.202662834903
4777707,1,1,1,33,4,9e+05,1,40,6,1,1,261.328771928196
4777707,1,3,1,25,1,1500000,1,48,6,4,0,261.328771928196
4777707,1,4,1,26,1,9e+05,1,60,5,4,1,261.328771928196
4777707,1,5,1,26,1,840000,1,40,5,2,1,261.328771928196
4777707,1,2,1,28,1,9e+05,1,60,5,4,1,261.328771928196
4777708,1,1,1,52,1,962953,1,48,3,5,0,317.373309119371
4777709,1,1,1,43,1,997000,1,48,4,5,0,297.654686615606
4777709,1,2,0,39,4,7e+05,1,60,5,3,1,297.654686615606
4777710,1,2,1,22,1,1e+06,1,40,4,2,1,340.399004082496
4777710,1,1,0,20,1,576266.625,1,18,4,4,1,340.399004082496
4777711,1,1,1,52,1,840000,1,48,3,2,1,242.935113966499
4777711,1,2,0,51,4,25000,1,3,1,1,1,242.935113966499
4777712,1,2,0,33,4,4e+06,1,40,6,5,0,295.252041427986
4777712,1,1,1,32,1,3594666.75,1,45,6,5,0,295.252041427986
4777713,1,2,1,31,1,3900000,1,72,6,4,0,227.510631909004
4777713,1,1,0,37,1,1950000,1,48,6,4,0,227.510631909004
4777715,1,1,1,51,1,883333.3125,1,48,4,4,0,234.228535119924
4777715,1,2,0,46,4,6e+05,1,50,3,1,1,234.228535119924
4777716,1,1,0,45,2,5966667,1,40,6,5,0,258.80125087135
4777716,1,2,1,24,1,2086711,1,48,6,2,0,258.80125087135
4777719,1,1,1,32,1,1042166.6875,1,60,5,2,0,282.230204558111
4777720,1,1,1,24,5,875000,1,30,6,2,1,249.653017177419
4777720,2,2,0,28,1,3516666.75,1,54,6,5,0,249.653017177419
4777720,2,3,0,23,1,6058333.5,1,48,6,5,0,249.653017177419
4777720,2,1,1,27,1,7416666.5,1,54,6,5,0,249.653017177419
4777722,1,1,1,50,1,5e+05,1,60,4,2,1,227.510631909004
4777722,1,2,0,42,3,850000,1,50,4,1,1,227.510631909004
4777723,1,2,0,36,4,540000,1,40,6,3,1,295.252041427986
4777723,1,1,1,37,1,1431000,1,50,6,5,0,295.252041427986
4777724,1,3,0,34,1,1890000,1,45,6,4,0,291.199901233757
4777724,1,1,1,72,1,781242,1,48,3,2,1,291.199901233757
4777724,1,4,1,27,1,1091666.625,1,48,6,5,0,291.199901233757
4777724,1,6,1,20,1,6e+05,1,40,6,2,1,291.199901233757
4777724,1,2,0,64,1,2e+05,1,50,4,1,1,291.199901233757
4777725,1,1,0,54,4,3e+05,1,70,3,1,1,272.368392987352
4777726,1,1,1,51,4,4450000,1,50,6,5,0,242.935113966499
4777726,1,2,0,50,2,2500000,1,40,6,5,0,242.935113966499
4777727,1,1,0,29,1,1025000,1,60,5,5,0,349.971614077093
4777727,1,2,1,31,4,2e+05,1,45,3,1,1,349.971614077093
4777729,1,1,1,28,4,6e+05,1,48,5,2,1,379.252439826753
4777730,1,2,1,49,4,2e+05,1,70,4,1,1,199.202662834903
4777731,1,1,1,48,4,2e+05,1,48,4,1,1,263.095391317619
4777732,1,1,0,28,4,1e+06,1,60,3,4,1,227.95228675636
4777733,1,1,1,37,1,1127244.625,1,48,5,5,0,212.638469256742
4777734,1,1,1,58,4,6e+05,1,36,3,1,1,307.953152395967
4777735,1,2,0,43,1,2932111,1,36,6,4,0,282.230204558111
4777735,1,1,1,46,4,2500000,1,30,6,1,0,282.230204558111
4777736,1,1,1,56,4,5e+05,1,50,6,2,0,257.49623033509
4777736,1,3,0,24,4,2083000,1,40,6,5,0,257.49623033509
4777736,1,2,0,57,4,1500000,1,20,6,1,1,257.49623033509
4777738,1,3,0,23,5,9e+05,1,30,6,2,0,327.234198061963
4777738,1,4,1,20,4,2e+05,1,8,6,2,0,327.234198061963
4777738,1,2,0,50,5,1800000,1,60,6,4,0,327.234198061963
4777740,1,3,0,48,3,846242,1,48,3,1,0,231.639627227373
4777741,1,2,0,37,2,4400000,1,40,6,5,0,317.865428438196
4777741,1,1,1,47,2,9416667,1,40,6,5,0,317.865428438196
4777742,1,3,0,35,4,5e+05,1,23,6,2,1,214.50991261616
4777742,1,1,0,50,4,5e+05,1,54,5,1,1,214.50991261616
4777743,1,4,1,22,1,640000,1,36,6,2,1,248.777940624589
4777743,1,3,0,45,1,2e+06,1,40,6,4,0,248.777940624589
4777744,1,2,0,42,2,2708333.5,1,70,6,5,0,328.057823808873
4777744,1,1,1,49,1,1.2e+07,1,50,6,5,0,328.057823808873
4777745,1,2,1,60,4,781242,1,40,5,1,1,288.476530144243
4777745,1,3,1,62,4,6e+05,1,72,5,1,1,288.476530144243
4777746,1,1,1,58,4,8e+05,1,70,3,1,1,307.953152395967
4777747,1,2,0,33,1,1100000,1,60,5,2,1,327.087965636459
4777748,1,1,1,57,5,1200000,1,60,6,2,1,307.953152395967
4777749,1,3,1,37,5,1500000,1,60,6,2,1,258.601596276034
4777749,1,1,1,58,1,5e+05,1,60,5,2,1,258.601596276034
4777749,1,5,1,22,1,888211,1,56,5,5,0,258.601596276034
4777749,1,2,0,59,4,250000,1,35,4,1,1,258.601596276034
4777749,1,4,1,29,1,1167377.625,1,40,6,5,0,258.601596276034
4777751,1,1,1,36,1,918211,1,48,5,3,0,143.457626075168
4777751,1,3,0,63,1,6e+05,1,10,3,2,1,143.457626075168
4777751,1,4,0,32,4,1e+06,1,45,4,1,1,143.457626075168
4777752,2,1,1,25,1,1e+06,1,48,5,3,0,292.328212575132
4777753,1,1,1,33,1,1610333.375,1,70,5,5,0,263.095391317619
4777754,1,2,0,25,1,781242,1,48,5,4,1,260.108936866727
4777755,1,1,1,37,1,992743,1,84,5,5,0,310.676523485481
4777756,1,1,1,43,1,1588211,1,56,5,3,0,263.095391317619
4777757,1,1,1,59,1,940000,1,44,4,2,0,307.953152395967
4777759,1,1,1,34,1,4e+05,1,30,5,2,1,336.949777207219
4777761,1,1,0,47,2,1822924.625,1,40,5,5,0,163.617903426288
4777761,1,3,1,40,1,1009044.3125,1,45,5,5,0,163.617903426288
4777762,1,2,0,53,1,812500,1,54,5,3,1,233.786880272568
4777762,1,1,1,54,1,905680.1875,1,48,4,4,0,233.786880272568
4777765,1,1,1,24,1,996119.6875,1,40,5,4,0,421.162250471353
4777766,1,1,1,42,1,1631000,1,48,3,4,0,310.676523485481
4777766,1,3,1,21,1,869453,1,48,5,5,0,310.676523485481
4777766,1,2,0,37,4,50000,1,28,5,1,1,310.676523485481
4777767,1,1,1,38,9,9e+05,1,68,3,2,0,263.095391317619
4777768,1,3,1,43,4,5e+05,1,42,5,1,1,214.185490045042
4777768,1,2,1,52,5,650000,1,35,4,2,1,214.185490045042
4777769,1,1,1,34,4,1200000,1,48,4,1,1,297.654686615606
4777770,1,5,1,24,1,1048212,1,48,5,5,0,365.396096134588
4777770,1,2,0,29,4,4e+05,1,36,5,2,1,365.396096134588
4777770,1,1,1,38,2,3276416.75,1,48,6,5,0,365.396096134588
4777771,1,1,1,49,1,1796666.625,1,48,6,5,0,307.804538155114
4777771,1,2,0,43,1,6e+05,1,48,5,2,1,307.804538155114
4777771,1,3,1,26,1,1363211,1,48,5,3,0,307.804538155114
4777771,1,6,0,22,1,965556.5,1,48,5,5,0,307.804538155114
4777771,1,5,1,26,1,8e+05,1,60,5,2,1,307.804538155114
4777772,1,2,0,56,1,932743,1,40,3,2,0,243.618769065895
4777772,1,3,1,30,4,1200000,1,42,5,2,0,243.618769065895
4777773,1,3,0,50,4,8e+05,1,40,4,1,1,207.592354809925
4777773,1,5,1,46,1,1725000,1,48,5,5,0,207.592354809925
4777773,1,4,1,31,1,1600000,1,42,6,5,0,207.592354809925
4777774,1,2,1,31,1,1235000,1,48,3,2,0,334.126594749273
4777774,1,5,0,40,1,869453,1,48,3,4,0,334.126594749273
4777774,1,6,0,19,3,3e+05,1,55,5,1,1,334.126594749273
4777774,1,1,0,33,3,1032453,1,60,4,1,0,334.126594749273
4777775,1,1,0,39,1,1221544.375,1,48,6,5,0,234.67018996728
4777775,1,2,0,19,4,2e+05,1,20,6,1,1,234.67018996728
4777776,1,2,0,33,1,869453,1,74,3,2,1,297.654686615606
4777776,1,1,1,40,1,3239333.25,1,48,6,5,0,297.654686615606
4777777,1,1,1,29,1,1770333.375,1,48,5,5,0,282.230204558111
4777777,1,2,0,29,1,837908.6875,1,48,5,5,0,282.230204558111
4777778,1,1,1,41,2,3977303.75,1,66,6,5,0,263.095391317619
4777779,1,1,1,35,2,1325000,1,84,6,5,0,234.228535119924
4777779,1,2,0,36,1,1409877.625,1,40,6,5,0,234.228535119924
4777780,1,7,1,22,4,5e+05,1,8,4,1,1,255.615141825142
4777780,1,3,1,60,1,150000,1,10,4,2,1,255.615141825142
4777780,1,5,0,27,4,9e+05,1,48,5,2,1,255.615141825142
4777781,1,1,1,42,5,2500000,1,48,5,2,0,297.654686615606
4777781,1,2,0,34,1,2292666.5,1,40,6,5,0,297.654686615606
4777781,1,3,1,18,1,450000,1,24,5,2,1,297.654686615606
4777782,1,2,0,44,4,720000,1,25,4,1,1,250.094672024774
4777784,1,1,1,53,1,984556.5,1,48,3,5,0,263.095391317619
4777785,1,1,1,36,1,995908.6875,1,48,5,5,0,297.654686615606
4777786,1,1,1,34,1,1026108.6875,1,48,6,2,0,308.687847849825
4777786,1,2,0,31,1,960000,1,48,6,5,0,308.687847849825
4777787,1,3,1,43,1,1300000,1,48,6,5,0,243.618769065895
4777788,1,1,1,56,1,869453,1,48,3,4,0,272.368392987352
4777789,1,5,1,25,1,9e+05,1,60,5,2,1,242.735459371184
4777789,1,3,1,42,4,9e+05,1,60,4,1,1,242.735459371184
4777791,1,1,1,40,4,3e+06,1,66,5,1,1,282.230204558111
4777791,1,2,0,30,4,4e+06,1,40,6,1,0,282.230204558111
4777792,1,1,1,36,1,813793.75,1,48,9,3,0,269.813294528539
4777793,1,1,1,29,1,1226544.375,1,68,5,5,0,349.971614077093
4777794,1,2,0,29,1,1813333.375,1,48,6,5,0,227.510631909004
4777794,1,1,1,31,1,1621544.375,1,45,6,5,0,227.510631909004
4777795,1,2,1,50,1,1e+06,1,60,3,1,1,185.760288694703
4777795,1,1,0,43,1,6e+05,1,48,5,2,1,185.760288694703
4777796,1,4,1,36,4,4e+05,1,50,5,1,1,179.042385483783
4777796,1,1,0,65,1,781242,1,72,4,3,1,179.042385483783
4777796,1,2,0,44,1,1e+06,1,48,5,5,0,179.042385483783
4777797,1,3,1,26,1,1025500,1,60,6,4,0,305.4990733445
4777797,1,1,1,52,1,1114075.375,1,48,4,5,0,305.4990733445
4777797,1,6,0,31,1,1019400,1,54,5,5,0,305.4990733445
4777798,1,1,1,43,4,1500000,1,48,5,1,1,263.095391317619
4777799,1,1,1,25,4,5e+06,1,60,5,2,1,258.359596023994
4777800,1,1,0,41,1,5116666.5,1,72,6,5,0,269.927904407221
4777800,1,2,1,45,4,1e+06,1,40,6,1,0,269.927904407221
4777800,1,3,1,23,1,1088211,1,40,6,5,0,269.927904407221
4777801,1,1,1,34,1,8e+05,1,27,5,3,0,362.993450946968
4777811,1,1,0,58,1,869453,1,48,3,4,0,301.945022499228
4777812,1,1,1,61,4,9e+05,1,48,5,2,1,272.368392987352
4777812,1,2,0,28,4,3e+05,1,10,6,1,1,272.368392987352
4777814,1,2,1,29,1,934556.5,1,48,5,5,0,336.949777207219
4777814,1,1,0,26,1,733333.3125,1,50,4,3,1,336.949777207219
4777821,1,1,1,35,1,15666667,1,50,6,5,0,282.230204558111
4777821,1,2,0,36,1,9083334,1,40,6,4,0,282.230204558111
4777822,1,1,1,27,5,1700000,1,44,6,3,0,227.510631909004
4777825,1,1,1,42,4,1.5e+07,1,60,6,5,0,227.510631909004
4777825,1,2,0,32,4,9200000,1,50,6,5,0,227.510631909004
4777826,1,2,0,25,1,935056.5,1,48,6,4,0,164.059558273644
4777826,1,1,0,62,4,8e+05,1,40,5,1,1,164.059558273644
4777831,1,1,0,47,1,965244.6875,1,48,5,5,0,282.671859405467
4777832,1,1,0,36,1,7125000,1,102,6,5,0,227.95228675636
4780046,1,1,1,43,1,1294711,1,50,3,5,0,278.519873375114
4780047,1,1,0,20,1,1338211,1,40,6,5,0,270.254949375894
4780066,1,1,0,48,1,915666.6875,1,48,4,3,0,163.617903426288
4780277,1,2,1,33,4,3400000,1,41,6,5,0,278.670627900362
4780278,1,2,0,48,1,1912666.625,1,45,6,5,0,223.760084640757
4780280,1,1,1,31,1,1748333.375,1,40,6,5,0,340.032348462135
4780281,1,1,1,48,5,3e+06,1,48,3,2,1,289.354403446964
4780281,1,2,0,35,4,7e+05,1,48,4,1,1,289.354403446964
4780281,1,3,0,18,1,781242,1,60,6,5,0,289.354403446964
4782203,1,1,0,30,4,7e+05,1,77,5,2,1,278.030673849023
4782207,1,1,1,57,1,854575.3125,1,48,6,4,0,304.673059122162
4782207,1,2,0,42,1,929453,1,45,5,4,0,304.673059122162
4782208,1,2,1,20,3,1321544.375,1,55,5,2,1,285.533912539238
4782208,1,1,1,31,4,2e+06,1,14,6,2,1,285.533912539238
4782209,1,2,0,34,1,900453,1,56,5,5,0,226.300177557439
4782209,1,1,1,36,1,912953,1,40,5,5,0,226.300177557439
4782211,1,1,0,44,1,3226223.25,1,48,6,2,0,233.302960197732
4782211,1,3,1,26,1,2773916.75,1,48,6,5,0,233.302960197732
4782211,1,2,0,28,1,2101223.25,1,48,6,2,0,233.302960197732
4782212,1,1,0,54,3,4e+05,1,50,5,2,1,260.742641344415
4782212,1,2,1,64,4,1e+06,1,48,5,1,0,260.742641344415
4782212,1,3,1,25,1,220000,1,14,6,5,1,260.742641344415
4782213,1,1,1,32,1,1.2e+07,1,40,6,4,0,553.937134396072
4782214,1,1,0,38,4,8e+05,1,40,4,1,1,267.643436513611
4782214,1,2,1,20,2,480000,1,60,5,5,0,267.643436513611
4782215,1,1,1,55,5,6e+06,1,40,6,4,0,557.341255800723
4782215,1,2,1,25,1,3833333.5,1,40,6,5,0,557.341255800723
4782217,1,2,0,27,4,2e+05,1,22,1,1,1,360.009527259417
4782217,1,1,1,28,1,2167000,1,46,5,5,0,360.009527259417
4782218,1,2,0,60,4,6e+05,1,60,4,1,1,259.727600598321
4782218,1,1,1,71,1,216666.671875,1,54,4,1,1,259.727600598321
4782219,1,1,1,37,1,8e+06,1,70,6,5,0,518.081161284179
4782219,1,2,0,36,1,6858333.5,1,50,6,5,0,518.081161284179
4782220,1,1,0,49,3,682500,1,40,5,1,1,267.643436513611
4782221,1,2,0,44,1,25300000,1,40,6,5,0,518.081161284179
4782222,1,1,0,50,1,1083333.375,1,48,6,1,0,241.150104616462
4782222,1,2,0,48,4,1500000,1,30,5,1,1,241.150104616462
4782223,1,1,1,50,4,9e+05,1,40,1,1,1,245.24320485948
4782223,1,4,0,19,1,480000,1,20,6,2,1,245.24320485948
4782224,1,1,1,37,4,9e+06,1,70,6,1,0,518.081161284179
4782224,1,2,0,36,1,4916666.5,1,40,6,5,0,518.081161284179
4782225,1,2,0,38,1,18900000,1,40,6,5,0,593.891491990635
4782225,1,1,1,39,1,23833334,1,40,6,5,0,593.891491990635
4782226,1,2,0,41,1,6850000,1,48,6,5,0,644.208723812376
4782226,1,1,1,43,4,9e+06,1,48,6,1,0,644.208723812376
4782227,1,2,0,45,1,3375000,1,43,6,5,0,259.040580642089
4782227,1,1,1,54,2,2708333.5,1,30,6,5,0,259.040580642089
4782228,1,2,1,41,1,23700000,1,64,6,5,0,305.729382676576
4782228,1,1,0,39,1,1496544.375,1,60,6,4,0,305.729382676576
4782229,1,1,1,54,1,1.5e+07,1,50,6,5,0,502.461893507358
4782230,1,2,0,50,1,984877.6875,1,48,4,3,0,260.742641344415
4782231,1,1,0,46,2,1083333.375,1,50,5,5,0,215.950450752346
4782232,1,1,0,39,1,7e+06,1,35,6,5,0,518.081161284179
4782232,1,2,1,37,1,13133333,1,45,6,5,0,518.081161284179
4782233,1,1,1,38,1,9e+05,1,48,5,2,1,341.056944582802
4782234,1,1,0,31,1,760000,1,40,6,2,1,259.078091172409
4782235,1,1,1,48,5,9e+06,1,48,6,4,0,485.331202824955
4782235,1,2,0,46,5,6e+06,1,48,6,4,0,485.331202824955
4782236,1,1,0,33,1,888211,1,51,5,2,0,259.040580642089
4782236,1,2,1,31,1,1616666.625,1,54,5,4,0,259.040580642089
4782237,1,1,0,34,1,846345.5,1,66,6,5,0,261.655694619411
4782241,1,2,1,18,1,9e+05,1,54,4,3,1,285.682965915228
4782241,1,3,1,39,1,1050000,1,50,3,5,0,285.682965915228
4782244,1,1,1,41,5,2e+06,1,53,5,3,0,259.040580642089
4782244,1,2,0,49,5,2e+06,1,33,5,3,0,259.040580642089
4782245,1,1,1,35,4,2600000,1,60,4,1,1,251.230946753679
4782245,1,2,0,36,4,1e+06,1,65,5,1,1,251.230946753679
4782246,1,2,0,47,4,2e+06,1,20,6,3,0,535.211851966582
4782246,1,3,1,24,5,2e+05,1,60,6,3,1,535.211851966582
4782252,1,1,1,34,4,9e+05,1,100,5,1,1,354.314798096807
4782252,1,2,0,30,4,1500000,1,105,6,1,1,354.314798096807
4782254,1,2,0,39,1,934556.5,1,48,6,5,0,304.870644214781
4782255,1,1,1,19,4,7e+05,1,50,5,1,1,314.128565376513
4782256,1,1,0,56,1,1094556.5,1,48,3,5,0,241.688071196704
4782257,1,3,0,24,1,950711,1,40,5,3,0,297.493775342768
4782258,1,1,1,30,4,3e+06,1,60,4,1,1,276.968567198036
4782259,1,2,0,34,1,965556.5,1,48,5,5,0,270.448886675244
4782260,1,1,1,40,1,1165211,1,60,5,4,0,251.230946753679
4782260,1,2,0,38,3,1082453,1,48,4,1,0,251.230946753679
4782261,1,1,1,34,1,1534556.5,1,48,5,5,1,254.008441759566
4782261,1,2,0,37,1,1697877.625,1,53,6,5,1,254.008441759566
4782261,1,7,1,35,1,1604877.625,1,45,6,5,0,254.008441759566
4782262,1,2,1,38,1,2666666.75,1,48,6,4,0,223.722574110437
4782262,1,3,0,27,1,902786.3125,1,48,5,4,0,223.722574110437
4782263,1,1,1,47,4,1300000,1,48,3,1,1,286.558508659905
4782263,1,2,0,36,4,1e+05,1,24,5,1,1,286.558508659905
4782264,1,3,1,22,1,781242,1,45,5,4,0,276.171271324492
4782265,1,3,1,37,4,6e+05,1,40,6,1,1,241.799614042374
4782268,1,1,1,48,1,846345.5,1,50,4,4,0,276.133760794173
4782268,1,3,1,25,1,813793.75,1,48,5,5,0,276.133760794173
4782268,1,4,1,21,1,813793.75,1,48,5,5,0,276.133760794173
4782270,1,1,1,59,5,1200000,1,77,4,2,1,303.648463001495
4782270,1,2,1,21,1,240000,1,77,5,2,1,303.648463001495
4782272,1,1,0,40,4,30000,1,5,5,1,1,314.332238548098
4782272,1,2,1,20,1,7e+05,1,35,6,5,0,314.332238548098
4782274,1,1,1,50,4,9e+05,1,48,4,1,1,261.618184089092
4782274,1,2,0,47,1,3e+05,1,48,4,1,1,261.618184089092
4782274,1,3,0,24,1,8e+05,1,40,5,2,1,261.618184089092
4782276,1,2,0,51,4,250000,1,40,4,1,1,277.155131104347
4782278,1,1,1,61,5,2e+06,1,66,3,2,1,259.765111128641
4782278,1,2,0,60,5,750000,1,66,3,2,1,259.765111128641
4782279,1,1,1,30,1,992743,1,67,5,4,0,351.175297250339
4782279,1,2,0,24,1,1052743,1,48,5,5,0,351.175297250339
4782279,1,5,1,20,1,869453,1,48,5,4,0,351.175297250339
4782280,1,1,0,40,1,957453,1,48,5,3,0,267.643436513611
4782281,1,1,0,49,4,1e+05,1,96,4,1,1,267.643436513611
4782282,1,2,0,32,4,5e+05,1,48,5,1,1,314.294728017778
4782283,1,1,0,59,4,70000,1,4,5,1,1,343.065098870892
4782283,1,2,0,33,1,1184336,1,48,6,4,0,343.065098870892
4782283,1,6,0,26,1,1527125,1,48,5,5,0,343.065098870892
4782283,1,7,1,24,1,1202544.375,1,48,5,5,0,343.065098870892
4782284,1,1,0,53,1,869453,1,48,4,3,0,268.668032634278
4782284,1,2,0,25,1,894000,1,48,6,5,0,268.668032634278
4782284,1,3,1,24,1,1630000,1,50,5,5,0,268.668032634278
4782285,1,1,0,70,4,50000,1,12,4,1,1,241.688071196704
4782286,1,1,1,41,1,1714877.625,1,48,5,5,0,313.200893933044
4782286,1,2,0,37,4,6e+05,1,40,3,2,1,313.200893933044
4782286,1,3,1,21,1,1474377.625,1,40,6,5,0,313.200893933044
4782286,1,6,1,66,4,4e+05,1,24,4,1,1,313.200893933044
4782289,1,1,0,29,1,2163333.25,1,48,6,5,0,277.993163318703
4782289,1,2,1,34,1,964556.5,1,40,5,5,0,277.993163318703
4782290,1,1,1,56,4,8e+05,1,48,3,4,1,260.780151874735
4782290,1,2,0,46,3,5e+05,1,40,3,1,1,260.780151874735
4782292,1,1,0,39,1,480000,1,55,3,2,1,308.306986123578
4782292,1,2,1,31,1,1129119.625,1,50,3,4,0,308.306986123578
4782292,1,3,0,18,1,390000,1,32,5,4,1,308.306986123578
4782293,1,1,0,37,1,1062743,1,48,6,3,0,277.993163318703
4782293,1,2,1,38,1,1399453,1,64,5,4,0,277.993163318703
4782294,1,1,1,59,1,420000,1,24,3,2,1,313.160157592231
4782295,1,1,1,45,4,2e+06,1,40,3,2,0,267.568415452971
4782295,1,4,1,28,4,2e+06,1,40,3,2,0,267.568415452971
4782297,1,1,1,55,4,1200000,1,48,4,2,1,279.732734551349
4782299,1,1,1,30,1,1063211,1,56,5,5,0,276.968567198036
4782301,1,3,0,28,1,954333.3125,1,44,5,3,0,241.837124572694
4782303,1,1,1,40,1,781242,1,48,4,5,0,251.230946753679
4782303,1,2,0,41,1,930453,1,40,5,2,0,251.230946753679
4782304,1,1,1,52,4,9e+05,1,56,3,1,1,250.215906007585
4782304,1,2,0,58,3,560000,1,36,3,1,1,250.215906007585
4782305,1,1,1,31,1,2174877.75,1,45,5,5,0,385.168143170287
4782306,1,1,1,40,1,1549453,1,46,5,5,0,267.605925983291
4782306,1,2,0,37,1,869453,1,45,3,5,0,267.605925983291
4782307,1,2,1,64,2,4357500,1,40,6,5,0,269.35505259051
4782307,1,3,0,27,1,2800000,1,48,6,5,0,269.35505259051
4782307,1,5,1,21,4,3e+05,1,3,6,1,1,269.35505259051
4782308,1,1,1,25,1,781242,1,48,5,2,1,276.968567198036
4782310,1,1,1,43,1,9e+05,1,50,5,3,1,341.056944582802
4782311,1,1,1,29,1,1616666.625,1,80,6,5,0,276.968567198036
4782312,1,1,1,32,1,2843333.25,1,48,6,5,0,385.168143170287
4782314,1,2,0,32,1,1333666.625,1,48,5,5,0,334.986881927037
4782316,1,1,1,31,2,1818000,1,48,6,5,0,242.675156787051
4782316,1,2,0,35,1,7e+05,1,50,6,2,1,242.675156787051
4782316,1,4,0,63,1,80000,1,6,5,2,1,242.675156787051
4782317,1,1,1,24,1,880000,1,66,5,4,0,267.643436513611
4782317,1,2,0,33,1,888211,1,48,6,2,1,267.643436513611
4782318,1,1,1,24,1,1291544.375,1,60,5,4,0,233.878437308293
4782318,1,2,0,23,1,964743,1,40,5,2,0,233.878437308293
4782318,1,3,0,57,1,360000,1,18,5,3,1,233.878437308293
4782319,1,1,1,41,5,1400000,1,63,3,2,1,226.253111652546
4782319,1,2,0,45,3,860000,1,40,5,1,1,226.253111652546
4782319,1,3,1,26,1,969453,1,46,5,5,0,226.253111652546
4782319,1,4,0,20,1,656666.6875,1,16,6,5,0,226.253111652546
4782320,1,1,1,33,4,1200000,1,45,6,5,0,276.968567198036
4782321,1,1,1,36,1,1688211,1,48,5,5,0,261.618184089092
4782321,1,2,0,38,1,1184211,1,40,6,4,0,261.618184089092
4782322,1,1,1,27,1,896666.6875,1,66,5,3,1,279.546170645038
4782322,1,2,0,21,1,320000,1,22,5,3,1,279.546170645038
4782323,1,1,1,28,4,1400000,1,90,4,1,0,296.945745995318
4782323,1,2,0,31,4,450000,1,40,5,1,1,296.945745995318
4782324,1,1,1,49,4,8e+05,1,60,3,4,1,342.609951909137
4782325,1,2,1,37,1,965453,1,48,5,5,0,241.650560666384
4782327,1,2,1,26,1,1429877.625,1,45,6,5,0,259.727600598321
4782330,1,1,1,34,1,1133000,1,48,5,5,0,322.104361906188
4782330,1,2,0,34,4,3e+05,1,10,5,1,1,322.104361906188
4782332,1,1,1,31,1,997119.6875,1,44,3,4,0,330.66970724739
4782332,1,2,0,33,1,961119.6875,1,44,3,4,0,330.66970724739
4782334,1,1,0,50,1,1059877.625,1,48,5,2,1,242.665601412477
4782334,1,2,1,53,1,954877.6875,1,45,3,2,1,242.665601412477
4782334,1,3,0,22,1,940286.3125,1,48,6,2,1,242.665601412477
4782335,1,1,1,48,2,2741666.75,1,100,5,5,0,305.792479650574
4782337,1,1,1,31,1,1439877.625,1,66,5,5,0,341.056944582802
4782337,1,2,0,25,3,5e+05,1,35,5,1,1,341.056944582802
4782341,1,1,1,35,4,7e+06,1,88,6,1,0,277.993163318703
4782343,1,1,1,54,1,1.5e+07,1,45,6,5,0,172.029588349173
4782344,1,2,1,37,1,964556.5,1,48,4,5,0,193.512708567895
4782344,1,4,1,30,1,1164877.625,1,48,6,5,0,193.512708567895
4782344,1,5,0,30,1,1077377.625,1,48,5,5,0,193.512708567895
4782345,1,1,0,50,1,5416666.5,1,50,6,5,0,267.643436513611
4782347,1,1,1,45,1,10508333,1,48,6,5,0,207.347594880825
4782347,1,2,0,46,1,6800000,1,48,6,5,0,207.347594880825
4782348,1,1,1,47,5,1.2e+07,1,40,6,3,0,267.605925983291
4782349,1,3,0,26,1,1058211,1,48,6,5,0,322.290925812499
4782350,1,1,1,29,1,1242743,1,48,5,4,0,341.056944582802
4782351,1,1,0,58,4,6e+05,1,30,4,1,1,259.690090068001
4782351,1,3,1,34,1,888211,1,48,5,5,0,259.690090068001
4782351,1,4,1,25,1,869453,1,48,5,4,0,259.690090068001
4782352,1,2,1,46,1,7e+05,1,72,4,3,1,259.768336939134
4782352,1,4,0,36,1,3e+05,1,72,4,4,1,259.768336939134
4782352,1,7,1,21,1,911119.6875,1,48,4,2,0,259.768336939134
4782353,1,2,0,42,1,5287500,1,50,6,5,0,223.760084640757
4782355,1,2,1,34,4,2e+06,1,25,6,1,1,241.650560666384
4782357,1,2,0,55,1,1488211,1,48,6,2,0,268.330456469843
4782360,1,1,1,72,1,4e+05,1,30,4,2,1,295.083117660293
4782361,1,1,0,56,1,1100000,1,63,6,2,1,241.688071196704
4782363,1,1,0,44,4,3e+05,1,84,6,1,1,261.655694619411
4782364,1,3,1,36,1,1088211,1,50,6,5,0,259.727600598321
4782366,1,1,1,41,1,3966666.75,1,48,6,5,0,259.040580642089
4782366,1,2,0,36,1,1211544.375,1,48,6,5,0,259.040580642089
4782367,1,3,0,32,1,996556.5,1,48,5,5,0,289.672367571216
4782367,1,4,1,28,1,1388211,1,48,6,5,0,289.672367571216
4782368,1,1,1,56,1,9e+05,1,30,3,4,1,359.826592376481
4782368,1,3,0,24,1,781242,1,48,6,4,1,359.826592376481
4782369,1,1,0,23,1,8e+05,1,54,4,2,1,359.660977514269
4782370,1,1,1,46,1,934453,1,40,6,3,0,218.490543669029
4782370,1,2,0,41,1,934453,1,40,6,3,0,218.490543669029
4782370,1,3,0,21,1,988211,1,23,6,5,0,218.490543669029
4782370,1,7,0,70,4,2e+05,1,42,4,1,1,218.490543669029
4782371,1,1,1,41,1,1688000,1,67,5,2,0,315.898328671932
4782372,1,1,1,24,1,1541666.625,1,54,6,5,0,267.643436513611
4782372,1,2,0,28,4,2e+05,1,9,6,2,1,267.643436513611
4782374,1,1,1,41,4,7e+05,1,35,5,1,1,242.665601412477
4782374,1,2,0,48,5,2e+06,1,70,4,2,1,242.665601412477
4782376,1,1,1,50,2,1978544.375,1,40,5,5,0,317.259902821375
4782377,1,1,1,62,4,4e+06,1,54,5,1,1,295.083117660293
4782378,1,1,0,68,1,1232551.75,1,48,4,2,0,241.688071196704
4782380,1,1,1,27,1,934556.5,1,48,5,5,0,269.628446013863
4782380,1,2,0,39,4,480000,1,32,5,1,1,269.628446013863
4782381,1,1,1,35,1,1062078,1,57,6,5,0,307.742852442262
4782382,1,1,1,19,1,9e+05,1,42,6,2,1,332.260225104044
4782382,1,2,0,20,1,750000,1,45,5,2,1,332.260225104044
4782384,1,2,0,28,1,840000,1,50,5,3,1,308.881292576337
4782386,1,1,0,37,1,815000,1,63,5,2,1,330.70721777771
4782387,1,1,0,30,1,4416667,1,60,6,5,0,259.078091172409
4782388,1,1,1,65,4,2e+06,1,30,6,1,1,241.837124572694
4782388,1,2,0,59,4,1e+06,1,18,4,1,1,241.837124572694
4782388,1,3,0,39,4,4e+05,1,28,5,1,0,241.837124572694
4782389,1,1,0,27,1,929453,1,56,5,4,0,341.094455113122
4782390,1,1,0,64,4,780000,1,48,5,2,0,241.688071196704
4782391,1,1,0,32,4,3e+06,1,45,6,1,1,242.665601412477
4782391,1,2,1,34,4,3e+06,1,54,6,1,0,242.665601412477
4782392,1,1,0,48,4,910000,1,48,4,2,1,242.665601412477
4782392,1,2,0,23,1,6e+05,1,80,5,2,1,242.665601412477
4782392,1,3,1,33,4,8e+05,1,48,6,1,1,242.665601412477
4782393,1,2,1,31,1,2100000,1,40,6,5,0,241.112594086142
4782393,1,3,0,30,4,2900000,1,45,6,4,0,241.112594086142
4782394,1,1,1,27,4,6e+05,1,48,6,1,1,276.968567198036
4782396,1,2,0,39,2,3e+06,1,40,6,5,0,341.056944582802
4782397,1,1,0,52,4,1e+06,1,24,6,1,0,267.643436513611
4782400,1,3,0,36,1,1270000,1,69,5,5,0,241.837124572694
4782401,1,1,1,40,5,4e+06,1,84,6,4,0,223.722574110437
4782404,1,1,1,62,4,3e+05,1,25,6,1,0,295.083117660293
4782405,1,1,1,64,4,2100000,1,43,4,1,1,259.2271445484
4782405,1,3,0,33,4,2300000,1,50,6,5,0,259.2271445484
4782406,1,1,0,48,4,1e+05,1,11,6,1,1,241.112594086142
4782406,1,2,0,41,2,3985000,1,40,6,5,0,241.112594086142
4782406,1,3,1,39,1,7e+05,1,72,6,5,1,241.112594086142
4782407,1,1,1,30,1,1060711,1,48,6,2,0,276.968567198036
4782408,1,1,1,55,4,3e+05,1,42,3,1,1,285.720476445548
4782408,1,2,0,51,3,887786.3125,1,24,3,1,0,285.720476445548
4782411,1,1,0,41,1,869453,1,60,6,2,0,242.703111942797
4782412,1,1,0,40,1,1320666.625,1,48,5,4,0,242.703111942797
4782414,1,1,1,67,4,4e+05,1,48,4,1,0,295.083117660293
4782416,1,1,1,39,1,881119.6875,1,48,4,5,0,332.222714573725
4782416,1,2,1,20,1,781242,1,48,5,2,1,332.222714573725
4782417,1,1,1,22,1,986077.6875,1,48,3,5,0,288.14902651656
4782417,1,2,0,22,1,8e+05,1,56,4,2,1,288.14902651656
4782418,1,1,0,56,4,420000,1,27,3,1,1,208.93811273748
4782419,1,1,1,55,2,4225000,1,45,6,5,0,269.345497215936
4782419,1,2,0,49,1,3033333.25,1,53,6,5,0,269.345497215936
4782420,1,1,0,52,2,1236666.625,1,40,6,5,0,266.973423137077
4782421,1,1,1,39,1,960000,1,72,3,2,1,341.056944582802
4782421,1,2,0,27,1,985203,1,48,5,4,0,341.056944582802
4782422,1,1,0,44,1,8e+05,1,48,5,2,1,284.98590028965
4782423,1,1,1,57,1,1056544.375,1,48,5,3,0,277.155131104347
4782423,1,2,0,53,4,270000,1,40,3,1,1,277.155131104347
4782424,1,1,1,28,1,1200000,1,60,5,5,0,277.993163318703
4782424,1,2,0,29,1,1159943,1,48,5,5,0,277.993163318703
4782425,1,1,1,45,1,1462743,1,57,5,2,0,226.290622182865
4782425,1,2,0,40,4,5e+05,1,60,5,2,1,226.290622182865
4782426,1,1,0,33,1,720000,1,72,5,4,1,259.078091172409
4782428,1,1,1,39,5,3800000,1,35,6,2,1,259.040580642089
4782428,1,2,0,37,1,1496544.375,1,40,6,5,0,259.040580642089
4782430,1,1,1,26,4,2700000,1,50,6,5,0,241.613050136064
4782431,1,1,1,50,4,2500000,1,36,5,1,1,276.968567198036
4782432,1,1,1,30,1,1604877.625,1,60,5,5,0,259.040580642089
4782433,1,1,1,40,1,1e+07,1,50,6,5,0,276.968567198036
4782434,1,1,1,48,2,2884166.75,1,50,6,5,0,322.104361906188
4782434,1,2,0,36,1,1148377.625,1,30,6,5,0,322.104361906188
4782436,1,1,1,44,4,150000,1,30,3,2,1,259.040580642089
4782436,1,2,0,38,3,250000,1,63,4,1,1,259.040580642089
4785181,1,1,1,29,1,997556.5,1,48,4,4,0,385.168143170287
4787725,1,1,0,49,4,1e+05,1,10,6,1,0,267.643436513611
4787726,1,1,1,56,1,14366667,1,48,6,4,0,571.440952891096
4787726,1,2,0,53,1,5416666.5,1,48,6,4,0,571.440952891096
4787726,1,3,1,24,1,4150000,1,48,6,5,0,571.440952891096
4787727,1,1,1,51,5,3e+06,1,60,6,2,1,276.968567198036
4787728,1,1,1,61,1,30200000,1,40,6,5,0,227.015152669417
4787728,1,2,0,60,2,4183333.5,1,40,6,5,0,227.015152669417
4787728,1,3,0,24,1,1200000,1,48,6,5,0,227.015152669417
4787729,1,1,1,42,1,5416666.5,1,44,6,4,0,261.618184089092
4787730,1,1,1,70,4,150000,1,48,3,2,1,259.765111128641
4787731,1,2,0,44,1,2021242,1,48,5,5,0,330.66970724739
4787733,1,1,1,40,4,8e+05,1,40,5,1,1,322.860073358979
4787733,1,2,0,38,1,1075000,1,51,5,5,0,322.860073358979
4787733,1,5,1,21,1,781242,1,48,5,2,1,322.860073358979
4787734,1,1,1,23,1,2916666.75,1,48,5,4,0,278.786385301815
4787734,1,5,0,24,1,120000,1,12,4,2,1,278.786385301815
4787735,1,1,0,58,4,6e+05,1,30,1,1,1,304.676831400163
4787737,1,1,0,51,4,3e+05,1,56,4,1,1,187.866600998543
4787737,1,2,1,53,1,924575.3125,1,48,4,5,0,187.866600998543
4787737,1,3,0,29,1,1100000,1,48,6,5,0,187.866600998543
4787737,1,4,0,27,1,2083333.375,1,48,6,5,0,187.866600998543
4787738,1,2,1,58,4,1500000,1,96,5,1,0,313.122647061911
4787738,1,3,1,52,4,2e+06,1,30,6,1,1,313.122647061911
4787739,1,1,1,55,1,1214453,1,60,5,4,0,287.510885861088
4787740,1,1,1,23,1,936853,1,52,5,5,0,332.260225104044
4787742,1,1,1,29,4,8e+05,1,96,5,2,1,251.230946753679
4787742,1,2,0,44,4,8e+05,1,107,6,2,1,251.230946753679
4787742,1,3,0,19,4,1300000,1,14,5,1,1,251.230946753679
4787743,1,1,0,41,1,960000,1,48,3,3,1,278.786385301815
4787744,1,1,1,44,4,1100000,1,48,5,1,1,259.040580642089
4787744,1,2,0,37,4,1500000,1,40,6,1,1,259.040580642089
4787746,1,1,1,25,1,1100000,1,112,6,2,1,276.968567198036
4787751,1,1,0,46,3,781242,1,48,3,2,0,286.596019190225
4787751,1,2,1,23,1,850000,1,48,6,2,1,286.596019190225
4787754,1,1,0,19,1,1194044.375,1,48,6,5,0,269.196443839946
4787754,1,2,1,23,1,978211,1,48,5,5,0,269.196443839946
4787755,1,1,1,30,1,846345.5,1,48,4,5,0,276.968567198036
4787756,1,1,1,49,1,1516666.625,1,48,6,5,0,277.993163318703
4787757,1,1,1,30,1,1171544.375,1,55,5,5,0,259.040580642089
4787757,1,2,0,47,1,1119453,1,54,5,5,0,259.040580642089
4787758,1,1,1,47,1,1760000,1,48,4,5,0,207.347594880825
4787758,1,2,0,46,3,702333.3125,1,50,4,2,1,207.347594880825
4787758,1,3,0,19,1,781242,1,48,5,5,0,207.347594880825
4787759,1,1,0,23,1,869453,1,84,5,2,0,260.593587968424
4787760,1,1,1,30,4,1300000,1,70,5,1,1,322.104361906188
4787761,1,1,1,31,4,1200000,1,54,5,1,1,296.945745995318
4787761,1,2,0,40,3,967703,1,48,5,1,0,296.945745995318
4787762,1,1,1,53,4,8e+05,1,48,3,1,1,250.178395477266
4787762,1,3,1,24,4,7e+05,1,48,4,2,1,250.178395477266
4787762,1,4,1,41,1,888211,1,48,4,2,0,250.178395477266
4787765,1,1,1,47,4,1200000,1,40,5,5,0,224.73761485653
4787765,1,3,0,25,4,1400000,1,45,6,5,0,224.73761485653
4787766,1,1,1,61,4,6e+05,1,50,3,1,0,259.18963401808
4787766,1,2,0,52,4,8e+05,1,30,6,1,1,259.18963401808
4787766,1,3,1,29,1,781242,1,48,6,5,1,259.18963401808
4787769,1,6,0,40,1,979203,1,48,5,5,0,233.123992783861
4787772,1,1,0,53,4,7e+05,1,126,4,1,1,259.078091172409
4787773,1,1,0,30,5,1500000,1,48,5,2,1,321.994085988876
4787773,1,2,1,40,1,934453,1,48,4,2,0,321.994085988876
4787773,1,3,1,19,1,1321544.25,1,48,6,2,0,321.994085988876
4787773,1,6,1,67,1,781242,1,48,3,5,0,321.994085988876
4787774,1,1,1,45,1,1010000,1,54,3,5,0,341.056944582802
4787774,1,2,0,35,4,781242,1,48,5,1,0,341.056944582802
4787775,1,1,0,45,1,966494.6875,1,48,5,3,0,277.993163318703
4787775,1,2,1,49,1,1599877.625,1,72,5,3,0,277.993163318703
4787776,1,1,1,62,4,8e+05,1,60,5,1,0,241.837124572694
4787776,1,2,0,60,1,781242,1,48,6,5,0,241.837124572694
4787777,1,1,1,35,2,2275772.25,1,40,5,5,0,277.993163318703
4787777,1,2,0,31,4,150000,1,15,5,1,1,277.993163318703
4787779,1,1,0,42,1,2228000,1,48,6,5,0,173.082139625586
4787779,1,4,0,54,4,30000,1,19,5,2,1,173.082139625586
4787780,1,1,1,36,4,1e+06,1,48,6,1,1,277.993163318703
4787780,1,2,0,30,1,8e+05,1,48,5,2,1,277.993163318703
4787781,1,1,1,51,1,948742,1,52,5,5,0,259.040580642089
4787781,1,2,0,48,4,4e+05,1,48,4,1,1,259.040580642089
4787783,1,1,1,44,1,975000,1,50,4,4,0,276.171271324492
4787783,1,2,0,44,4,160000,1,20,5,1,1,276.171271324492
4787783,1,3,1,21,1,928211,1,50,5,5,0,276.171271324492
4787784,1,2,1,70,1,280000,1,24,3,2,1,259.765111128641
4787786,1,1,1,53,4,4600000,1,15,6,1,0,276.968567198036
4787787,1,1,1,43,1,1094211,1,48,5,5,0,226.290622182865
4787787,1,2,0,38,1,965556.5,1,48,5,5,0,226.290622182865
4787788,1,1,1,47,1,966119.6875,1,48,4,5,0,251.230946753679
4787790,1,1,0,34,5,1500000,1,92,6,2,1,341.056944582802
4787790,1,2,1,45,1,2813333.25,1,90,4,5,0,341.056944582802
4787791,1,2,0,38,4,1e+05,1,50,3,2,1,268.361637436082
4787792,1,1,1,59,1,1314877.625,1,45,5,5,0,295.083117660293
4787793,1,1,1,30,1,1281242,1,50,5,5,0,277.993163318703
4787793,1,2,0,26,1,899453,1,48,5,5,0,277.993163318703
4787794,1,1,1,41,4,1200000,1,48,6,1,1,253.808550200681
4787794,1,2,0,45,4,9e+05,1,70,5,1,1,253.808550200681
4787794,1,3,0,23,1,894575.3125,1,48,6,5,0,253.808550200681
4787795,1,1,0,61,3,607166.6875,1,24,5,2,1,223.760084640757
4787796,1,1,0,35,1,954877.6875,1,48,4,5,0,223.760084640757
4787797,1,1,0,23,1,1275000,1,39,6,5,0,260.593587968424
4787797,1,2,1,27,1,1614666.625,1,56,5,5,0,260.593587968424
4787798,1,1,0,45,1,869453,1,48,5,5,0,305.766893206896
4787800,1,1,0,41,3,910000,1,40,3,1,1,267.605925983291
4787800,1,2,1,31,1,1360000,1,50,5,5,0,267.605925983291
4787802,1,1,1,40,4,7e+05,1,45,5,3,1,225.275581436772
4787803,1,1,0,48,1,1234453,1,56,3,4,0,280.533256235386
4787805,1,1,1,58,4,5e+05,1,70,6,1,1,303.648463001495
4787807,1,1,0,38,4,1500000,1,45,5,5,0,333.284821224712
4787807,1,2,0,19,4,1500000,1,54,5,5,0,333.284821224712
4787810,1,1,1,36,5,1e+06,1,53,5,3,1,387.745746617289
4787810,1,2,0,34,5,5e+05,1,35,6,3,1,387.745746617289
4787812,1,1,1,22,5,2100000,1,63,5,2,1,269.196443839946
4787815,1,1,1,31,4,2e+06,1,91,5,1,1,259.040580642089
4787816,1,1,1,25,1,1171666.625,1,48,5,5,0,276.968567198036
4787817,1,1,1,28,1,994453,1,48,5,5,0,298.498753321653
4787819,1,1,1,21,1,2566666.5,1,62,4,2,1,285.571423069558
4787820,1,1,1,26,1,1822211,1,48,6,5,0,296.945745995318
4787820,1,2,0,25,1,780000,1,56,5,2,1,296.945745995318
4787821,1,1,1,47,4,1600000,1,84,1,1,1,271.20812555096
4787821,1,3,0,25,1,4e+05,1,60,5,4,1,271.20812555096
4787821,1,7,0,19,1,1290044.375,1,48,5,5,0,271.20812555096
4787823,1,3,1,49,1,1166556.5,1,48,5,5,0,276.820780750405
4787823,1,4,1,44,1,2090333.375,1,48,5,5,0,276.820780750405
4787825,1,1,1,47,1,1173166.625,1,43,5,2,0,295.123854001107
4787825,1,2,0,39,4,250000,1,93,5,1,1,295.123854001107
4787827,1,1,1,53,4,5e+05,1,48,5,1,1,225.275581436772
4787827,1,2,0,55,1,4275000,1,48,6,5,0,225.275581436772
4787827,1,3,0,23,1,1042500,1,48,6,5,0,225.275581436772
4787830,1,1,1,58,1,1346544.375,1,48,3,3,0,243.390131899029
4787830,1,2,0,56,3,6e+05,1,24,3,1,1,243.390131899029
4787830,1,3,0,21,1,704877.6875,1,48,6,5,0,243.390131899029
4787832,1,1,1,33,2,1858333.375,1,84,6,5,0,277.993163318703
4787832,1,2,0,29,1,2138544.25,1,48,6,5,0,277.993163318703
4787833,1,2,0,42,1,8e+05,1,91,6,2,1,305.729382676576
4787835,1,1,1,28,4,781242,1,30,6,4,1,276.968567198036
4787836,1,1,1,36,1,2135877.75,1,48,6,5,0,322.104361906188
4787836,1,2,0,29,1,375000,1,40,5,4,0,322.104361906188
4787839,1,1,1,37,1,1260333.375,1,48,5,5,0,322.104361906188
4787841,1,1,1,56,4,4e+06,1,40,6,1,0,211.655214185899
4787841,1,2,0,49,5,3600000,1,60,6,4,1,211.655214185899
4787841,1,3,0,24,1,2388211,1,40,6,4,0,211.655214185899
4787841,1,5,0,19,4,2e+05,1,24,6,1,1,211.655214185899
4787842,1,3,1,42,1,921544.3125,1,48,6,5,0,268.292945939523
4787845,1,1,1,41,1,4041666.75,1,60,6,5,0,234.855967524067
4787846,1,1,1,71,4,6e+05,1,70,3,2,1,189.129098065336
4787847,1,1,1,56,4,8e+05,1,30,5,1,1,277.155131104347
4787853,1,2,1,37,1,918211,1,48,6,3,0,268.255435409203
4787854,1,2,1,54,4,1e+06,1,55,6,1,0,241.650560666384
4787855,1,2,0,49,1,3250000,1,48,5,5,0,232.325429981958
4787856,1,1,1,57,1,1285211,1,48,5,5,0,279.732734551349
4787856,1,2,0,39,4,6e+05,1,84,6,1,1,279.732734551349
4787857,1,1,1,33,1,880775.3125,1,48,5,4,0,261.618184089092
4787858,1,1,1,51,1,869453,1,48,5,5,0,242.628090882157
4787858,1,2,0,44,1,1100000,1,50,6,3,0,242.628090882157
4787858,1,3,1,28,1,9e+05,1,60,5,3,1,242.628090882157
4787858,1,4,0,20,1,869453,1,48,5,5,0,242.628090882157
4787859,1,1,0,65,1,445000,1,24,5,4,0,241.688071196704
4787860,1,2,0,54,1,510000,1,48,4,2,1,205.75707702417
4787860,1,4,0,52,1,902314.5,1,48,5,5,0,205.75707702417
4787860,1,5,1,25,1,934556.5,1,77,5,2,1,205.75707702417
4787861,1,1,1,63,1,5e+05,1,45,4,2,1,251.955477240231
4787861,1,2,0,58,1,30000,1,6,5,2,1,251.955477240231
4787863,1,1,1,64,4,1e+05,1,8,3,1,0,260.752196718989
4787863,1,2,0,60,4,50000,1,21,4,1,1,260.752196718989
4787863,1,3,1,30,1,1821544.375,1,60,6,5,0,260.752196718989
4787863,1,4,0,33,1,1635877.625,1,48,6,5,0,260.752196718989
4787864,1,1,1,48,4,7e+05,1,120,4,1,1,226.290622182865
4787865,1,1,1,36,1,975742,1,48,5,3,0,279.546170645038
4787865,1,2,0,23,1,4e+05,1,40,5,2,1,279.546170645038
4787866,1,1,0,42,3,966242,1,48,1,1,0,253.280138995014
4787866,1,7,0,25,1,934453,1,40,5,5,1,253.280138995014
4787868,1,1,1,46,1,1149833.375,1,72,5,5,0,276.171271324492
4787868,1,2,0,40,3,990242,1,48,4,2,0,276.171271324492
4787869,1,2,0,47,4,4e+05,1,16,3,1,1,482.225188172285
4787869,1,3,0,25,1,938211,1,48,5,5,0,482.225188172285
4787871,1,1,1,52,4,4e+05,1,48,6,1,1,259.727600598321
4787872,1,1,1,27,1,1588211,1,48,5,5,0,647.314738465046
4787872,1,2,0,22,1,1298211,1,48,6,5,0,647.314738465046
4787874,1,1,1,51,5,2e+06,1,60,4,2,1,259.040580642089
4787874,1,2,0,49,1,1128211,1,45,5,5,0,259.040580642089
4787875,1,1,1,41,1,1388211,1,48,5,5,0,483.301121332767
4787877,1,1,1,58,1,934578,1,48,3,5,0,554.310262208693
4787878,1,1,1,40,4,5e+05,1,84,4,2,1,286.558508659905
4787878,1,2,0,38,4,5e+05,1,48,5,2,1,286.558508659905
4787878,1,3,1,21,4,5e+05,1,84,5,2,1,286.558508659905
4787880,1,1,1,54,1,6e+05,1,16,3,2,0,381.945231302426
4787880,1,3,0,43,1,638211,1,42,3,2,1,381.945231302426
4787882,1,1,0,47,1,966453,1,48,5,5,0,232.325429981958
4787883,1,1,1,48,1,1882877.625,1,48,5,5,0,267.605925983291
4787883,1,2,0,48,1,934453,1,48,5,5,0,267.605925983291
4787884,1,2,0,46,3,2e+05,1,35,6,1,1,207.310084350505
4787884,1,4,1,53,1,1363211,1,48,4,5,0,207.310084350505
4787886,1,1,0,26,1,1647877.625,1,56,5,5,0,277.993163318703
4787888,1,1,0,55,3,550000,1,10,3,1,1,223.760084640757
4787891,1,1,1,43,2,2483333.25,1,72,6,5,0,286.558508659905
4787892,1,1,1,40,1,2705000,1,48,5,4,0,261.618184089092
4787892,1,2,0,38,1,3005000,1,48,5,4,0,261.618184089092
4787894,1,3,1,26,1,2500000,1,40,6,5,0,243.352621368709
4787894,1,4,0,23,1,2125000,1,40,6,3,0,243.352621368709
4787895,1,2,0,43,3,250000,1,48,5,1,1,206.550299007281
4787895,1,3,1,38,4,7e+05,1,29,6,1,1,206.550299007281
4787897,1,1,0,29,5,5e+06,1,50,6,2,1,359.17149504506
4787898,1,1,1,33,1,1088211,1,60,6,5,0,242.665601412477
4787898,1,2,0,33,1,951119.6875,1,55,6,3,0,242.665601412477
4787900,1,1,0,61,4,9e+05,1,20,5,1,0,241.650560666384
4787900,1,2,1,25,4,5e+06,1,20,6,5,0,241.650560666384
4787901,1,1,1,44,2,3865000,1,48,6,5,0,242.665601412477
4787901,1,2,0,41,2,1408000,1,40,6,5,0,242.665601412477
4787903,1,1,1,54,1,2166666.75,1,40,6,5,0,260.593587968424
4787905,1,3,0,25,1,1102786.25,1,60,6,5,0,208.409701531812
4787906,1,1,0,35,4,2e+06,1,50,6,1,0,242.665601412477
4787906,1,2,1,33,1,1565103.5,1,48,6,5,0,242.665601412477
4787908,1,1,1,43,1,1751333.375,1,52,4,5,0,267.605925983291
4787908,1,2,0,40,4,1600000,1,45,5,5,0,267.605925983291
4787909,1,3,0,40,4,350000,1,24,5,1,1,241.837124572694
4787910,1,1,0,54,3,869453,1,40,3,1,1,243.652687002825
4787910,1,3,0,47,1,3008333.25,1,50,6,5,0,243.652687002825
4787910,1,4,1,27,1,840000,1,48,6,2,1,243.652687002825
4787911,1,2,0,73,3,541666.6875,1,70,3,1,0,206.370064665051
4787912,1,1,0,34,1,6416666.5,1,40,6,5,0,259.078091172409
4787913,1,2,0,46,1,3033333.25,1,40,6,5,0,189.457118855198
4787913,1,3,0,40,4,1500000,1,68,6,2,1,189.457118855198
4787913,1,4,0,19,1,8e+05,1,8,6,2,1,189.457118855198
4787917,1,1,1,43,5,5200000,1,70,6,3,0,305.729382676576
4787918,1,1,0,36,1,2445333.25,1,48,6,5,0,305.766893206896
4787921,1,2,1,52,4,1e+06,1,48,4,1,0,242.665601412477
4787922,1,1,0,59,4,8e+05,1,72,3,1,1,225.275581436772
4787922,1,2,1,42,1,1240286.375,1,60,5,2,0,225.275581436772
4787923,1,2,1,35,1,934453,1,48,4,5,0,205.75707702417
4787923,1,3,1,54,1,934453,1,72,3,5,0,205.75707702417
4787924,1,2,0,27,1,1183333.375,1,48,6,5,0,223.760084640757
4787928,1,2,1,41,4,4e+05,1,48,5,1,1,241.650560666384
4787934,1,2,1,51,4,7e+05,1,42,4,1,1,259.040580642089
4787938,1,1,0,24,1,3166666.75,1,42,6,5,0,242.703111942797
4787938,1,2,0,25,1,1719211,1,48,6,5,0,242.703111942797
4787952,1,1,1,26,1,1015786.3125,1,50,5,5,0,341.056944582802
4787952,1,2,0,32,1,999119.6875,1,48,6,5,0,341.056944582802
4787953,1,1,1,26,1,916666.625,1,48,5,5,0,276.968567198036
4791598,1,2,1,24,4,540000,1,56,4,2,1,350.337265035982
4791598,1,3,0,19,4,1500000,1,48,6,5,0,350.337265035982
4791599,1,1,1,22,4,781242,1,48,6,5,1,285.571423069558
4791600,1,1,1,22,4,1e+06,1,40,5,1,1,397.901609815146
4791600,1,2,0,23,1,962743,1,77,4,4,0,397.901609815146
4791600,1,5,0,22,1,1004000,1,66,5,4,1,397.901609815146
4791601,1,1,1,43,4,1200000,1,48,5,1,1,285.533912539238
4791601,1,2,1,22,4,5e+05,1,42,6,1,1,285.533912539238
4791602,1,1,0,56,3,564166.6875,1,24,3,1,1,232.287919451638
4791602,1,2,1,27,1,550000,1,48,5,3,0,232.287919451638
4791603,1,1,0,46,4,1200000,1,48,5,1,1,305.766893206896
4791603,1,2,0,19,1,1466250,1,48,6,5,0,305.766893206896
4791604,1,2,1,64,4,9e+05,1,48,6,2,0,223.909138016747
4791604,1,3,0,34,1,5624666.5,1,44,6,3,0,223.909138016747
4791604,1,4,0,32,1,5455000,1,24,6,3,0,223.909138016747
4791605,1,1,1,45,1,1419211,1,78,5,5,0,242.665601412477
4791605,1,2,0,46,1,963743,1,48,5,5,0,242.665601412477
4791606,1,1,0,43,1,781242,1,72,5,1,1,286.596019190225
4791607,1,1,1,58,1,1442377.625,1,72,3,2,0,333.405919444957
4791607,1,2,0,55,4,8e+05,1,36,4,1,1,333.405919444957
4791607,1,4,1,22,1,1584877.625,1,54,5,4,0,333.405919444957
4791607,2,1,1,27,1,1133619.625,1,50,5,5,0,333.405919444957
4791608,1,1,1,35,2,2925000,1,56,6,5,0,277.993163318703
4791609,1,2,1,36,4,1300000,1,36,4,1,1,250.215906007585
4791610,1,1,1,34,1,821544.3125,1,48,5,5,0,267.605925983291
4791610,1,2,0,42,1,788211,1,48,5,5,0,267.605925983291
4791610,1,3,1,20,4,6e+05,1,36,6,1,1,267.605925983291
4791611,1,1,1,56,5,1700000,1,60,4,2,1,260.705130814095
4791611,1,3,1,28,1,1604877.625,1,48,6,5,0,260.705130814095
4791611,1,4,1,26,1,1150211,1,40,6,3,0,260.705130814095
4791612,1,1,0,52,3,932743,1,40,3,1,0,314.332238548098
4791612,1,2,0,21,1,1183301,1,48,6,4,0,314.332238548098
4791612,1,3,1,21,4,9e+05,1,72,5,4,1,314.332238548098
4791615,1,1,1,41,4,125000,1,30,5,2,1,267.605925983291
4791615,1,2,0,45,4,125000,1,30,3,2,1,267.605925983291
4791615,1,3,1,19,4,240000,1,16,4,1,1,267.605925983291
4791616,1,1,1,41,4,5e+05,1,80,6,1,1,349.622289924004
4791616,1,5,1,18,4,5e+05,1,90,6,1,1,349.622289924004
4791617,1,1,1,32,4,1200000,1,50,5,1,1,260.593587968424
4791618,1,1,0,41,4,8e+05,1,72,6,2,1,242.703111942797
4791618,1,2,0,21,4,6e+05,1,32,6,2,1,242.703111942797
4791619,1,2,0,61,4,150000,1,56,4,1,1,243.390131899029
4791620,1,1,1,55,1,1213211,1,48,5,4,0,277.155131104347
4791620,1,2,0,46,1,1604877.625,1,48,5,2,0,277.155131104347
4791621,1,5,1,28,1,850000,1,60,5,5,1,261.590228933345
4791622,1,3,1,32,1,2600000,1,40,6,5,0,268.292945939523
4791623,1,1,0,30,1,110000,1,48,6,5,0,404.120725846901
4791623,1,2,1,26,4,2200000,1,48,6,5,0,404.120725846901
4791625,1,1,1,48,1,894877.6875,1,48,5,2,1,259.79629209488
4791625,1,2,0,47,1,960743,1,48,5,1,0,259.79629209488
4791625,1,3,1,23,1,1737500,1,40,6,2,0,259.79629209488
4791625,1,4,1,21,1,1123210.875,1,48,6,5,0,259.79629209488
4791626,1,2,0,36,1,5e+05,1,48,6,2,1,267.605925983291
4791627,1,1,1,36,1,6116666.5,1,84,6,5,0,267.605925983291
4791628,1,1,1,52,1,844532,1,48,3,2,1,277.724278650827
4791628,1,2,1,20,1,880000,1,97,6,2,1,277.724278650827
4791628,1,4,0,20,1,938786.3125,1,48,6,3,1,277.724278650827
4791629,1,1,1,33,2,1100000,1,24,6,5,0,647.314738465046
4791629,1,2,0,24,1,8e+05,1,72,6,4,0,647.314738465046
4791630,1,1,1,49,1,1547377.625,1,60,5,4,0,322.104361906188
4791631,1,1,1,29,1,932743,1,60,5,2,0,259.040580642089
4791631,1,2,0,27,1,972743,1,48,6,5,0,259.040580642089
4791634,1,1,0,20,4,8e+05,1,54,4,2,1,340.825570445246
4791634,1,4,1,22,1,884869.6875,1,60,5,3,0,340.825570445246
4791636,1,1,0,27,1,1002743,1,60,6,3,0,259.040580642089
4791636,1,2,1,25,1,1100000,1,84,5,2,1,259.040580642089
4791638,1,1,1,48,4,2e+06,1,66,3,1,1,358.187635265206
4791638,1,2,0,33,1,8e+05,1,84,5,2,1,358.187635265206
4791639,1,1,1,51,1,932743,1,60,3,5,0,241.650560666384
4791639,1,2,0,58,1,932743,1,45,3,2,0,241.650560666384
4791643,1,1,0,42,1,840000,1,84,5,4,1,205.79458755449
4793509,1,2,1,47,1,5e+06,1,45,6,5,0,286.558508659905
4793509,1,1,0,44,2,5829167,1,45,6,5,0,286.558508659905
4793510,1,2,0,46,1,1118544.375,1,48,6,5,0,242.665601412477
4793510,1,1,1,47,1,869453,1,48,5,4,0,242.665601412477
4793511,1,3,1,41,1,3875000,1,40,6,5,0,259.727600598321
4793512,1,2,0,30,1,1063211,1,72,5,2,0,277.46122469011
4793512,1,5,0,35,1,1388211,1,45,5,2,0,277.46122469011
4793513,1,1,1,54,1,1625000,1,48,5,5,0,259.040580642089
4793514,1,1,1,66,4,3e+05,1,40,6,1,1,295.083117660293
4793516,1,1,1,61,5,1500000,1,72,6,2,0,277.155131104347
4793517,1,1,1,51,1,3700000,1,60,5,5,0,242.665601412477
4793517,1,2,0,34,4,350000,1,72,5,1,0,242.665601412477
4793518,1,1,1,46,4,1200000,1,48,6,1,1,276.968567198036
4793521,1,3,0,30,4,2500000,1,40,6,5,0,259.2271445484
4793522,1,2,0,38,1,1076333.375,1,48,6,2,0,376.302185727463
4793522,1,1,1,58,5,3e+06,1,60,6,2,0,376.302185727463
4793524,1,1,1,46,4,1500000,1,60,6,1,0,314.294728017778
4793524,1,3,0,22,1,934556.5,1,40,6,5,0,314.294728017778
4793527,1,2,0,49,1,2500000,1,40,6,5,0,260.780151874735
4793529,1,2,0,50,1,2500000,1,40,6,5,0,267.568415452971
4793529,1,4,1,26,4,2e+06,1,70,6,1,0,267.568415452971
4793529,1,1,1,51,4,1e+06,1,42,5,1,0,267.568415452971
4793532,1,1,1,32,4,8e+05,1,70,5,1,1,276.968567198036
4793534,1,1,1,35,1,480000,1,48,5,2,1,350.609375514351
4793534,1,6,1,37,1,130000,1,20,5,2,1,350.609375514351
4793536,1,2,1,55,4,1e+06,1,50,3,1,1,277.117620574027
4793536,1,3,1,25,1,934494.6875,1,48,4,5,0,277.117620574027
4793536,1,1,0,45,3,934494.6875,1,48,3,1,0,277.117620574027
4793538,1,1,1,39,4,7e+05,1,56,3,2,1,296.945745995318
4793539,1,2,0,58,4,150000,1,7,5,1,1,259.765111128641
4793539,1,1,1,62,4,4e+05,1,8,3,1,1,259.765111128641
4793540,1,1,0,44,1,900653,1,48,3,5,0,322.104361906188
4793540,1,2,1,33,1,1219411,1,48,5,4,0,322.104361906188
4793541,1,3,0,33,4,2200000,1,63,6,5,0,241.837124572694
4793541,1,1,1,57,2,2325000,1,48,6,5,0,241.837124572694
4793542,1,1,1,54,5,3e+05,1,48,4,2,1,286.711334313896
4793542,1,3,1,32,1,934556.5,1,45,5,5,0,286.711334313896
4793542,1,6,1,29,1,934556.5,1,45,6,5,0,286.711334313896
4793544,1,1,1,35,1,1159877.625,1,48,5,2,0,242.665601412477
4793545,1,2,1,31,1,1200000,1,48,5,3,0,270.183529430293
4793545,1,5,0,23,1,934556.5,1,48,6,4,0,270.183529430293
4793545,1,1,0,35,4,2e+05,1,5,3,1,1,270.183529430293
4793546,1,1,1,48,1,1340833.375,1,60,5,5,0,280.533256235386
4793546,1,2,0,45,1,5e+05,1,42,5,3,1,280.533256235386
4793546,1,6,1,33,5,6e+05,1,68,6,2,1,280.533256235386
4793547,1,2,1,21,1,982664,1,48,5,4,0,267.605925983291
4793547,1,3,0,25,1,869453,1,48,6,5,0,267.605925983291
4793548,1,1,1,33,5,1e+06,1,72,5,2,1,385.168143170287
4793549,1,2,1,38,1,934556.5,1,48,6,5,0,206.332554134731
4793550,1,1,0,31,4,7e+05,1,48,5,4,1,296.945745995318
4793550,1,2,1,41,1,450000,1,48,4,2,1,296.945745995318
4793551,1,3,0,35,1,931242,1,48,6,3,0,223.871627486428
4793551,1,4,1,30,1,2550000,1,48,6,4,0,223.871627486428
4793552,1,2,0,36,1,840000,1,54,3,3,1,385.168143170287
4793552,1,1,1,26,1,8e+05,1,60,3,2,1,385.168143170287
4793553,1,3,1,39,1,1354166.625,1,48,6,5,0,241.613050136064
4793553,1,2,1,42,1,951544.3125,1,48,4,4,0,241.613050136064
4793554,1,1,0,36,4,6e+05,1,42,4,1,1,278.030673849023
4793555,1,1,1,58,1,6625000,1,40,6,5,0,295.083117660293
4793561,1,2,1,40,1,3325000,1,72,6,5,0,241.650560666384
4793562,1,3,1,43,1,1138211,1,72,4,2,0,270.833038856205
4793562,1,5,1,27,1,981242,1,72,5,4,1,270.833038856205
4793562,1,6,0,20,1,781242,1,72,5,4,1,270.833038856205
4793563,1,3,0,25,1,950000,1,48,5,3,1,250.402469913896
4793563,1,4,1,23,4,2e+05,1,42,5,1,1,250.402469913896
4793564,1,1,1,56,1,8e+05,1,48,4,2,1,259.765111128641
4793566,1,1,0,55,4,4e+05,1,24,4,4,1,250.253416537905
4793566,1,2,1,23,4,6e+05,1,84,5,2,1,250.253416537905
4793567,1,2,0,29,1,2889877.75,1,40,6,5,0,286.786355374536
4793567,1,3,1,29,4,3e+06,1,48,5,1,1,286.786355374536
4793567,1,1,0,55,1,3750000,1,40,5,5,0,286.786355374536
4793568,1,1,0,47,4,9e+05,1,30,3,1,1,241.150104616462
4793569,1,1,1,52,1,966556.5,1,45,5,4,0,267.605925983291
4793569,1,2,0,47,3,966556.5,1,40,4,1,1,267.605925983291
4793570,1,1,0,45,1,9e+05,1,48,6,2,1,259.040580642089
4793571,1,1,1,49,4,4500000,1,40,5,1,0,267.605925983291
4793573,1,2,1,30,1,1148211,1,50,4,4,0,341.056944582802
4793573,1,1,0,25,1,781242,1,96,5,3,1,341.056944582802
4793574,1,2,0,46,1,7e+05,1,72,5,2,1,242.628090882157
4793574,1,3,1,25,1,350000,1,24,6,5,1,242.628090882157
4793574,1,1,1,52,5,2e+06,1,72,5,2,0,242.628090882157
4793574,1,4,0,24,1,1188211,1,40,6,5,0,242.628090882157
4793575,1,1,1,31,1,1318211,1,48,5,5,0,330.66970724739
4793577,1,2,0,58,4,4e+05,1,20,3,1,1,258.781251348787
4793577,1,4,1,18,4,5e+05,1,50,3,2,1,258.781251348787
4793577,1,3,1,20,4,5e+05,1,48,4,1,1,258.781251348787
4793577,1,1,1,52,1,869453,1,48,3,3,0,258.781251348787
4793578,1,1,0,73,4,8e+05,1,70,4,1,1,241.688071196704
4793579,1,1,1,41,1,2916666.75,1,48,6,4,0,277.993163318703
4793579,1,2,0,41,4,2e+06,1,50,6,4,0,277.993163318703
4793580,1,4,0,28,1,965453,1,48,5,4,0,367.24015661434
4793580,1,1,1,31,1,4350000,1,48,6,5,0,367.24015661434
4793581,1,1,0,32,1,4333333.5,1,48,6,5,0,259.040580642089
4793582,1,1,1,39,4,1e+06,1,15,6,1,0,349.850136638635
4793582,1,2,0,30,4,350000,1,10,5,1,1,349.850136638635
4793582,1,5,0,63,4,3e+05,1,54,4,1,1,349.850136638635
4793583,1,2,0,41,1,3250000,1,40,6,5,0,223.760084640757
4793588,1,2,0,29,1,965000,1,48,6,5,0,259.040580642089
4793588,1,1,1,28,1,1875000,1,48,6,5,0,259.040580642089
4793589,1,1,0,37,4,1400000,1,40,6,1,0,322.141872436508
4793591,1,1,1,51,4,8e+05,1,40,4,1,1,217.465947548361
4793591,1,3,0,24,1,902786.3125,1,48,6,5,0,217.465947548361
4793592,1,3,0,27,1,934494.6875,1,48,5,5,0,277.117620574027
4793593,1,2,0,26,1,9e+05,1,54,5,3,1,267.605925983291
4793593,1,1,1,26,1,1241666.625,1,70,5,3,1,267.605925983291
4793593,1,3,1,19,1,1050000,1,60,4,3,1,267.605925983291
4793594,1,1,1,42,4,1600000,1,72,5,1,1,276.968567198036
4793597,1,2,0,22,4,2500000,1,48,6,5,0,450.626183934183
4793597,1,1,0,63,4,8e+05,1,60,6,1,1,450.626183934183
4793599,1,2,0,59,1,1e+06,1,5,6,2,0,412.740129330102
4793605,1,1,1,42,1,4516667,1,48,6,5,0,553.937134396072
4793606,1,1,0,34,1,1450211,1,48,6,2,0,724.192460062142
4793606,1,4,0,37,4,7e+05,1,24,6,1,0,724.192460062142
4793607,1,2,0,40,4,3200000,1,40,6,1,0,573.11701731981
4793608,1,1,0,67,1,8e+05,1,70,3,2,0,611.4778761023
4793608,1,3,0,37,1,1020000,1,50,6,5,1,611.4778761023
4793608,1,2,1,39,1,8e+05,1,50,5,1,1,611.4778761023
4793609,1,1,0,41,4,2200000,1,70,6,5,0,251.230946753679
4793609,1,3,0,21,1,5e+05,1,40,5,5,1,251.230946753679
4793610,1,2,1,49,1,8e+05,1,60,4,2,1,241.650560666384
4793611,1,1,1,61,4,1e+07,1,48,6,1,0,224.447104596989
4793611,1,2,0,61,4,7e+06,1,50,6,1,0,224.447104596989
4793612,1,2,0,41,1,12166667,1,40,6,5,0,341.056944582802
4793612,1,1,1,44,1,2.2e+07,1,40,6,5,0,341.056944582802
4793613,1,1,1,48,1,4116666.75,1,48,6,5,0,276.968567198036
4793614,1,1,0,50,1,2300000,1,40,6,5,0,267.605925983291
4793614,1,2,1,46,4,2e+06,1,42,6,1,1,267.605925983291
4793615,1,2,1,28,1,2166666.75,1,48,6,5,0,207.347594880825
4793615,1,3,0,25,4,2e+06,1,40,6,5,0,207.347594880825
4793616,1,2,0,28,1,1598211,1,48,6,5,0,279.017759439371
4793616,1,5,0,52,3,3e+05,1,50,4,1,1,279.017759439371
4793617,1,1,0,51,1,2e+05,1,50,4,2,1,449.550250773701
4793617,1,2,0,32,5,2e+06,1,50,5,2,1,449.550250773701
4793617,1,3,0,23,1,781242,1,50,5,5,1,449.550250773701
4793618,1,1,1,43,1,1200000,1,60,1,2,1,644.208723812376
4793619,1,1,1,38,4,1200000,1,60,3,2,1,483.301121332767
4793619,1,2,0,58,4,2e+05,1,17,3,1,1,483.301121332767
4793620,1,1,0,26,1,1167211,1,48,3,5,0,523.161347117543
4793620,1,3,0,24,3,866666.6875,1,40,5,1,1,523.161347117543
4793620,1,2,1,26,1,1171544.375,1,48,3,2,0,523.161347117543
4793620,1,4,1,33,1,1420211,1,48,5,4,0,523.161347117543
4793621,1,1,0,46,3,950000,1,50,3,2,0,569.548254392028
4793621,1,4,1,20,1,869453,1,48,5,5,0,569.548254392028
4793622,1,1,1,29,1,2200000,1,49,3,5,1,720.019054518833
4793627,1,1,0,27,1,1095211,1,48,5,5,0,520.205374586153
4793627,1,3,0,25,1,911119.6875,1,63,5,5,0,520.205374586153
4793628,1,1,1,33,1,1e+06,1,60,4,5,0,808.241451693803
4793628,1,2,0,30,4,8e+05,1,50,4,1,0,808.241451693803
4793629,1,1,0,39,1,1841666.625,1,50,6,4,0,485.425334634742
4793631,1,2,0,43,1,5958333.5,1,45,6,5,0,267.605925983291
4793631,1,1,1,48,1,13333334,1,45,6,5,0,267.605925983291
4793632,1,1,1,61,4,1500000,1,48,6,1,1,295.538264622048
4793632,1,2,0,58,1,1.2e+07,1,48,6,5,0,295.538264622048
4793632,1,3,0,36,4,2500000,1,48,6,5,0,295.538264622048
4793633,1,5,1,24,1,1388211,1,42,6,5,0,466.605920395464
4793633,1,2,0,51,1,1213211,1,40,5,5,0,466.605920395464
4793633,1,1,1,51,2,4616666.5,1,40,6,5,0,466.605920395464
4793634,1,1,0,46,4,4e+06,1,40,6,1,0,251.268457283999
4793635,1,1,0,23,1,965211,1,36,5,5,0,576.29805303312
4793635,1,2,1,23,1,1128211,1,48,5,3,0,576.29805303312
4793636,1,5,0,42,1,1058333.375,1,60,5,5,0,646.257916053711
4793637,1,2,0,37,1,1170000,1,48,6,2,0,261.580673558772
4793637,1,1,1,41,5,3e+06,1,48,5,3,0,261.580673558772
4793637,1,3,1,39,1,869453,1,48,6,2,0,261.580673558772
4793639,1,1,1,43,5,1e+06,1,48,6,2,0,276.968567198036
4798761,1,1,1,23,1,934453,1,45,5,5,0,179.6174034746
4798762,1,2,0,62,1,6e+05,1,48,3,2,1,241.799614042374
4798762,1,3,0,26,1,1591666.625,1,48,5,5,0,241.799614042374
4798762,1,1,1,60,4,1e+06,1,48,3,1,1,241.799614042374
4798763,1,1,0,35,1,1129044.375,1,48,5,5,0,339.272563118911
4798764,1,4,1,22,1,781242,1,48,6,4,1,277.910842557138
4798764,1,5,1,19,1,781242,1,48,6,5,1,277.910842557138
4798764,1,3,0,24,1,4e+05,1,12,6,4,1,277.910842557138
4798764,1,1,1,55,1,1059044.375,1,54,5,5,0,277.910842557138
4798765,1,1,1,57,1,936119.6875,1,48,3,5,0,295.045607129974
4798766,1,2,0,48,1,3e+05,1,24,3,3,1,305.729382676576
4798766,1,1,1,44,1,750000,1,48,3,4,0,305.729382676576
4798767,1,2,1,52,4,1e+05,1,40,5,2,1,322.104361906188
4798768,1,4,1,40,4,6e+05,1,40,5,1,1,259.690090068001
4798768,1,1,1,72,4,550000,1,40,3,1,1,259.690090068001
4798768,1,3,1,50,4,380000,1,30,4,1,1,259.690090068001
4798769,1,2,0,57,4,540000,1,37,3,1,1,259.765111128641
4798770,1,1,1,42,1,250000,1,45,3,2,1,276.968567198036
4798771,1,1,1,38,2,1875000,1,40,6,5,0,277.993163318703
4798772,1,4,1,41,2,2700000,1,30,6,5,0,223.685063580117
4798772,1,2,1,43,2,1741666.75,1,48,6,5,0,223.685063580117
4798773,1,1,1,56,1,1218711,1,48,3,5,0,295.083117660293
4798775,1,2,0,39,1,1036877.6875,1,48,5,5,0,261.618184089092
4798775,1,1,1,41,1,862000,1,78,3,5,0,261.618184089092
4798776,1,1,1,66,1,781242,1,40,5,3,0,268.330456469843
4798778,1,1,1,58,4,2e+06,1,36,4,2,1,306.416402632808
4798778,1,4,0,24,1,1039544.3125,1,48,6,2,0,306.416402632808
4798779,1,1,1,38,1,1758544.375,1,48,5,4,0,286.558508659905
4798780,1,1,1,59,1,1275711,1,48,3,5,0,259.765111128641
4798780,1,2,0,56,4,1e+05,1,30,3,1,1,259.765111128641
4798781,1,1,1,34,1,1111000,1,60,5,5,0,404.120725846901
4798782,1,1,1,46,4,5e+05,1,60,3,1,1,276.968567198036
4798783,1,1,1,27,1,891666.6875,1,30,6,2,1,276.968567198036
4798784,1,1,1,60,2,4408416.5,1,41,6,5,0,194.823833346481
4798787,1,2,1,27,1,2666666.75,1,48,6,5,0,181.237920499788
4798788,1,3,1,30,1,4500000,1,48,6,5,0,259.727600598321
4798789,1,1,1,37,4,2e+06,1,48,5,1,1,255.792708437102
4798789,1,2,0,39,4,1500000,1,35,6,1,0,255.792708437102
4798791,1,2,0,62,4,1e+05,1,20,4,1,1,259.765111128641
4798791,1,1,1,67,3,8e+05,1,50,3,1,0,259.765111128641
4798792,1,2,0,29,1,1388211,1,48,6,2,0,249.456120664361
4798792,1,3,1,23,1,934556.5,1,45,5,4,0,249.456120664361
4798792,1,4,1,20,4,1e+06,1,40,5,1,1,249.456120664361
4798793,1,1,1,35,5,3800000,1,96,6,3,0,296.070203250641
4798793,1,2,0,30,2,1831000,1,40,6,5,0,296.070203250641
4798793,1,4,1,60,5,1e+06,1,48,3,2,1,296.070203250641
4798794,1,3,1,28,1,2166666.75,1,48,6,5,0,259.727600598321
4798795,1,1,1,31,1,1088953,1,48,5,5,0,322.104361906188
4798795,1,2,0,29,1,964556.5,1,48,5,5,0,322.104361906188
4798796,1,3,0,23,1,894786.3125,1,48,6,5,0,326.421536585836
4798797,1,2,0,29,1,1263211,1,48,6,5,0,259.040580642089
4798798,1,1,0,34,4,6e+05,1,72,5,1,1,349.659800454324
4798798,1,2,1,18,1,3e+05,1,42,5,2,1,349.659800454324
4798799,1,1,1,34,1,1775711,1,50,6,4,0,296.945745995318
4798799,1,2,0,34,2,2011000,1,44,6,5,0,296.945745995318
4798800,1,1,1,55,4,8e+05,1,50,3,1,1,277.117620574027
4798801,1,1,1,62,1,940286.3125,1,60,4,5,0,259.765111128641
4798802,1,4,1,42,4,1e+05,1,48,5,2,1,260.027666232437
4798803,1,2,0,61,3,450000,1,37,5,2,1,259.765111128641
4798804,1,1,0,54,1,940286.3125,1,48,4,4,0,259.040580642089
4798806,1,1,0,37,1,1244333.375,1,48,6,5,0,278.030673849023
4798807,1,1,1,43,1,1973666.625,1,48,6,5,0,251.230946753679
4798807,1,3,0,21,1,930000,1,48,5,4,1,251.230946753679
4798807,1,2,0,41,4,9e+05,1,40,5,1,1,251.230946753679
4798808,1,2,1,55,1,1167377.625,1,48,3,3,0,260.780151874735
4798808,1,1,0,48,3,781242,1,40,3,1,0,260.780151874735
4798808,1,3,0,23,1,932786.3125,1,48,6,5,0,260.780151874735
4798809,1,1,1,31,4,1200000,1,35,6,1,1,276.968567198036
4798810,1,1,1,49,4,9e+05,1,48,3,1,1,220.44647149826
4798811,1,1,1,26,4,8e+05,1,42,5,1,1,186.364113763359
4798812,1,1,1,48,4,5e+05,1,54,3,2,1,172.69372042806
4798812,1,2,0,46,4,5e+05,1,54,4,2,1,172.69372042806
4798813,1,2,1,35,4,650000,1,60,3,2,1,161.10037377759
4798815,1,3,0,23,1,846345.5,1,48,5,4,0,168.956686077579
4798815,1,1,1,45,4,1300000,1,48,5,1,1,168.956686077579
4798816,1,1,1,57,4,1200000,1,35,5,1,1,259.765111128641
4798818,1,1,1,50,4,450000,1,49,4,1,1,276.931056667716
4798821,1,1,1,58,4,1e+06,1,50,3,1,1,208.142538895132
4798821,1,2,1,24,1,1408333.375,1,60,6,2,0,208.142538895132
4798821,1,3,1,18,4,8e+05,1,60,4,2,1,208.142538895132
4798822,1,1,1,29,1,1116211,1,53,6,5,0,322.104361906188
4798822,1,2,0,27,1,1205333.375,1,48,6,5,0,322.104361906188
4798823,1,2,1,47,4,8e+05,1,60,6,1,1,267.605925983291
4798823,1,1,0,39,3,781242,1,60,5,1,1,267.605925983291
4798823,1,3,1,22,1,921544.3125,1,48,6,3,0,267.605925983291
4798824,1,3,0,25,1,1424461,1,36,6,5,0,125.628052072737
4798824,1,2,0,56,1,935056.5,1,48,4,5,0,125.628052072737
4798825,1,3,1,21,4,1e+06,1,60,6,1,0,201.247842352382
4798825,1,2,0,59,1,6e+05,1,25,3,3,1,201.247842352382
4798826,1,2,0,33,1,1200000,1,48,5,2,1,267.605925983291
4798826,1,1,1,36,1,1900000,1,76,5,2,1,267.605925983291
4798828,1,1,0,31,1,846345.5,1,48,5,4,0,267.643436513611
4798829,1,2,0,22,1,1069211,1,48,5,3,0,288.14902651656
4798829,1,1,1,24,1,1146711,1,48,5,2,0,288.14902651656
4798830,1,2,0,34,4,6e+05,1,56,5,2,1,341.056944582802
4798830,1,1,1,32,1,1209166.625,1,48,5,3,0,341.056944582802
4801263,1,1,1,57,4,4e+05,1,24,3,1,1,277.155131104347
4801264,1,1,1,35,4,1e+06,1,110,4,4,1,284.736616665694
4801264,1,2,0,40,1,1008333.3125,1,50,6,5,0,284.736616665694
4801267,1,1,1,18,4,8e+05,1,60,3,1,1,332.260225104044
4801268,1,1,0,72,4,5e+05,1,54,3,1,1,241.688071196704
4801269,2,1,1,26,1,941074.3125,1,36,6,5,0,189.957574905119
4801269,2,2,0,21,1,953405.4375,1,45,6,5,0,189.957574905119
4801271,1,2,1,25,4,1e+05,1,6,5,1,1,241.650560666384
4801272,1,1,0,48,3,996556.5,1,48,4,1,0,251.268457283999
4801273,1,1,0,76,4,4e+05,1,5,3,1,1,207.385105411145
4801274,1,1,0,30,4,1e+05,1,48,3,1,1,259.078091172409
4801275,1,2,1,55,1,1200000,1,48,5,3,1,262.305204045323
4801275,1,3,1,25,1,4333333.5,1,40,6,5,0,262.305204045323
4801275,1,4,0,24,1,1703544.375,1,40,6,5,0,262.305204045323
4801277,1,2,1,19,4,1e+05,1,15,5,1,1,269.196443839946
4801278,1,1,1,26,4,1800000,1,55,5,3,1,404.120725846901
4801278,1,2,0,25,4,1500000,1,50,5,3,1,404.120725846901
4801279,1,1,1,54,4,8e+05,1,48,3,1,1,241.613050136064
4801279,1,3,1,28,1,850000,1,60,4,2,0,241.613050136064
4801280,1,1,1,56,4,7e+05,1,36,5,1,1,295.083117660293
4801283,1,1,0,66,4,5e+05,1,60,1,1,1,351.440654495289
4801284,1,1,1,46,1,3663211,1,48,6,5,0,242.665601412477
4801285,1,1,0,29,1,876992,1,48,5,5,0,286.596019190225
4801286,1,1,1,38,1,1102786.375,1,50,5,4,0,305.729382676576
4801287,1,1,1,62,4,1500000,1,48,5,1,0,243.352621368709
4801288,1,1,0,22,1,1237500,1,60,5,2,1,297.957259318486
4801288,1,3,0,42,1,934453,1,48,4,3,0,297.957259318486
4801289,1,1,1,30,4,2e+05,1,72,3,1,1,360.946019521945
4801289,1,2,0,18,4,1e+05,1,48,3,1,1,360.946019521945
4801289,2,2,0,39,4,3e+05,1,54,4,1,1,360.946019521945
4801290,1,1,1,79,4,5e+05,1,40,4,1,1,259.765111128641
4801293,1,1,1,33,4,1500000,1,48,5,1,1,296.945745995318
4801293,1,2,0,35,4,3e+05,1,24,5,1,1,296.945745995318
4801294,1,1,1,22,1,964556.5,1,56,5,5,0,288.14902651656
4801295,1,1,1,63,4,5e+05,1,60,3,1,1,295.083117660293
4801300,1,1,0,19,1,1034556.5,1,48,6,4,0,260.631098498744
4801302,1,1,1,62,4,1e+06,1,72,3,1,1,295.083117660293
4801303,1,1,1,30,1,956953,1,48,4,5,0,259.003070111769
4801303,1,2,0,29,1,1217500,1,84,5,4,1,259.003070111769
4801303,1,3,1,31,1,964556.5,1,48,5,5,0,259.003070111769
4801304,1,1,1,25,4,1200000,1,50,3,1,1,286.558508659905
4801304,1,4,1,23,1,1254877.625,1,72,4,4,0,286.558508659905
4801305,1,1,1,37,1,2e+06,1,60,5,2,1,341.056944582802
4801305,1,2,0,35,1,931242,1,48,5,2,1,341.056944582802
4801306,1,2,1,44,1,1293333.375,1,48,6,5,0,385.168143170287
4801307,1,1,1,61,4,580000,1,50,3,1,1,207.543714161709
4801307,1,3,0,27,4,150000,1,15,6,1,1,207.543714161709
4801307,1,5,0,25,1,934453,1,40,6,4,0,207.543714161709
4801308,1,1,1,36,1,1343544.375,1,48,3,3,0,339.235052588591
4801308,1,2,0,32,1,866666.6875,1,48,4,2,0,339.235052588591
4801309,1,1,1,61,4,8e+05,1,48,4,1,1,295.083117660293
4801310,1,1,1,25,2,2133333.5,1,34,6,5,0,276.968567198036
4801312,1,2,1,36,1,1875000,1,48,5,5,0,241.613050136064
4801312,1,3,1,40,1,1e+06,1,72,5,5,0,241.613050136064
4801313,1,2,0,53,1,8e+05,1,48,5,2,1,277.155131104347
4801314,1,1,0,53,4,6e+05,1,84,3,5,1,277.155131104347
4801315,1,1,1,49,5,1300000,1,60,3,2,0,251.230946753679
4801315,1,3,0,23,1,3625000,1,48,6,5,0,251.230946753679
4801316,1,3,1,26,4,6e+05,1,30,5,1,1,259.727600598321
4801318,1,1,1,36,1,1e+06,1,75,3,2,1,285.533912539238
4801318,1,2,1,21,1,850000,1,72,3,2,1,285.533912539238
4801319,1,1,1,38,1,964536.3125,1,60,5,4,0,242.665601412477
4801320,1,1,1,38,1,2700000,1,45,6,5,0,277.993163318703
4801321,1,1,1,73,1,869453,1,40,5,4,0,259.765111128641
4801321,1,2,0,71,4,2e+05,1,20,4,1,1,259.765111128641
4801323,1,1,0,60,4,2e+05,1,12,4,1,1,241.650560666384
4801323,1,2,1,52,1,898619.6875,1,48,3,5,0,241.650560666384
4801324,1,1,1,52,4,6e+05,1,48,3,1,1,259.040580642089
4801325,1,3,1,29,1,1024575.3125,1,48,5,5,0,206.295043604412
4801327,1,1,1,39,4,8e+05,1,48,4,1,1,259.040580642089
4801327,1,2,0,38,4,3e+05,1,24,3,1,1,259.040580642089
4801328,1,1,1,56,5,1e+06,1,48,6,2,1,279.695224021029
4801328,2,1,1,54,4,1500000,1,40,6,1,0,279.695224021029
4801330,1,1,1,26,4,6e+05,1,48,6,1,1,260.593587968424
4801331,1,2,0,57,1,934556.5,1,48,3,5,0,250.178395477266
4801332,1,3,0,28,1,1066666.625,1,40,6,2,0,223.722574110437
4801334,1,1,1,43,1,835408.6875,1,48,5,5,0,259.040580642089
4801334,1,2,0,44,3,892908.6875,1,48,5,2,0,259.040580642089
4801335,1,1,1,26,1,1562000,1,84,6,5,0,386.721150496622
4801336,1,1,1,49,4,1200000,1,40,4,1,1,330.66970724739
4801338,1,1,1,44,1,1983333.375,1,60,6,5,0,305.729382676576
4801338,1,2,0,44,2,1475000,1,50,6,5,0,305.729382676576
4801339,1,1,1,70,4,7e+05,1,45,3,2,1,259.765111128641
4801339,1,2,0,61,4,7e+05,1,56,3,2,1,259.765111128641
4801340,1,1,0,69,4,2e+05,1,40,3,1,0,241.688071196704
4801341,1,1,0,38,2,7333333.5,1,48,6,5,0,215.950450752346
4801342,1,1,0,28,1,1950000,1,48,6,5,0,267.643436513611
4801342,1,2,1,23,1,1083333.375,1,48,5,5,0,267.643436513611
4801344,1,1,1,28,1,1562500,1,40,6,3,0,276.968567198036
4801346,1,1,1,57,2,8525000,1,48,6,5,0,251.955477240231
4801346,1,2,0,56,4,8e+06,1,50,6,1,0,251.955477240231
4801349,1,1,1,28,1,4625000,1,40,6,4,0,241.650560666384
4801350,1,1,0,36,1,1170333.375,1,50,5,5,0,261.655694619411
4801351,1,1,1,58,5,1e+06,1,62,3,2,0,295.083117660293
4801352,1,1,0,56,2,1141044.375,1,44,6,5,0,241.688071196704
4801354,1,1,1,59,4,1500000,1,76,5,1,0,296.107713780961
4801354,1,2,0,30,1,2916666.75,1,45,6,5,0,296.107713780961
4801355,1,1,1,34,1,2007000,1,58,6,5,0,286.558508659905
4801356,1,1,0,37,4,1200000,1,36,5,1,1,330.70721777771
4801357,1,1,1,21,1,781242,1,50,5,4,0,350.337265035982
4801357,1,4,1,57,1,1200000,1,51,4,5,0,350.337265035982
4801358,1,1,0,31,1,1717377.75,1,48,6,5,0,259.040580642089
4801360,1,1,1,40,1,1388211,1,48,5,5,0,259.040580642089
4801360,1,2,0,33,1,1740000,1,48,6,5,0,259.040580642089
4801361,1,1,0,28,1,1315333.375,1,48,6,4,0,242.703111942797
4801362,1,1,0,50,2,1750000,1,30,6,5,0,322.141872436508
4801363,1,1,1,53,4,1e+06,1,30,6,1,0,233.302960197732
4801363,1,2,0,43,4,2800000,1,40,6,5,0,233.302960197732
4801363,1,5,0,31,3,541666.6875,1,45,6,1,1,233.302960197732
4801364,1,1,1,55,4,3500000,1,40,6,5,0,259.765111128641
4801364,1,2,0,59,1,1073211,1,40,4,4,0,259.765111128641
4801365,1,1,1,39,1,928211,1,40,6,3,0,314.304283392352
4801365,1,2,0,33,4,110000,1,20,6,1,1,314.304283392352
4801366,1,1,1,37,1,1500000,1,40,5,2,1,341.056944582802
4801368,1,1,1,37,4,3e+06,1,40,6,2,1,259.79629209488
4801368,1,4,1,23,1,934453,1,48,6,4,0,259.79629209488
4801370,1,1,1,30,1,967619.6875,1,48,6,5,0,260.065176762757
4801370,1,4,0,49,1,935056.5,1,48,5,1,0,260.065176762757
4801371,1,1,1,41,4,650000,1,36,5,1,1,314.294728017778
4801373,1,1,1,23,1,1340000,1,60,5,4,1,269.196443839946
4801373,1,2,0,19,4,180000,1,40,3,1,1,269.196443839946
4801374,1,2,1,67,4,1500000,1,48,6,1,1,259.765111128641
4801375,1,1,1,33,4,4e+05,1,72,5,1,1,323.091447496536
4801375,1,5,1,38,4,1e+06,1,60,5,1,1,323.091447496536
4801375,1,6,0,40,3,781242,1,55,5,1,0,323.091447496536
4801376,1,1,1,64,2,7275000.5,1,48,6,5,0,321.493629938955
4801376,1,3,0,33,1,2102000,1,45,6,5,0,321.493629938955
4801376,1,5,0,32,1,1765103.5,1,57,6,5,0,321.493629938955
4801377,1,1,1,48,4,1350000,1,50,5,1,1,276.968567198036
4801378,1,1,1,58,2,3583333.5,1,48,6,5,0,259.690090068001
4801378,1,3,1,27,1,2966666.75,1,66,6,5,0,259.690090068001
4801379,1,3,0,50,1,975000,1,48,5,3,0,244.377217489377
4801379,1,4,1,36,4,2e+06,1,55,5,1,1,244.377217489377
4801379,1,6,0,22,1,785408.6875,1,40,6,5,0,244.377217489377
4801380,1,1,0,44,4,150000,1,72,5,2,0,260.780151874735
4801380,1,2,1,64,4,150000,1,56,6,2,0,260.780151874735
4801381,1,1,1,63,4,5e+05,1,40,4,2,0,259.765111128641
4801382,1,1,0,54,1,846345.5,1,48,3,5,0,241.150104616462
4801382,1,2,0,25,1,3250000,1,60,6,5,0,241.150104616462
4801383,1,2,0,25,1,936119.6875,1,48,6,5,0,223.760084640757
4801384,1,1,1,46,1,1083333.375,1,54,6,5,0,241.650560666384
4801385,1,1,1,29,4,2e+06,1,40,5,4,0,277.993163318703
4801385,1,2,0,29,1,1480000,1,48,6,4,0,277.993163318703
4801386,1,1,0,49,3,4e+05,1,30,3,1,0,249.677939427344
4801386,1,2,1,27,1,933333.3125,1,60,5,4,0,249.677939427344
4801387,1,1,1,23,1,1063333.375,1,52,5,5,0,251.268457283999
4801387,1,3,0,26,1,1733333.375,1,48,6,5,0,251.268457283999
4801389,1,1,0,56,4,5e+05,1,68,3,1,1,241.650560666384
4801389,1,2,1,30,4,6e+05,1,54,5,2,1,241.650560666384
4801390,1,2,0,43,1,1175877.625,1,48,5,1,0,267.605925983291
4801391,1,1,1,39,4,1100000,1,48,5,4,1,208.362635626919
4801391,1,2,0,44,4,8e+05,1,40,3,1,1,208.362635626919
4801391,1,4,0,41,4,750000,1,38,4,1,1,208.362635626919
4801393,1,1,1,34,1,878345.5,1,48,5,3,0,305.729382676576
4801393,1,2,0,39,1,910345.5,1,48,3,4,0,305.729382676576
4801395,1,2,0,30,1,1096556.5,1,60,5,5,0,259.040580642089
4801396,1,1,0,57,5,7e+05,1,60,3,2,1,268.292945939523
4801396,1,2,1,63,1,7e+05,1,60,3,2,1,268.292945939523
4801396,1,3,1,36,1,7e+05,1,48,6,2,1,268.292945939523
4801396,1,4,1,21,1,7e+05,1,48,5,2,1,268.292945939523
4801397,1,1,0,51,3,1267103.5,1,52,3,1,0,305.729382676576
4801397,1,2,1,50,4,180000,1,60,3,1,1,305.729382676576
4801397,1,3,0,21,1,781242,1,48,6,5,1,305.729382676576
4801399,1,1,0,18,1,7e+05,1,84,6,3,1,286.327134522349
4801399,1,2,1,19,1,8e+05,1,56,6,2,1,286.327134522349
4801399,1,3,1,18,4,8e+05,1,56,5,1,1,286.327134522349
4801399,1,4,1,19,1,1300000,1,71,6,1,1,286.327134522349
4801400,1,1,0,61,4,320000,1,30,4,1,1,241.688071196704
4801401,1,1,1,29,4,1100000,1,56,5,1,1,259.040580642089
4801401,1,2,0,27,4,1300000,1,42,5,5,0,259.040580642089
4801402,1,1,1,49,1,1168666.625,1,48,4,2,0,242.665601412477
4801402,1,2,0,44,3,9e+05,1,48,6,1,1,242.665601412477
4801403,1,1,1,44,1,8e+05,1,60,4,2,1,241.075083555823
4801403,1,2,1,47,4,1e+06,1,84,4,4,1,241.075083555823
4801403,1,3,0,31,1,980000,1,84,6,3,1,241.075083555823
4801403,1,4,0,33,4,6e+05,1,119,5,3,1,241.075083555823
4801405,1,1,0,23,1,1017877.6875,1,40,5,5,0,386.721150496622
4801405,1,2,1,29,1,9e+05,1,50,4,2,1,386.721150496622
4801406,1,1,1,23,4,3e+05,1,84,5,1,1,402.33634438301
4801406,1,2,0,34,1,1029056.5,1,48,5,5,0,402.33634438301
4801407,1,2,1,20,1,1279877.625,1,84,5,4,0,267.643436513611
4801408,1,1,0,51,1,9163211,1,48,5,5,0,267.643436513611
4801409,1,3,0,27,4,2500000,1,50,6,5,0,205.83209808481
4801416,1,1,1,44,5,1500000,1,40,5,2,1,276.968567198036
4801419,1,1,1,46,4,2e+05,1,60,4,1,1,348.597693803337
4801420,1,1,1,38,4,1500000,1,70,6,2,1,385.168143170287
4801421,1,1,1,45,1,841242,1,51,5,3,0,259.805847469454
4801421,1,2,0,46,4,80000,1,15,5,1,1,259.805847469454
4801421,1,3,1,22,1,869453,1,40,6,5,1,259.805847469454
4801421,1,6,0,77,4,2e+05,1,30,5,1,1,259.805847469454
4801426,1,1,0,34,1,1733333.375,1,48,6,5,0,259.040580642089
4801426,1,2,1,53,1,2800000,1,72,6,5,0,259.040580642089
4801428,1,1,1,59,4,350000,1,84,3,2,1,277.155131104347
4801428,1,2,0,52,4,350000,1,84,3,2,1,277.155131104347
4801430,1,1,1,41,1,2064211,1,40,6,5,0,304.863395306473
4801430,1,2,0,39,4,9e+06,1,30,6,1,0,304.863395306473
4801432,1,1,1,33,4,1600000,1,37,6,5,1,277.993163318703
4801432,1,2,0,33,1,1763333.375,1,40,6,5,0,277.993163318703
4801433,1,1,1,62,1,1200000,1,48,3,5,0,304.863395306473
4801433,1,3,1,26,1,1353314.5,1,48,6,5,0,304.863395306473
4801433,1,4,0,32,1,964556.5,1,66,6,5,0,304.863395306473
4801434,1,1,1,36,1,1414211,1,40,5,4,0,276.968567198036
4801436,1,2,1,40,4,1200000,1,50,6,1,1,207.347594880825
4801436,1,3,0,38,4,2e+06,1,38,6,1,1,207.347594880825
4801438,1,1,0,34,1,5770666.5,1,40,6,5,0,259.078091172409
4801439,1,2,1,31,4,1600000,1,48,6,4,0,241.650560666384
4801440,1,1,1,42,1,1410877.625,1,48,6,5,0,330.66970724739
4801440,1,2,0,38,1,1769211,1,48,5,5,0,330.66970724739
4801442,1,2,1,25,4,6e+05,1,60,3,1,1,295.045607129974
4801446,1,1,1,42,1,2900000,1,48,6,5,0,259.040580642089
4801446,1,2,0,42,1,6751666.5,1,48,6,5,0,259.040580642089
4801449,1,1,1,58,1,7166666.5,1,40,6,5,0,259.765111128641
4801449,1,2,0,57,4,1500000,1,48,6,1,0,259.765111128641
4801469,1,1,1,24,1,934453,1,48,3,3,0,269.158933309626
4801469,1,3,1,28,1,934453,1,48,3,4,0,269.158933309626
4804222,1,1,0,46,1,3703333.25,1,48,6,5,0,516.486569537091
4804222,1,2,1,54,1,1300000,1,47,6,5,0,516.486569537091
4804222,1,3,0,25,4,4500000,1,58,6,5,0,516.486569537091
4804223,1,1,1,41,4,2e+06,1,77,3,1,1,289.354403446964
4804224,1,2,0,38,4,6e+05,1,72,4,2,1,145.635355425806
4804224,1,5,1,37,1,5e+05,1,82,3,2,1,145.635355425806
4804224,1,7,1,34,1,630000,1,48,4,3,1,145.635355425806
4804362,1,1,1,59,4,1200000,1,72,4,1,1,260.780151874735
4804362,1,2,0,53,4,120000,1,60,4,1,0,260.780151874735
4804363,1,1,0,55,4,1e+05,1,84,3,1,1,307.291945377485
4804363,1,2,1,29,4,7e+05,1,40,3,1,1,307.291945377485
4804365,1,1,0,44,4,6e+05,1,48,1,1,1,242.665601412477
4804366,1,1,1,65,5,1e+05,1,24,6,2,0,295.083117660293
4804367,1,1,0,53,1,781242,1,84,4,2,1,259.040580642089
4804367,1,2,1,51,4,1e+06,1,72,5,1,1,259.040580642089
4804413,1,3,1,25,4,781242,1,48,5,2,1,322.066851375868
4804413,2,1,1,25,1,1649583.375,1,48,6,5,0,322.066851375868
4804452,1,1,1,39,1,7e+05,1,70,6,2,1,413.891448118507
4804452,1,2,0,24,1,750000,1,60,4,3,1,413.891448118507
4804452,1,5,0,29,1,5e+05,1,50,4,2,1,413.891448118507
4804452,1,6,1,27,1,7e+05,1,60,5,2,1,413.891448118507
4804453,1,1,1,79,4,6e+05,1,15,4,2,0,233.379248186731
4804453,1,3,0,52,4,70000,1,5,6,1,1,233.379248186731
4804453,1,5,1,64,4,7e+05,1,48,5,1,1,233.379248186731
4804453,1,6,1,24,1,1088000,1,48,6,5,0,233.379248186731
4804453,1,8,0,50,1,1146544.375,1,55,5,2,0,233.379248186731
4804453,1,9,1,23,4,2e+05,1,5,6,1,1,233.379248186731
4804454,1,1,1,27,1,916119.6875,1,48,5,5,0,386.721150496622
4804454,1,2,0,24,1,1003666.6875,1,70,5,5,0,386.721150496622
4804455,1,1,0,36,1,6675000,1,60,6,5,0,341.056944582802
